lat,lon,risk_level,confidence,prob_high,prob_low,prob_medium
53.18,-2.22,Medium,0.5556704,0.34038073,0.103948876,0.5556704
53.18,-2.2,High,0.99390185,0.99390185,0.0005533962,0.0055448157
53.18,-2.14,Low,0.4780605,0.06487506,0.4780605,0.4570645
53.18,-2.12,High,0.6215663,0.6215663,0.017067036,0.36136666
53.18,-2.1,Medium,0.61344224,0.10132625,0.28523153,0.61344224
53.18,-2.08,Low,0.514692,0.039127488,0.514692,0.44618055
53.18,-2.06,Medium,0.48349148,0.2801049,0.23640357,0.48349148
53.2,-2.2600000000000002,Low,0.58428913,0.025163021,0.58428913,0.39054787
53.2,-2.24,Low,0.59644395,0.045252796,0.59644395,0.35830328
53.2,-2.22,Medium,0.50356907,0.4610592,0.035371743,0.50356907
53.2,-2.2,High,0.82852566,0.82852566,0.0064657466,0.16500853
53.2,-2.18,High,0.8769078,0.8769078,0.012247261,0.11084492
53.2,-2.16,High,0.5887011,0.5887011,0.017531825,0.39376703
53.2,-2.14,High,0.6962385,0.6962385,0.022375813,0.28138566
53.2,-2.12,High,0.8674881,0.8674881,0.003289713,0.12922224
53.2,-2.1,Low,0.49678823,0.041526373,0.49678823,0.46168536
53.2,-2.08,High,0.58663434,0.58663434,0.07048977,0.34287584
53.2,-2.06,Low,0.47277758,0.10818461,0.47277758,0.41903785
53.2,-2.04,Medium,0.5066066,0.30664894,0.18674442,0.5066066
53.2,-2.02,Medium,0.5444338,0.13093524,0.32463098,0.5444338
53.2,-2.0,Medium,0.50534874,0.048388004,0.44626322,0.50534874
53.22,-2.2800000000000002,High,0.87755907,0.87755907,0.0031476747,0.11929331
53.22,-2.2600000000000002,High,0.6208265,0.6208265,0.029524935,0.3496486
53.22,-2.24,Medium,0.4916832,0.42470938,0.08360738,0.4916832
53.22,-2.22,High,0.86151713,0.86151713,0.0035425546,0.13494027
53.22,-2.2,Medium,0.5460313,0.26187918,0.19208953,0.5460313
53.22,-2.18,High,0.68230647,0.68230647,0.014220022,0.30347353
53.22,-2.16,High,0.76160127,0.76160127,0.023027612,0.2153711
53.22,-2.14,High,0.8440478,0.8440478,0.01624501,0.13970716
53.22,-2.12,High,0.67424595,0.67424595,0.014779414,0.31097466
53.22,-2.1,High,0.71196955,0.71196955,0.01225412,0.27577633
53.22,-2.08,High,0.6532237,0.6532237,0.013550266,0.333226
53.22,-2.06,Medium,0.55138487,0.20876586,0.23984925,0.55138487
53.22,-2.02,Medium,0.48201466,0.20954628,0.3084391,0.48201466
53.24,-2.3000000000000003,High,0.54020923,0.54020923,0.022766585,0.43702418
53.24,-2.2800000000000002,Medium,0.51221114,0.20407958,0.28370923,0.51221114
53.24,-2.2600000000000002,High,0.5527433,0.5527433,0.05655003,0.39070666
53.24,-2.24,High,0.9206331,0.9206331,0.004255188,0.07511169
53.24,-2.22,Medium,0.5343273,0.37365776,0.09201492,0.5343273
53.24,-2.2,Medium,0.49929503,0.43450433,0.06620069,0.49929503
53.24,-2.18,High,0.80952114,0.80952114,0.00376344,0.18671544
53.24,-2.16,High,0.9945199,0.9945199,0.00054463756,0.004935547
53.24,-2.14,High,0.9979824,0.9979824,0.00027717,0.0017404299
53.24,-2.12,High,0.9968606,0.9968606,0.00027735048,0.0028620805
53.24,-2.1,High,0.99369144,0.99369144,0.00043210483,0.005876396
53.24,-2.08,High,0.59700793,0.59700793,0.055988446,0.3470036
53.24,-2.06,Medium,0.5480926,0.11430178,0.3376056,0.5480926
53.24,-2.04,Low,0.7349211,0.011189335,0.7349211,0.25388953
53.24,-2.02,Low,0.6278347,0.032061983,0.6278347,0.34010336
53.24,-2.0,Low,0.65895367,0.021293666,0.65895367,0.3197527
53.24,-1.94,High,0.9144682,0.9144682,0.0022223017,0.08330954
53.24,-1.92,Medium,0.51105994,0.35139576,0.13754432,0.51105994
53.24,-1.9000000000000001,High,0.9961874,0.9961874,0.00061478117,0.003197898
53.26,-2.3000000000000003,High,0.67484665,0.67484665,0.018350847,0.3068025
53.26,-2.2800000000000002,High,0.88074976,0.88074976,0.0045472123,0.11470303
53.26,-2.2600000000000002,High,0.9830536,0.9830536,0.0005238112,0.016422529
53.26,-2.24,Medium,0.5974307,0.35169062,0.050878618,0.5974307
53.26,-2.22,High,0.5062662,0.5062662,0.121430844,0.37230295
53.26,-2.2,Medium,0.51231754,0.44650963,0.04117284,0.51231754
53.26,-2.18,High,0.9663037,0.9663037,0.0013027973,0.032393474
53.26,-2.16,High,0.99665016,0.99665016,0.00027016058,0.003079732
53.26,-2.14,High,0.9965084,0.9965084,0.00028302753,0.0032084852
53.26,-2.12,High,0.9961234,0.9961234,0.0003530678,0.0035235437
53.26,-2.1,High,0.9980065,0.9980065,0.00020395067,0.0017895497
53.26,-2.08,High,0.89522755,0.89522755,0.0017941691,0.10297832
53.26,-2.06,Medium,0.5309527,0.26004478,0.20900248,0.5309527
53.26,-2.04,Medium,0.5284258,0.08933824,0.38223594,0.5284258
53.26,-2.02,Medium,0.551702,0.27261934,0.1756787,0.551702
53.26,-2.0,Low,0.72633183,0.043040857,0.72633183,0.23062731
53.26,-1.94,High,0.97997516,0.97997516,0.0018573502,0.01816754
53.26,-1.92,High,0.9936799,0.9936799,0.00055449177,0.0057655573
53.26,-1.9000000000000001,High,0.99540085,0.99540085,0.00027740005,0.0043218224
53.26,-1.8800000000000001,Low,0.5590941,0.058467574,0.5590941,0.38243836
53.26,-1.86,Medium,0.49964365,0.053471595,0.44688475,0.49964365
53.26,-1.84,Medium,0.58740604,0.03874714,0.37384683,0.58740604
53.26,-1.82,High,0.5261905,0.5261905,0.050532963,0.42327648
53.26,-1.8,Medium,0.5632904,0.16059826,0.27611133,0.5632904
53.28,-2.3000000000000003,Medium,0.5924808,0.10897151,0.29854777,0.5924808
53.28,-2.2800000000000002,High,0.98553663,0.98553663,0.0008921575,0.013571227
53.28,-2.2600000000000002,High,0.9046404,0.9046404,0.005113602,0.090245984
53.28,-2.24,High,0.99207145,0.99207145,0.0005048485,0.00742367
53.28,-2.22,High,0.7848298,0.7848298,0.006631456,0.20853877
53.28,-2.2,High,0.9223799,0.9223799,0.0032214825,0.07439857
53.28,-2.18,High,0.95238155,0.95238155,0.0019610028,0.045657493
53.28,-2.16,High,0.9957722,0.9957722,0.00018718472,0.004040582
53.28,-2.14,High,0.99756646,0.99756646,0.000296145,0.0021374214
53.28,-2.12,High,0.998092,0.998092,0.0002861754,0.0016218231
53.28,-2.1,High,0.9602082,0.9602082,0.001787315,0.038004536
53.28,-2.08,High,0.99373853,0.99373853,0.00033335513,0.0059280745
53.28,-2.06,Medium,0.5752412,0.26768303,0.15707573,0.5752412
53.28,-2.04,Medium,0.5010618,0.40056083,0.09837741,0.5010618
53.28,-2.02,Low,0.6729921,0.025394073,0.6729921,0.30161384
53.28,-1.98,Low,0.77894574,0.0064287633,0.77894574,0.21462542
53.28,-1.96,Medium,0.6004555,0.20961614,0.18992837,0.6004555
53.28,-1.9000000000000001,High,0.5953972,0.5953972,0.016961487,0.38764134
53.28,-1.8800000000000001,High,0.9921794,0.9921794,0.00046426844,0.007356303
53.28,-1.86,High,0.82131875,0.82131875,0.005064248,0.17361705
53.28,-1.84,Medium,0.53238237,0.07168621,0.39593142,0.53238237
53.28,-1.82,Medium,0.52129126,0.27221373,0.20649505,0.52129126
53.300000000000004,-2.3000000000000003,High,0.5393143,0.5393143,0.06735605,0.39332965
53.300000000000004,-2.2800000000000002,High,0.94073635,0.94073635,0.0015697235,0.05769399
53.300000000000004,-2.2600000000000002,High,0.9700364,0.9700364,0.00047434965,0.029489256
53.300000000000004,-2.24,High,0.99800915,0.99800915,0.00023567933,0.0017551596
53.300000000000004,-2.22,High,0.9953055,0.9953055,0.00042547862,0.0042690733
53.300000000000004,-2.2,High,0.6758285,0.6758285,0.010290393,0.31388104
53.300000000000004,-2.18,High,0.9946561,0.9946561,0.0002186273,0.0051252483
53.300000000000004,-2.16,High,0.9955354,0.9955354,0.00079292274,0.0036717001
53.300000000000004,-2.14,High,0.99857104,0.99857104,0.00013772515,0.0012912607
53.300000000000004,-2.12,High,0.99579394,0.99579394,0.00029616794,0.003909881
53.300000000000004,-2.1,High,0.9970433,0.9970433,0.00020659274,0.002750092
53.300000000000004,-2.08,High,0.9819719,0.9819719,0.0006075786,0.017420523
53.300000000000004,-2.06,High,0.6005413,0.6005413,0.032885958,0.36657274
53.300000000000004,-2.04,Low,0.6176738,0.030786462,0.6176738,0.3515398
53.300000000000004,-2.02,High,0.75358844,0.75358844,0.014046087,0.23236549
53.300000000000004,-2.0,Medium,0.5107446,0.39651787,0.092737526,0.5107446
53.300000000000004,-1.98,High,0.71956784,0.71956784,0.011272859,0.26915932
53.300000000000004,-1.96,High,0.6247104,0.6247104,0.062109724,0.31317985
53.300000000000004,-1.94,High,0.9390067,0.9390067,0.0014517283,0.05954157
53.300000000000004,-1.92,High,0.6394002,0.6394002,0.04187012,0.3187297
53.300000000000004,-1.9000000000000001,High,0.8672231,0.8672231,0.0038277286,0.12894924
53.300000000000004,-1.8800000000000001,High,0.9916604,0.9916604,0.003568687,0.004770902
53.300000000000004,-1.86,Medium,0.5721431,0.041768003,0.38608894,0.5721431
53.300000000000004,-1.84,High,0.8888839,0.8888839,0.003785752,0.1073303
53.300000000000004,-1.82,High,0.74988157,0.74988157,0.00961001,0.24050842
53.300000000000004,-1.8,Medium,0.55903727,0.15656869,0.28439406,0.55903727
53.32,-2.2600000000000002,High,0.99560106,0.99560106,0.00023560131,0.004163368
53.32,-2.24,High,0.9969003,0.9969003,0.0003360594,0.0027636574
53.32,-2.22,High,0.99664176,0.99664176,0.00030561548,0.0030525895
53.32,-2.2,High,0.98227733,0.98227733,0.00069804135,0.017024655
53.32,-2.18,High,0.9586344,0.9586344,0.0007030391,0.040662568
53.32,-2.16,High,0.82371634,0.82371634,0.008342857,0.1679408
53.32,-2.14,High,0.94028795,0.94028795,0.0008785456,0.058833454
53.32,-2.12,High,0.83241326,0.83241326,0.005638828,0.16194788
53.32,-2.1,High,0.9430656,0.9430656,0.002042432,0.05489193
53.32,-2.08,High,0.9751458,0.9751458,0.0006725426,0.024181662
53.32,-2.06,Medium,0.57400453,0.0389737,0.38702178,0.57400453
53.32,-2.02,High,0.86631,0.86631,0.009303487,0.12438649
53.32,-2.0,High,0.97808707,0.97808707,0.0005003905,0.021412566
53.32,-1.98,High,0.9983962,0.9983962,0.00020239949,0.0014014115
53.32,-1.96,High,0.9034594,0.9034594,0.0019893155,0.09455132
53.32,-1.94,High,0.87843,0.87843,0.0024408072,0.11912917
53.32,-1.92,High,0.99144065,0.99144065,0.00065217586,0.007907183
53.32,-1.9000000000000001,High,0.9979017,0.9979017,0.00025915657,0.0018391865
53.32,-1.8800000000000001,High,0.67671627,0.67671627,0.017699273,0.3055845
53.32,-1.86,High,0.6126904,0.6126904,0.064438686,0.32287097
53.32,-1.84,Medium,0.44257757,0.26681608,0.29060632,0.44257757
53.32,-1.82,Medium,0.54984117,0.19748157,0.25267723,0.54984117
53.34,-2.3000000000000003,Low,0.59514236,0.030075006,0.59514236,0.3747826
53.34,-2.2800000000000002,Medium,0.5133397,0.34560952,0.14105076,0.5133397
53.34,-2.2600000000000002,High,0.9962368,0.9962368,0.00018373433,0.0035794715
53.34,-2.24,High,0.9967842,0.9967842,0.00026536913,0.0029504022
53.34,-2.22,High,0.9965934,0.9965934,0.0003340617,0.003072446
53.34,-2.2,High,0.9972886,0.9972886,0.00027853216,0.0024329238
53.34,-2.18,High,0.96443,0.96443,0.0008911755,0.034678824
53.34,-2.16,High,0.9929832,0.9929832,0.00022260642,0.006794158
53.34,-2.14,High,0.9983999,0.9983999,0.0001798095,0.0014202923
53.34,-2.12,High,0.9971475,0.9971475,0.00025095238,0.0026015593
53.34,-2.1,High,0.9979348,0.9979348,0.00023502503,0.0018301177
53.34,-2.08,High,0.9973055,0.9973055,0.0003477459,0.0023467666
53.34,-2.06,Medium,0.62397605,0.26400632,0.11201761,0.62397605
53.34,-2.04,Medium,0.6313802,0.29949293,0.06912689,0.6313802
53.34,-2.02,Medium,0.5905184,0.24791496,0.16156667,0.5905184
53.34,-2.0,High,0.99528223,0.99528223,0.00065905956,0.004058645
53.34,-1.98,High,0.99840134,0.99840134,0.00015310111,0.0014455639
53.34,-1.96,High,0.96067905,0.96067905,0.0011008196,0.038220134
53.34,-1.94,High,0.99573225,0.99573225,0.00048310874,0.0037846752
53.34,-1.92,High,0.5859556,0.5859556,0.009961976,0.40408242
53.34,-1.9000000000000001,High,0.691448,0.691448,0.016302278,0.29224974
53.34,-1.8800000000000001,Medium,0.56744283,0.12108512,0.31147206,0.56744283
53.34,-1.86,Low,0.71436435,0.018871827,0.71436435,0.26676384
53.34,-1.84,Low,0.73600274,0.011608962,0.73600274,0.25238833
53.36,-2.36,High,0.86748046,0.86748046,0.010467513,0.12205208
53.36,-2.34,High,0.74936914,0.74936914,0.004578567,0.24605228
53.36,-2.32,High,0.99647766,0.99647766,0.000352356,0.00316994
53.36,-2.2800000000000002,Medium,0.6686377,0.081845045,0.24951728,0.6686377
53.36,-2.2600000000000002,High,0.9979248,0.9979248,0.00019045227,0.0018846659
53.36,-2.24,High,0.8130889,0.8130889,0.0046827816,0.18222831
53.36,-2.22,High,0.99657154,0.99657154,0.00028670847,0.0031418037
53.36,-2.2,High,0.99685436,0.99685436,0.00028592415,0.0028597012
53.36,-2.18,High,0.99799865,0.99799865,0.00018822224,0.0018130846
53.36,-2.16,High,0.9953551,0.9953551,0.00031239944,0.004332505
53.36,-2.14,High,0.9967615,0.9967615,0.00017519768,0.0030633432
53.36,-2.12,High,0.9962262,0.9962262,0.00027820573,0.0034956452
53.36,-2.1,High,0.9938632,0.9938632,0.0011868542,0.004949963
53.36,-2.08,High,0.99812144,0.99812144,0.00019696947,0.0016816127
53.36,-2.06,High,0.9974554,0.9974554,0.00022441546,0.0023202172
53.36,-2.04,High,0.9976864,0.9976864,0.00019439825,0.0021192636
53.36,-2.02,High,0.9948485,0.9948485,0.00037443847,0.0047770687
53.36,-2.0,High,0.9970796,0.9970796,0.00023610382,0.0026842968
53.36,-1.98,High,0.9959901,0.9959901,0.00035905596,0.0036508876
53.36,-1.96,High,0.5748549,0.5748549,0.080339134,0.34480593
53.36,-1.94,High,0.8201828,0.8201828,0.011189793,0.16862738
53.36,-1.92,High,0.6436693,0.6436693,0.0098511735,0.34647954
53.38,-2.4,Medium,0.48131007,0.29295856,0.22573137,0.48131007
53.38,-2.38,High,0.9951363,0.9951363,0.00022222931,0.0046415
53.38,-2.36,High,0.9977149,0.9977149,0.00024300453,0.002042183
53.38,-2.34,High,0.9980755,0.9980755,0.00021319887,0.0017112951
53.38,-2.32,High,0.9869012,0.9869012,0.0006824811,0.012416265
53.38,-2.3000000000000003,High,0.5063618,0.5063618,0.083767995,0.40987024
53.38,-2.2800000000000002,High,0.98924226,0.98924226,0.0013353572,0.009422443
53.38,-2.2600000000000002,High,0.99709404,0.99709404,0.0002599886,0.0026459848
53.38,-2.24,High,0.9965429,0.9965429,0.00036289447,0.0030941945
53.38,-2.22,High,0.9975648,0.9975648,0.00026159847,0.0021736743
53.38,-2.2,High,0.9965115,0.9965115,0.00031908622,0.0031693813
53.38,-2.18,High,0.9975776,0.9975776,0.00024547696,0.0021769644
53.38,-2.16,High,0.9972857,0.9972857,0.00031153276,0.0024027985
53.38,-2.14,High,0.9977418,0.9977418,0.00024053843,0.002017633
53.38,-2.12,High,0.992904,0.992904,0.0004921756,0.00660382
53.38,-2.1,High,0.9968669,0.9968669,0.0005449221,0.0025882206
53.38,-2.08,High,0.99786645,0.99786645,0.000290416,0.0018431757
53.38,-2.06,High,0.9931559,0.9931559,0.00069829245,0.0061458144
53.38,-2.04,High,0.9907917,0.9907917,0.00051479123,0.008693517
53.38,-2.02,High,0.70834446,0.70834446,0.024018139,0.26763743
53.38,-2.0,High,0.99796957,0.99796957,0.00015950594,0.0018709386
53.38,-1.98,High,0.99823725,0.99823725,0.00021428226,0.0015484233
53.38,-1.96,High,0.99539125,0.99539125,0.0002672507,0.0043415413
53.38,-1.94,High,0.9942017,0.9942017,0.00031019078,0.005488032
53.38,-1.92,Medium,0.5187813,0.3757596,0.10545906,0.5187813
53.38,-1.9000000000000001,Low,0.73065275,0.020910354,0.73065275,0.24843687
53.4,-2.5,Medium,0.5608858,0.4106633,0.02845091,0.5608858
53.4,-2.48,Medium,0.58313274,0.39101392,0.025853392,0.58313274
53.4,-2.46,High,0.9601174,0.9601174,0.0021488161,0.0377338
53.4,-2.4,Medium,0.59463257,0.33633956,0.06902788,0.59463257
53.4,-2.38,High,0.9293443,0.9293443,0.0014272575,0.069228426
53.4,-2.36,High,0.99102026,0.99102026,0.00057724083,0.008402437
53.4,-2.34,High,0.99759644,0.99759644,0.00026213823,0.0021414156
53.4,-2.32,High,0.99794704,0.99794704,0.0002940024,0.0017589487
53.4,-2.3000000000000003,High,0.9960039,0.9960039,0.0003304046,0.0036656698
53.4,-2.2800000000000002,High,0.97550356,0.97550356,0.0022407242,0.022255672
53.4,-2.2600000000000002,High,0.9968773,0.9968773,0.00033333825,0.0027893144
53.4,-2.24,High,0.99694985,0.99694985,0.00028891143,0.0027612695
53.4,-2.22,High,0.99843484,0.99843484,0.00024409442,0.001321015
53.4,-2.2,High,0.9965659,0.9965659,0.00027068134,0.0031634555
53.4,-2.18,High,0.997523,0.997523,0.00031035978,0.0021666677
53.4,-2.16,High,0.9975459,0.9975459,0.0002476139,0.0022064305
53.4,-2.14,High,0.99695635,0.99695635,0.00023757452,0.0028060798
53.4,-2.12,High,0.99820745,0.99820745,0.00028635078,0.0015062258
53.4,-2.1,High,0.9969258,0.9969258,0.00036972677,0.002704507
53.4,-2.08,High,0.9968876,0.9968876,0.00026945473,0.0028428992
53.4,-2.06,High,0.99641705,0.99641705,0.00023117068,0.0033517955
53.4,-2.04,High,0.99857295,0.99857295,0.00019365724,0.0012334387
53.4,-2.02,High,0.9965514,0.9965514,0.0003218076,0.0031267279
53.4,-2.0,High,0.5827104,0.5827104,0.014797563,0.4024921
53.4,-1.98,High,0.80248034,0.80248034,0.03190634,0.16561331
53.4,-1.96,Medium,0.6382443,0.071885936,0.28986976,0.6382443
53.4,-1.94,High,0.52188426,0.52188426,0.102076165,0.37603953
53.42,-2.54,High,0.9976864,0.9976864,0.00032902916,0.0019845571
53.42,-2.52,High,0.99672794,0.99672794,0.000331539,0.0029405225
53.42,-2.5,High,0.9975331,0.9975331,0.0003756201,0.00209128
53.42,-2.48,High,0.6743111,0.6743111,0.01860527,0.30708367
53.42,-2.46,High,0.9962908,0.9962908,0.0003175519,0.0033916712
53.42,-2.44,High,0.99827015,0.99827015,0.00019209906,0.0015377286
53.42,-2.42,High,0.9980813,0.9980813,0.000270588,0.0016481233
53.42,-2.4,Medium,0.67319596,0.13029772,0.19650635,0.67319596
53.42,-2.38,High,0.47188723,0.47188723,0.11203,0.4160828
53.42,-2.36,High,0.9978828,0.9978828,0.00025223027,0.0018649483
53.42,-2.34,High,0.99855536,0.99855536,0.00017653817,0.0012681036
53.42,-2.32,High,0.9976936,0.9976936,0.00021732046,0.0020890606
53.42,-2.3000000000000003,High,0.9971341,0.9971341,0.00030461798,0.0025612477
53.42,-2.2800000000000002,High,0.99134797,0.99134797,0.00063037104,0.008021621
53.42,-2.2600000000000002,High,0.9975116,0.9975116,0.0002547067,0.0022336678
53.42,-2.24,High,0.99785596,0.99785596,0.00023111208,0.001912869
53.42,-2.22,High,0.9971234,0.9971234,0.00023510038,0.0026414588
53.42,-2.2,High,0.99661416,0.99661416,0.0002938747,0.003092016
53.42,-2.18,High,0.99751866,0.99751866,0.00028382207,0.00219754
53.42,-2.16,High,0.9972466,0.9972466,0.00037632548,0.0023771215
53.42,-2.14,High,0.99803156,0.99803156,0.00020404469,0.0017644357
53.42,-2.12,High,0.9972356,0.9972356,0.0002467473,0.0025177228
53.42,-2.1,High,0.9917755,0.9917755,0.0007563945,0.007468041
53.42,-2.08,High,0.9919362,0.9919362,0.0004389351,0.0076248143
53.42,-2.06,High,0.99254054,0.99254054,0.00027555268,0.007183911
53.42,-2.04,High,0.9827055,0.9827055,0.0006763133,0.016618198
53.42,-2.02,High,0.59551,0.59551,0.036617644,0.36787233
53.42,-2.0,High,0.7562165,0.7562165,0.010947489,0.232836
53.42,-1.98,Medium,0.60640293,0.29111603,0.102480985,0.60640293
53.42,-1.96,Medium,0.41270155,0.348316,0.23898245,0.41270155
53.42,-1.94,High,0.5063982,0.5063982,0.11651721,0.3770846
53.44,-2.7,Low,0.42643425,0.24859709,0.42643425,0.32496873
53.44,-2.66,High,0.6412881,0.6412881,0.016322598,0.34238935
53.44,-2.64,High,0.99792373,0.99792373,0.00021088964,0.0018653441
53.44,-2.62,High,0.997827,0.997827,0.00033676773,0.0018361608
53.44,-2.6,Medium,0.7575573,0.08109476,0.16134802,0.7575573
53.44,-2.58,Low,0.5011476,0.091826856,0.5011476,0.40702555
53.44,-2.56,High,0.50444007,0.50444007,0.050418302,0.4451416
53.44,-2.54,Medium,0.46499127,0.39080888,0.14419982,0.46499127
53.44,-2.52,High,0.993486,0.993486,0.00055885524,0.0059551396
53.44,-2.5,High,0.9073606,0.9073606,0.0013427036,0.09129665
53.44,-2.48,High,0.5450841,0.5450841,0.038365904,0.41654995
53.44,-2.46,High,0.9116815,0.9116815,0.0019618939,0.08635665
53.44,-2.44,High,0.97788584,0.97788584,0.000555905,0.021558292
53.44,-2.42,High,0.9974275,0.9974275,0.0002718248,0.002300632
53.44,-2.4,High,0.99689156,0.99689156,0.00024871083,0.0028597151
53.44,-2.38,High,0.99724054,0.99724054,0.00032099808,0.0024384512
53.44,-2.36,High,0.99854565,0.99854565,0.00019843341,0.0012559332
53.44,-2.34,High,0.9980253,0.9980253,0.00018162679,0.0017930812
53.44,-2.32,High,0.99790156,0.99790156,0.00023993813,0.0018585214
53.44,-2.3000000000000003,High,0.99614173,0.99614173,0.00030758322,0.0035506585
53.44,-2.2800000000000002,High,0.9885506,0.9885506,0.0008529575,0.0105964895
53.44,-2.2600000000000002,High,0.99699295,0.99699295,0.00019204422,0.0028150321
53.44,-2.24,High,0.9970632,0.9970632,0.0002716136,0.002665178
53.44,-2.22,High,0.9974637,0.9974637,0.00025379637,0.002282441
53.44,-2.2,High,0.9977585,0.9977585,0.00021241183,0.0020290895
53.44,-2.18,High,0.990743,0.990743,0.00052623905,0.008730749
53.44,-2.16,High,0.9962684,0.9962684,0.00032163892,0.0034099096
53.44,-2.14,High,0.9928726,0.9928726,0.0006336106,0.0064938054
53.44,-2.12,High,0.9879941,0.9879941,0.00054778607,0.011458204
53.44,-2.1,High,0.9964269,0.9964269,0.00036367745,0.0032094484
53.44,-2.08,High,0.9968925,0.9968925,0.00031816517,0.0027893968
53.44,-2.06,High,0.9981285,0.9981285,0.00020327784,0.0016682197
53.44,-2.04,High,0.98726594,0.98726594,0.00036170587,0.012372322
53.44,-2.02,High,0.9974552,0.9974552,0.0002695783,0.0022752138
53.44,-2.0,High,0.9985268,0.9985268,0.00014762885,0.0013255898
53.44,-1.98,High,0.99715936,0.99715936,0.00027046492,0.0025701334
53.44,-1.96,High,0.99551636,0.99551636,0.00027620178,0.0042074635
53.44,-1.94,High,0.99827135,0.99827135,0.00020693975,0.0015217058
53.44,-1.92,High,0.86719143,0.86719143,0.006356214,0.12645234
53.46,-2.7,High,0.9948256,0.9948256,0.00040795174,0.004766429
53.46,-2.68,High,0.9959558,0.9959558,0.00043753232,0.0036066207
53.46,-2.66,High,0.9926237,0.9926237,0.0003772059,0.006999165
53.46,-2.64,High,0.9965496,0.9965496,0.00021811442,0.0032323066
53.46,-2.62,High,0.99721944,0.99721944,0.00019499206,0.0025855445
53.46,-2.6,High,0.96955645,0.96955645,0.0012337063,0.029209822
53.46,-2.58,High,0.9715191,0.9715191,0.0005677912,0.027913053
53.46,-2.56,High,0.99194324,0.99194324,0.00040478996,0.007651923
53.46,-2.54,High,0.52301556,0.52301556,0.030008545,0.4469759
53.46,-2.52,High,0.9925162,0.9925162,0.00045098472,0.0070328033
53.46,-2.5,High,0.8714883,0.8714883,0.005094907,0.12341681
53.46,-2.48,Medium,0.69131064,0.2007623,0.1079271,0.69131064
53.46,-2.46,High,0.8655145,0.8655145,0.005617642,0.12886791
53.46,-2.44,High,0.78065217,0.78065217,0.011470865,0.20787694
53.46,-2.42,High,0.99503833,0.99503833,0.000321395,0.004640228
53.46,-2.4,High,0.9976739,0.9976739,0.00017893099,0.0021471279
53.46,-2.38,High,0.99688333,0.99688333,0.00034523688,0.0027713699
53.46,-2.36,High,0.9985066,0.9985066,0.00015912416,0.0013342273
53.46,-2.34,High,0.99794716,0.99794716,0.0002317837,0.0018211199
53.46,-2.32,High,0.9980545,0.9980545,0.00021540423,0.0017301707
53.46,-2.3000000000000003,High,0.9979315,0.9979315,0.0002769804,0.0017915914
53.46,-2.2800000000000002,High,0.9924258,0.9924258,0.0010995523,0.006474605
53.46,-2.2600000000000002,High,0.99363023,0.99363023,0.0004531383,0.005916636
53.46,-2.24,High,0.9977912,0.9977912,0.00021694638,0.001991939
53.46,-2.22,High,0.9969694,0.9969694,0.00020351366,0.0028271326
53.46,-2.2,High,0.9963291,0.9963291,0.0003314291,0.0033394492
53.46,-2.18,High,0.99484986,0.99484986,0.0003747548,0.0047754045
53.46,-2.16,High,0.9974343,0.9974343,0.0002992261,0.0022665297
53.46,-2.14,High,0.99565864,0.99565864,0.00036582028,0.0039755893
53.46,-2.12,High,0.9978764,0.9978764,0.00024971625,0.0018738904
53.46,-2.1,High,0.9974789,0.9974789,0.00027461775,0.002246427
53.46,-2.08,High,0.996747,0.996747,0.00032504433,0.0029278747
53.46,-2.06,High,0.9976445,0.9976445,0.00021453135,0.0021409467
53.46,-2.04,High,0.9953192,0.9953192,0.001705515,0.0029752254
53.46,-2.02,High,0.984108,0.984108,0.00091941626,0.014972667
53.46,-2.0,High,0.9970716,0.9970716,0.00034283602,0.0025855545
53.46,-1.98,High,0.98829097,0.98829097,0.00082414894,0.010884884
53.46,-1.96,High,0.9968585,0.9968585,0.00029405695,0.0028475032
53.46,-1.94,High,0.9951691,0.9951691,0.00052891654,0.0043019354
53.46,-1.92,High,0.7330888,0.7330888,0.033609238,0.23330201
53.480000000000004,-2.72,High,0.9904772,0.9904772,0.00043091748,0.009091894
53.480000000000004,-2.7,High,0.9145645,0.9145645,0.0017336691,0.083701804
53.480000000000004,-2.68,High,0.9975478,0.9975478,0.00020894318,0.0022432317
53.480000000000004,-2.66,High,0.99818975,0.99818975,0.00022084326,0.001589418
53.480000000000004,-2.64,High,0.9905968,0.9905968,0.00064237235,0.008760872
53.480000000000004,-2.62,High,0.9977597,0.9977597,0.00019735549,0.002042974
53.480000000000004,-2.6,High,0.9912402,0.9912402,0.00069235096,0.0080675185
53.480000000000004,-2.58,High,0.97738886,0.97738886,0.0008000635,0.021811135
53.480000000000004,-2.56,High,0.99668616,0.99668616,0.00026031135,0.0030535946
53.480000000000004,-2.54,High,0.9975413,0.9975413,0.00040510626,0.0020535623
53.480000000000004,-2.52,High,0.99755657,0.99755657,0.00045839438,0.00198497
53.480000000000004,-2.5,High,0.99630827,0.99630827,0.0002471339,0.003444522
53.480000000000004,-2.48,High,0.83533037,0.83533037,0.018308206,0.14636141
53.480000000000004,-2.46,High,0.9110293,0.9110293,0.0015998952,0.08737079
53.480000000000004,-2.44,High,0.79742783,0.79742783,0.0043581906,0.198214
53.480000000000004,-2.42,Medium,0.4627796,0.42746776,0.109752625,0.4627796
53.480000000000004,-2.4,Medium,0.41618395,0.3532813,0.23053473,0.41618395
53.480000000000004,-2.38,High,0.9959204,0.9959204,0.00036874524,0.0037108134
53.480000000000004,-2.36,High,0.9961099,0.9961099,0.00034992545,0.0035401485
53.480000000000004,-2.34,High,0.9982444,0.9982444,0.00025395918,0.0015016882
53.480000000000004,-2.32,High,0.9844118,0.9844118,0.0008168157,0.014771408
53.480000000000004,-2.3000000000000003,High,0.99820316,0.99820316,0.00016174908,0.0016350417
53.480000000000004,-2.2800000000000002,High,0.98796767,0.98796767,0.0012808945,0.010751424
53.480000000000004,-2.2600000000000002,High,0.99659353,0.99659353,0.00036326508,0.0030432323
53.480000000000004,-2.24,High,0.99667203,0.99667203,0.00036133145,0.002966572
53.480000000000004,-2.22,High,0.9963199,0.9963199,0.00030192803,0.003378154
53.480000000000004,-2.2,High,0.9973616,0.9973616,0.0002788364,0.0023595751
53.480000000000004,-2.18,High,0.99672985,0.99672985,0.0002301845,0.0030399715
53.480000000000004,-2.16,High,0.9962269,0.9962269,0.00033441687,0.003438694
53.480000000000004,-2.14,High,0.99750453,0.99750453,0.00029717395,0.002198319
53.480000000000004,-2.12,High,0.99701226,0.99701226,0.00022856728,0.0027591402
53.480000000000004,-2.1,High,0.9967692,0.9967692,0.00032635115,0.002904445
53.480000000000004,-2.08,High,0.99543613,0.99543613,0.00048471018,0.0040791025
53.480000000000004,-2.06,High,0.993845,0.993845,0.0004136209,0.005741405
53.480000000000004,-2.04,High,0.99750984,0.99750984,0.00024135629,0.0022488225
53.480000000000004,-2.02,High,0.9888206,0.9888206,0.0005609357,0.010618435
53.480000000000004,-2.0,High,0.4546597,0.4546597,0.09372474,0.45161554
53.480000000000004,-1.98,High,0.77439326,0.77439326,0.0052535315,0.22035317
53.480000000000004,-1.96,High,0.73709005,0.73709005,0.119760156,0.14314976
53.480000000000004,-1.94,High,0.61162925,0.61162925,0.07210703,0.31626368
53.480000000000004,-1.92,Medium,0.4436646,0.17056045,0.38577497,0.4436646
53.5,-2.84,Medium,0.49282652,0.041145656,0.46602783,0.49282652
53.5,-2.72,High,0.9971257,0.9971257,0.00032980877,0.0025444569
53.5,-2.7,High,0.99806875,0.99806875,0.00023578265,0.0016955027
53.5,-2.68,High,0.99226564,0.99226564,0.00035273706,0.0073816036
53.5,-2.66,High,0.9970421,0.9970421,0.00036151614,0.0025963672
53.5,-2.64,High,0.997649,0.997649,0.00022215435,0.0021288057
53.5,-2.62,High,0.99815816,0.99815816,0.00020169867,0.0016400965
53.5,-2.6,High,0.9964725,0.9964725,0.0004271998,0.003100384
53.5,-2.58,High,0.97492,0.97492,0.0009526838,0.024127392
53.5,-2.56,High,0.9149338,0.9149338,0.0013339072,0.08373235
53.5,-2.54,High,0.9951348,0.9951348,0.00034409208,0.004521181
53.5,-2.52,High,0.992015,0.992015,0.0006933135,0.007291683
53.5,-2.5,High,0.9974426,0.9974426,0.0002612244,0.0022961248
53.5,-2.48,High,0.9979359,0.9979359,0.000192084,0.0018719962
53.5,-2.46,High,0.9961733,0.9961733,0.00039184158,0.003434866
53.5,-2.44,High,0.9977475,0.9977475,0.00028971117,0.001962813
53.5,-2.42,High,0.9966822,0.9966822,0.00027953094,0.0030381875
53.5,-2.4,High,0.8322232,0.8322232,0.0030329255,0.16474387
53.5,-2.38,High,0.9985245,0.9985245,0.00015410487,0.0013213931
53.5,-2.36,High,0.9981775,0.9981775,0.00023797988,0.0015844814
53.5,-2.34,High,0.99677014,0.99677014,0.00029984387,0.0029299844
53.5,-2.32,High,0.99432194,0.99432194,0.0003001836,0.0053778244
53.5,-2.3000000000000003,High,0.9974027,0.9974027,0.0002584311,0.0023388546
53.5,-2.2800000000000002,High,0.9888819,0.9888819,0.0016290158,0.009489128
53.5,-2.2600000000000002,High,0.9946531,0.9946531,0.00043271692,0.004914186
53.5,-2.24,High,0.997818,0.997818,0.00024941345,0.0019325411
53.5,-2.22,High,0.9968972,0.9968972,0.00028588137,0.0028169234
53.5,-2.2,High,0.99449366,0.99449366,0.00031491334,0.0051914216
53.5,-2.18,High,0.9967751,0.9967751,0.00029568525,0.0029292167
53.5,-2.16,High,0.9976814,0.9976814,0.00020641607,0.00211218
53.5,-2.14,High,0.9969861,0.9969861,0.00032697018,0.0026869033
53.5,-2.12,High,0.9977787,0.9977787,0.00021700906,0.00200422
53.5,-2.1,High,0.992113,0.992113,0.0004933644,0.007393645
53.5,-2.08,High,0.99570674,0.99570674,0.00021092924,0.0040823636
53.5,-2.06,High,0.99794096,0.99794096,0.00025638004,0.001802669
53.5,-2.04,High,0.9871263,0.9871263,0.00060525956,0.012268429
53.5,-2.02,High,0.99407506,0.99407506,0.0029100708,0.0030148071
53.5,-1.86,Low,0.8480596,0.0036496334,0.8480596,0.1482908
53.52,-2.88,High,0.7637085,0.7637085,0.013853934,0.22243766
53.52,-2.86,High,0.48366642,0.48366642,0.04364884,0.47268474
53.52,-2.84,High,0.6710993,0.6710993,0.008937351,0.31996334
53.52,-2.82,Medium,0.5522186,0.09155159,0.35622978,0.5522186
53.52,-2.8000000000000003,Medium,0.56750554,0.24873836,0.1837561,0.56750554
53.52,-2.7800000000000002,Low,0.5840206,0.032866325,0.5840206,0.3831131
53.52,-2.7600000000000002,High,0.88185346,0.88185346,0.00541208,0.11273442
53.52,-2.74,High,0.5525276,0.5525276,0.0720312,0.37544116
53.52,-2.72,High,0.9980703,0.9980703,0.00021489632,0.0017148829
53.52,-2.7,High,0.98630905,0.98630905,0.00042762767,0.013263255
53.52,-2.68,High,0.99656194,0.99656194,0.00039252808,0.0030455322
53.52,-2.66,High,0.9929668,0.9929668,0.0004630029,0.006570286
53.52,-2.64,High,0.99456054,0.99456054,0.0007403796,0.004699062
53.52,-2.62,High,0.99759907,0.99759907,0.00017077937,0.0022301471
53.52,-2.6,High,0.9972677,0.9972677,0.0003097142,0.0024226243
53.52,-2.58,High,0.9969873,0.9969873,0.0005052767,0.0025075027
53.52,-2.56,High,0.7851329,0.7851329,0.0023455836,0.2125215
53.52,-2.54,High,0.9975762,0.9975762,0.00022832173,0.0021955278
53.52,-2.52,High,0.99793506,0.99793506,0.00033486556,0.0017301303
53.52,-2.5,High,0.9924952,0.9924952,0.0005126089,0.006992158
53.52,-2.48,High,0.99721247,0.99721247,0.00028839504,0.002499163
53.52,-2.46,High,0.994888,0.994888,0.0003946173,0.0047173738
53.52,-2.44,High,0.99701047,0.99701047,0.0002074475,0.0027820778
53.52,-2.42,High,0.9973489,0.9973489,0.0002989558,0.002352167
53.52,-2.4,High,0.9920879,0.9920879,0.0007994188,0.0071126875
53.52,-2.38,High,0.99747735,0.99747735,0.00042850402,0.0020941284
53.52,-2.36,High,0.9980286,0.9980286,0.000325665,0.0016457282
53.52,-2.34,High,0.9945464,0.9945464,0.00044145333,0.0050121015
53.52,-2.32,High,0.9918893,0.9918893,0.0005824849,0.0075282347
53.52,-2.3000000000000003,High,0.99789894,0.99789894,0.00036722046,0.0017337956
53.52,-2.2800000000000002,High,0.9919939,0.9919939,0.0009448382,0.007061262
53.52,-2.2600000000000002,High,0.9953815,0.9953815,0.0003184977,0.0043000905
53.52,-2.24,High,0.9976277,0.9976277,0.00027240827,0.0020998942
53.52,-2.22,High,0.9973942,0.9973942,0.0002191119,0.0023866475
53.52,-2.2,High,0.99643916,0.99643916,0.0003204527,0.0032403183
53.52,-2.18,High,0.99757606,0.99757606,0.00031963066,0.0021043092
53.52,-2.16,High,0.99748766,0.99748766,0.00028565896,0.0022266638
53.52,-2.14,High,0.99610597,0.99610597,0.00028096416,0.0036130399
53.52,-2.12,High,0.9920021,0.9920021,0.0005305428,0.007467326
53.52,-2.1,High,0.9977792,0.9977792,0.0002453379,0.0019754763
53.52,-2.08,High,0.99676836,0.99676836,0.0003404277,0.002891186
53.52,-2.06,High,0.9969567,0.9969567,0.000337948,0.0027054036
53.52,-2.04,High,0.98832244,0.98832244,0.0005237704,0.011153781
53.52,-2.02,High,0.996311,0.996311,0.0004980353,0.0031909554
53.52,-2.0,Medium,0.5409467,0.32346055,0.13559273,0.5409467
53.52,-1.98,High,0.43853903,0.43853903,0.15477212,0.4066889
53.54,-2.88,High,0.8728475,0.8728475,0.002949177,0.12420337
53.54,-2.86,High,0.8726787,0.8726787,0.0035602704,0.12376101
53.54,-2.84,High,0.9860795,0.9860795,0.00049772527,0.013422745
53.54,-2.82,High,0.9174535,0.9174535,0.001171659,0.08137476
53.54,-2.8000000000000003,High,0.99241865,0.99241865,0.0005338755,0.0070475033
53.54,-2.7800000000000002,High,0.9897451,0.9897451,0.0011593361,0.00909559
53.54,-2.7600000000000002,High,0.9938445,0.9938445,0.00044080868,0.0057146843
53.54,-2.74,High,0.99661225,0.99661225,0.00026384144,0.0031239232
53.54,-2.72,High,0.9913578,0.9913578,0.00066964875,0.0079724975
53.54,-2.7,High,0.9976877,0.9976877,0.00030961927,0.0020027072
53.54,-2.68,High,0.9972736,0.9972736,0.00024089169,0.0024855314
53.54,-2.66,High,0.9904571,0.9904571,0.00054906734,0.008993822
53.54,-2.64,High,0.9974517,0.9974517,0.00021969054,0.0023286245
53.54,-2.62,High,0.99687153,0.99687153,0.0002735626,0.0028549396
53.54,-2.6,High,0.9970728,0.9970728,0.00022088202,0.0027062478
53.54,-2.58,High,0.9969733,0.9969733,0.00024849933,0.0027781588
53.54,-2.56,High,0.9979382,0.9979382,0.00026986067,0.00179193
53.54,-2.54,High,0.99863845,0.99863845,0.00016841394,0.0011931568
53.54,-2.52,High,0.9962805,0.9962805,0.00026786397,0.003451693
53.54,-2.5,High,0.9978637,0.9978637,0.00017621479,0.0019601057
53.54,-2.48,High,0.99807763,0.99807763,0.0001633805,0.0017589558
53.54,-2.46,High,0.99152184,0.99152184,0.00044535304,0.008032808
53.54,-2.44,High,0.99792814,0.99792814,0.0002684091,0.0018033998
53.54,-2.42,High,0.99664646,0.99664646,0.0003226062,0.003030894
53.54,-2.4,High,0.9973448,0.9973448,0.00030605134,0.0023491487
53.54,-2.38,High,0.99655485,0.99655485,0.00049253285,0.0029525857
53.54,-2.36,High,0.89302766,0.89302766,0.002594907,0.104377456
53.54,-2.34,High,0.80587226,0.80587226,0.03046192,0.16366582
53.54,-2.32,High,0.9845241,0.9845241,0.0004359661,0.015039899
53.54,-2.3000000000000003,High,0.9957111,0.9957111,0.00028890322,0.003999975
53.54,-2.2800000000000002,High,0.992384,0.992384,0.0011123483,0.0065036463
53.54,-2.2600000000000002,High,0.99121827,0.99121827,0.00044480545,0.008336871
53.54,-2.24,High,0.9979315,0.9979315,0.00016809405,0.0019004042
53.54,-2.22,High,0.9971009,0.9971009,0.0002863049,0.002612753
53.54,-2.2,High,0.996018,0.996018,0.00033686095,0.0036451207
53.54,-2.18,High,0.9965385,0.9965385,0.00031623052,0.003145216
53.54,-2.16,High,0.99595284,0.99595284,0.00038734,0.0036598754
53.54,-2.14,High,0.99692565,0.99692565,0.00022027244,0.0028540394
53.54,-2.12,High,0.9960517,0.9960517,0.00032592626,0.0036224185
53.54,-2.1,High,0.9963982,0.9963982,0.00034239286,0.0032593973
53.54,-2.08,High,0.9961326,0.9961326,0.0003061313,0.0035612662
53.54,-2.06,High,0.9978405,0.9978405,0.00018840701,0.0019710185
53.54,-2.04,High,0.99783224,0.99783224,0.00021474266,0.0019530727
53.54,-2.02,High,0.9912566,0.9912566,0.0005400327,0.008203429
53.54,-2.0,High,0.9972555,0.9972555,0.00033967898,0.0024048712
53.54,-1.98,Medium,0.5009302,0.4359036,0.063166186,0.5009302
53.54,-1.96,Low,0.66349983,0.014500532,0.66349983,0.32199958
53.56,-2.94,Medium,0.478092,0.44544882,0.0764592,0.478092
53.56,-2.9,High,0.647892,0.647892,0.06596704,0.286141
53.56,-2.88,High,0.9970855,0.9970855,0.00026535164,0.0026491536
53.56,-2.86,High,0.96392095,0.96392095,0.0008348709,0.03524419
53.56,-2.84,High,0.99494237,0.99494237,0.0007739265,0.004283652
53.56,-2.82,High,0.99638927,0.99638927,0.00027205172,0.0033386732
53.56,-2.8000000000000003,High,0.992634,0.992634,0.00038201403,0.0069839424
53.56,-2.7800000000000002,High,0.9660848,0.9660848,0.0015238543,0.032391354
53.56,-2.7600000000000002,High,0.99505615,0.99505615,0.00042228663,0.0045215134
53.56,-2.74,High,0.79914355,0.79914355,0.0026999223,0.19815652
53.56,-2.72,High,0.997982,0.997982,0.00018730355,0.0018306809
53.56,-2.7,High,0.9971578,0.9971578,0.00020198617,0.0026401975
53.56,-2.68,High,0.9958187,0.9958187,0.0003911039,0.0037902826
53.56,-2.66,High,0.99204844,0.99204844,0.00044409075,0.007507473
53.56,-2.64,High,0.99700934,0.99700934,0.0001953282,0.0027953163
53.56,-2.62,High,0.98598146,0.98598146,0.0004056484,0.013612942
53.56,-2.6,High,0.99680233,0.99680233,0.00034728565,0.0028503954
53.56,-2.58,High,0.9978357,0.9978357,0.00018780584,0.0019765627
53.56,-2.56,High,0.9962534,0.9962534,0.00031794482,0.0034286177
53.56,-2.54,High,0.99399805,0.99399805,0.00026355777,0.005738364
53.56,-2.52,High,0.99478626,0.99478626,0.0004962903,0.0047174287
53.56,-2.5,High,0.99771994,0.99771994,0.00023501567,0.0020450605
53.56,-2.48,High,0.9982029,0.9982029,0.0005344039,0.0012626826
53.56,-2.46,High,0.9952064,0.9952064,0.0004399557,0.004353589
53.56,-2.44,High,0.9969523,0.9969523,0.0002197978,0.0028278998
53.56,-2.42,High,0.99700683,0.99700683,0.00020638786,0.0027868303
53.56,-2.4,High,0.9962231,0.9962231,0.0002738024,0.00350307
53.56,-2.38,High,0.99406165,0.99406165,0.00044737294,0.0054909545
53.56,-2.36,High,0.99664634,0.99664634,0.00032280255,0.0030307912
53.56,-2.34,High,0.99081814,0.99081814,0.0005342415,0.008647688
53.56,-2.32,High,0.9961196,0.9961196,0.00038445822,0.0034959766
53.56,-2.3000000000000003,High,0.9933744,0.9933744,0.0005769653,0.0060486384
53.56,-2.2800000000000002,High,0.9797742,0.9797742,0.0014129988,0.018812856
53.56,-2.2600000000000002,Medium,0.71580905,0.17640546,0.10778543,0.71580905
53.56,-2.24,High,0.99041754,0.99041754,0.00030522194,0.0092772115
53.56,-2.22,High,0.9984524,0.9984524,0.00022502207,0.0013224954
53.56,-2.2,High,0.9965353,0.9965353,0.0003690343,0.0030956292
53.56,-2.18,High,0.9943363,0.9943363,0.00033172843,0.005331979
53.56,-2.16,High,0.9971246,0.9971246,0.00024756882,0.0026277986
53.56,-2.14,High,0.9934122,0.9934122,0.000358481,0.0062292907
53.56,-2.12,High,0.9946405,0.9946405,0.00031813866,0.005041328
53.56,-2.1,High,0.9963182,0.9963182,0.00025230597,0.0034294394
53.56,-2.08,High,0.9971981,0.9971981,0.00026891704,0.0025330235
53.56,-2.06,High,0.9970071,0.9970071,0.00038329925,0.0026096012
53.56,-2.04,High,0.99289566,0.99289566,0.00035328025,0.0067510745
53.56,-2.02,High,0.99783593,0.99783593,0.00027050084,0.0018935768
53.56,-2.0,High,0.996449,0.996449,0.0002832229,0.003267805
53.56,-1.98,Medium,0.52089924,0.4503152,0.02878556,0.52089924
53.58,-3.02,Low,0.7853864,0.0036956961,0.7853864,0.21091792
53.58,-2.98,Medium,0.54666406,0.29852867,0.15480722,0.54666406
53.58,-2.96,High,0.996926,0.996926,0.0002761298,0.0027978085
53.58,-2.94,High,0.9969036,0.9969036,0.0001893507,0.0029069984
53.58,-2.92,High,0.8476694,0.8476694,0.00210274,0.15022779
53.58,-2.9,High,0.9972229,0.9972229,0.00030672422,0.002470386
53.58,-2.88,High,0.9960388,0.9960388,0.0006984019,0.0032627955
53.58,-2.86,High,0.9960884,0.9960884,0.00020789128,0.0037037628
53.58,-2.84,High,0.8343369,0.8343369,0.0023295926,0.16333354
53.58,-2.82,High,0.7573684,0.7573684,0.00473569,0.23789594
53.58,-2.8000000000000003,Medium,0.53436834,0.32126817,0.1443635,0.53436834
53.58,-2.7800000000000002,High,0.988996,0.988996,0.0018069976,0.009196929
53.58,-2.7600000000000002,High,0.96319777,0.96319777,0.0015885102,0.035213716
53.58,-2.74,High,0.9610397,0.9610397,0.0013709541,0.03758937
53.58,-2.72,High,0.9972153,0.9972153,0.0002404514,0.0025442294
53.58,-2.7,High,0.9978034,0.9978034,0.0003002844,0.0018962891
53.58,-2.68,High,0.9966672,0.9966672,0.00028434323,0.0030485059
53.58,-2.66,High,0.99684674,0.99684674,0.00024627973,0.0029069185
53.58,-2.64,High,0.9979741,0.9979741,0.00014753769,0.001878388
53.58,-2.62,High,0.94250274,0.94250274,0.002509172,0.054988068
53.58,-2.6,High,0.96414787,0.96414787,0.0006347898,0.035217337
53.58,-2.58,High,0.99815303,0.99815303,0.00020157476,0.0016453449
53.58,-2.56,High,0.9909401,0.9909401,0.0005590405,0.008500912
53.58,-2.54,High,0.99484825,0.99484825,0.00022846041,0.0049233204
53.58,-2.52,High,0.9904282,0.9904282,0.0004872899,0.009084477
53.58,-2.5,High,0.99794334,0.99794334,0.0003207868,0.0017358464
53.58,-2.48,High,0.9972109,0.9972109,0.00032721367,0.0024618744
53.58,-2.46,High,0.99623626,0.99623626,0.00034500076,0.003418752
53.58,-2.44,High,0.9966467,0.9966467,0.00026539073,0.0030878484
53.58,-2.42,High,0.99767596,0.99767596,0.00023343503,0.002090648
53.58,-2.4,High,0.99547344,0.99547344,0.00043715737,0.0040893536
53.58,-2.38,High,0.9966642,0.9966642,0.00034468484,0.0029910563
53.58,-2.36,High,0.9973322,0.9973322,0.00023856378,0.0024292024
53.58,-2.34,High,0.9949822,0.9949822,0.0002577491,0.0047600376
53.58,-2.32,High,0.99642664,0.99642664,0.00025610038,0.0033172402
53.58,-2.3000000000000003,High,0.9959955,0.9959955,0.0003330272,0.0036714885
53.58,-2.2800000000000002,High,0.9874443,0.9874443,0.0014608984,0.011094821
53.58,-2.2600000000000002,High,0.7806728,0.7806728,0.0032330872,0.21609412
53.58,-2.24,High,0.9969977,0.9969977,0.00024386421,0.002758479
53.58,-2.22,High,0.99254686,0.99254686,0.00052276533,0.006930408
53.58,-2.2,High,0.99752885,0.99752885,0.00014352718,0.0023276631
53.58,-2.18,High,0.9966955,0.9966955,0.0003040003,0.0030004468
53.58,-2.16,High,0.52981234,0.52981234,0.039472464,0.43071523
53.58,-2.14,High,0.99767643,0.99767643,0.00028355798,0.0020399631
53.58,-2.12,High,0.99731594,0.99731594,0.00022584265,0.0024582448
53.58,-2.1,High,0.99655426,0.99655426,0.0003085675,0.0031372057
53.58,-2.08,High,0.9955427,0.9955427,0.00030526766,0.004152058
53.58,-2.06,High,0.93924445,0.93924445,0.002272862,0.058482684
53.58,-2.04,High,0.9322745,0.9322745,0.000936572,0.06678894
53.58,-2.02,High,0.9123462,0.9123462,0.0020358376,0.08561796
53.58,-2.0,High,0.8011819,0.8011819,0.017957633,0.18086047
53.58,-1.98,High,0.9650737,0.9650737,0.0013950686,0.033531193
53.6,-3.0,Low,0.50624675,0.05700106,0.50624675,0.4367522
53.6,-2.98,High,0.6956099,0.6956099,0.025284523,0.27910554
53.6,-2.96,High,0.974998,0.974998,0.0009246439,0.024077363
53.6,-2.94,High,0.9930682,0.9930682,0.00040014272,0.006531615
53.6,-2.92,High,0.92369795,0.92369795,0.0017721108,0.07452995
53.6,-2.9,High,0.98688936,0.98688936,0.0018568053,0.0112538105
53.6,-2.88,High,0.9975389,0.9975389,0.00022424448,0.0022368904
53.6,-2.86,High,0.99814475,0.99814475,0.00021865114,0.0016365699
53.6,-2.84,High,0.99652594,0.99652594,0.00030332743,0.0031707347
53.6,-2.82,High,0.9963186,0.9963186,0.0003833169,0.0032980433
53.6,-2.8000000000000003,High,0.9672577,0.9672577,0.0005333234,0.032208975
53.6,-2.7800000000000002,High,0.98574084,0.98574084,0.00101583,0.013243306
53.6,-2.7600000000000002,High,0.9937389,0.9937389,0.00057905016,0.0056821248
53.6,-2.74,High,0.78133863,0.78133863,0.016000459,0.20266087
53.6,-2.72,High,0.92699075,0.92699075,0.0007407877,0.072268456
53.6,-2.7,High,0.99693596,0.99693596,0.00045430494,0.0026097584
53.6,-2.68,High,0.99829715,0.99829715,0.00017492009,0.0015279291
53.6,-2.66,High,0.99539727,0.99539727,0.00027935114,0.00432334
53.6,-2.64,High,0.9140351,0.9140351,0.0023642404,0.08360074
53.6,-2.62,High,0.99436957,0.99436957,0.00065024884,0.0049802354
53.6,-2.6,High,0.92317057,0.92317057,0.00093636644,0.075893104
53.6,-2.58,High,0.9975228,0.9975228,0.00025633373,0.0022209228
53.6,-2.56,High,0.99669325,0.99669325,0.00029707982,0.0030096136
53.6,-2.54,High,0.99456704,0.99456704,0.0005416453,0.0048912973
53.6,-2.52,High,0.99784625,0.99784625,0.00036906387,0.0017847368
53.6,-2.5,High,0.8882728,0.8882728,0.0022940766,0.1094331
53.6,-2.48,High,0.9954335,0.9954335,0.00095775054,0.003608759
53.6,-2.46,High,0.9981548,0.9981548,0.00020890769,0.0016362665
53.6,-2.44,High,0.99700457,0.99700457,0.00021421388,0.0027812764
53.6,-2.42,High,0.99712616,0.99712616,0.00027223708,0.0026015756
53.6,-2.4,High,0.9950411,0.9950411,0.00031111893,0.00464785
53.6,-2.38,High,0.99743867,0.99743867,0.00029122128,0.0022700352
53.6,-2.36,High,0.9586026,0.9586026,0.0024484296,0.038948957
53.6,-2.34,High,0.99594694,0.99594694,0.00034361493,0.003709495
53.6,-2.32,High,0.9952614,0.9952614,0.00029252967,0.004446082
53.6,-2.3000000000000003,High,0.99774265,0.99774265,0.0002304364,0.0020269307
53.6,-2.2800000000000002,High,0.98650926,0.98650926,0.0013455702,0.012145112
53.6,-2.2600000000000002,High,0.9982364,0.9982364,0.00021919279,0.0015444077
53.6,-2.24,High,0.99705565,0.99705565,0.00035948193,0.0025849275
53.6,-2.22,High,0.99456364,0.99456364,0.0005931022,0.00484329
53.6,-2.2,High,0.99821764,0.99821764,0.00016528764,0.0016170924
53.6,-2.18,High,0.992665,0.992665,0.00050941994,0.006825545
53.6,-2.16,High,0.99723023,0.99723023,0.00024769848,0.0025221165
53.6,-2.14,High,0.9956138,0.9956138,0.00032692024,0.004059304
53.6,-2.12,High,0.99767345,0.99767345,0.00017940575,0.0021471432
53.6,-2.1,High,0.9966652,0.9966652,0.00033872767,0.0029960521
53.6,-2.08,High,0.9868838,0.9868838,0.00039259883,0.012723551
53.6,-2.06,High,0.7724518,0.7724518,0.008217775,0.21933046
53.6,-2.04,High,0.984786,0.984786,0.00071844313,0.014495557
53.620000000000005,-3.0,High,0.9912254,0.9912254,0.0004012327,0.008373313
53.620000000000005,-2.98,Medium,0.5470964,0.33354995,0.11935371,0.5470964
53.620000000000005,-2.96,High,0.99402446,0.99402446,0.0002946978,0.0056808637
53.620000000000005,-2.94,High,0.9879308,0.9879308,0.0010624289,0.0110067995
53.620000000000005,-2.92,High,0.9931392,0.9931392,0.00032286,0.006537878
53.620000000000005,-2.9,High,0.9059683,0.9059683,0.0013850848,0.092646636
53.620000000000005,-2.88,Medium,0.76945764,0.17325957,0.05728278,0.76945764
53.620000000000005,-2.86,High,0.9914533,0.9914533,0.00035126074,0.008195438
53.620000000000005,-2.84,High,0.92094713,0.92094713,0.0050467104,0.07400618
53.620000000000005,-2.82,High,0.99730104,0.99730104,0.00013562114,0.0025633504
53.620000000000005,-2.8000000000000003,High,0.93679506,0.93679506,0.0016967703,0.061508216
53.620000000000005,-2.7800000000000002,High,0.9897563,0.9897563,0.00070214283,0.009541568
53.620000000000005,-2.7600000000000002,High,0.99088097,0.99088097,0.0012623698,0.0078566875
53.620000000000005,-2.74,High,0.9465027,0.9465027,0.0014502255,0.052047096
53.620000000000005,-2.72,High,0.8749607,0.8749607,0.0013255272,0.12371373
53.620000000000005,-2.7,High,0.986624,0.986624,0.000996156,0.012379818
53.620000000000005,-2.68,High,0.9955124,0.9955124,0.00026786252,0.004219699
53.620000000000005,-2.66,High,0.9963881,0.9963881,0.00026252904,0.0033493622
53.620000000000005,-2.64,High,0.8498448,0.8498448,0.016511906,0.13364333
53.620000000000005,-2.62,High,0.9949031,0.9949031,0.00031447955,0.0047824094
53.620000000000005,-2.6,High,0.9952277,0.9952277,0.0003440489,0.004428307
53.620000000000005,-2.58,High,0.98525214,0.98525214,0.0006153153,0.014132527
53.620000000000005,-2.56,High,0.9251603,0.9251603,0.0017699496,0.07306979
53.620000000000005,-2.52,Medium,0.5891584,0.31598324,0.094858386,0.5891584
53.620000000000005,-2.5,High,0.44468215,0.44468215,0.16506408,0.39025375
53.620000000000005,-2.48,Medium,0.7088167,0.19969647,0.09148687,0.7088167
53.620000000000005,-2.46,High,0.919258,0.919258,0.0025357076,0.07820628
53.620000000000005,-2.44,High,0.9958319,0.9958319,0.0002591993,0.0039089397
53.620000000000005,-2.42,High,0.9929826,0.9929826,0.0006667501,0.0063506076
53.620000000000005,-2.4,High,0.9979382,0.9979382,0.00034098167,0.0017207375
53.620000000000005,-2.38,High,0.8892518,0.8892518,0.0077838497,0.10296432
53.620000000000005,-2.36,High,0.9977596,0.9977596,0.00015741169,0.0020829958
53.620000000000005,-2.34,High,0.99620557,0.99620557,0.0003213706,0.0034730805
53.620000000000005,-2.32,High,0.99625945,0.99625945,0.0002511156,0.0034894303
53.620000000000005,-2.3000000000000003,High,0.98767775,0.98767775,0.00057105324,0.011751166
53.620000000000005,-2.2800000000000002,High,0.78352726,0.78352726,0.0064745354,0.20999822
53.620000000000005,-2.2600000000000002,High,0.6260367,0.6260367,0.009837303,0.364126
53.620000000000005,-2.24,High,0.4846675,0.4846675,0.034302942,0.48102948
53.620000000000005,-2.22,High,0.9962758,0.9962758,0.00037020826,0.0033540283
53.620000000000005,-2.2,High,0.9946542,0.9946542,0.0004667644,0.004879077
53.620000000000005,-2.18,High,0.9965479,0.9965479,0.000358216,0.003093881
53.620000000000005,-2.16,High,0.9964888,0.9964888,0.00028174926,0.0032294395
53.620000000000005,-2.14,High,0.9961578,0.9961578,0.00036517772,0.0034769701
53.620000000000005,-2.12,High,0.9951964,0.9951964,0.00029935563,0.0045041987
53.620000000000005,-2.1,High,0.99777657,0.99777657,0.0004153045,0.0018081333
53.620000000000005,-2.08,High,0.85721284,0.85721284,0.0039830655,0.13880411
53.64,-2.96,Medium,0.49386063,0.4148025,0.09133688,0.49386063
53.64,-2.94,High,0.9473907,0.9473907,0.0027844294,0.04982488
53.64,-2.92,Medium,0.5059268,0.09229916,0.40177405,0.5059268
53.64,-2.9,Medium,0.5389719,0.17279352,0.2882346,0.5389719
53.64,-2.88,High,0.9702497,0.9702497,0.0011296789,0.028620673
53.64,-2.86,High,0.9902153,0.9902153,0.000965071,0.008819634
53.64,-2.84,High,0.77316254,0.77316254,0.015348264,0.21148917
53.64,-2.82,High,0.99307066,0.99307066,0.0006749924,0.0062543005
53.64,-2.8000000000000003,High,0.7769575,0.7769575,0.0031186652,0.21992388
53.64,-2.7800000000000002,Low,0.8024856,0.018862145,0.8024856,0.17865229
53.64,-2.7600000000000002,Medium,0.53191626,0.17164867,0.29643506,0.53191626
53.64,-2.74,High,0.9932821,0.9932821,0.00027008675,0.0064478335
53.64,-2.72,High,0.98480934,0.98480934,0.0007888308,0.014401842
53.64,-2.7,High,0.74282414,0.74282414,0.0043592355,0.25281662
53.64,-2.68,High,0.8907856,0.8907856,0.003506133,0.105708316
53.64,-2.66,High,0.99737644,0.99737644,0.0002864217,0.0023371964
53.64,-2.64,High,0.9970349,0.9970349,0.00027633755,0.0026887471
53.64,-2.62,High,0.99701583,0.99701583,0.0002912436,0.0026929004
53.64,-2.6,High,0.90423775,0.90423775,0.0029722191,0.09279009
53.64,-2.58,Medium,0.5258643,0.39242107,0.08171468,0.5258643
53.64,-2.56,Low,0.6164184,0.016702464,0.6164184,0.3668791
53.64,-2.5,High,0.97594213,0.97594213,0.0011481359,0.022909699
53.64,-2.48,High,0.9382074,0.9382074,0.0015375025,0.060255073
53.64,-2.46,Medium,0.45665848,0.45587063,0.087470904,0.45665848
53.64,-2.44,High,0.9954444,0.9954444,0.000551187,0.0040044067
53.64,-2.42,High,0.8284323,0.8284323,0.004809154,0.16675852
53.64,-2.4,High,0.99149305,0.99149305,0.00053182436,0.00797511
53.64,-2.38,High,0.9740724,0.9740724,0.00047981198,0.025447808
53.64,-2.36,High,0.99138874,0.99138874,0.0002851168,0.008326123
53.64,-2.34,High,0.99740523,0.99740523,0.00021312846,0.0023816014
53.64,-2.32,High,0.99114627,0.99114627,0.0003581866,0.008495545
53.64,-2.3000000000000003,High,0.99232,0.99232,0.00035794775,0.007322008
53.64,-2.2800000000000002,Medium,0.4987522,0.42737013,0.07387763,0.4987522
53.64,-2.2600000000000002,High,0.6584443,0.6584443,0.026237667,0.31531802
53.64,-2.24,High,0.8997864,0.8997864,0.0031919898,0.09702164
53.64,-2.22,High,0.8319333,0.8319333,0.0072253565,0.16084133
53.64,-2.2,High,0.92049754,0.92049754,0.008132167,0.07137036
53.64,-2.18,High,0.99651575,0.99651575,0.00022448262,0.00325971
53.64,-2.16,High,0.9884565,0.9884565,0.0007194998,0.010824043
53.64,-2.14,High,0.9966724,0.9966724,0.0003435738,0.0029840462
53.64,-2.12,High,0.9973928,0.9973928,0.00023845612,0.0023687442
53.64,-2.1,High,0.9964257,0.9964257,0.00026464576,0.0033096438
53.64,-2.08,High,0.99772376,0.99772376,0.00040693712,0.0018693401
53.64,-2.06,Medium,0.43127126,0.2062968,0.36243194,0.43127126
53.660000000000004,-2.94,High,0.41921994,0.41921994,0.29072896,0.29005107
53.660000000000004,-2.92,High,0.95686895,0.95686895,0.0012229817,0.041908007
53.660000000000004,-2.9,High,0.9657993,0.9657993,0.0010335947,0.03316717
53.660000000000004,-2.88,High,0.9936878,0.9936878,0.0003133842,0.0059988024
53.660000000000004,-2.86,High,0.9898201,0.9898201,0.00041320297,0.009766589
53.660000000000004,-2.84,High,0.58625036,0.58625036,0.18659449,0.22715521
53.660000000000004,-2.82,High,0.9976191,0.9976191,0.000293947,0.0020868976
53.660000000000004,-2.8000000000000003,High,0.7455992,0.7455992,0.020417936,0.23398285
53.660000000000004,-2.7800000000000002,High,0.98518026,0.98518026,0.0017732456,0.01304649
53.660000000000004,-2.7600000000000002,High,0.9795085,0.9795085,0.00072549947,0.019765943
53.660000000000004,-2.74,High,0.9910218,0.9910218,0.0003952147,0.008582936
53.660000000000004,-2.72,High,0.97050077,0.97050077,0.0016353641,0.027863832
53.660000000000004,-2.7,High,0.80646735,0.80646735,0.003950134,0.18958257
53.660000000000004,-2.68,High,0.9979226,0.9979226,0.00029270662,0.001784726
53.660000000000004,-2.66,High,0.9972427,0.9972427,0.00025959473,0.0024977305
53.660000000000004,-2.64,High,0.9965486,0.9965486,0.00026172408,0.003189755
53.660000000000004,-2.62,High,0.99647117,0.99647117,0.00023161179,0.0032972668
53.660000000000004,-2.6,High,0.62098384,0.62098384,0.01737279,0.36164337
53.660000000000004,-2.58,High,0.8486665,0.8486665,0.0039502047,0.14738329
53.660000000000004,-2.5,Low,0.48316482,0.039982557,0.48316482,0.47685263
53.660000000000004,-2.44,High,0.8074006,0.8074006,0.024167273,0.16843215
53.660000000000004,-2.42,High,0.93293655,0.93293655,0.00235879,0.06470462
53.660000000000004,-2.4,High,0.9984584,0.9984584,0.00023968768,0.001301893
53.660000000000004,-2.38,High,0.99026734,0.99026734,0.00052409316,0.009208576
53.660000000000004,-2.36,Medium,0.5293324,0.34347758,0.12719005,0.5293324
53.660000000000004,-2.34,High,0.57520103,0.57520103,0.043116838,0.38168213
53.660000000000004,-2.32,High,0.99421775,0.99421775,0.00046357937,0.0053186733
53.660000000000004,-2.3000000000000003,High,0.9970155,0.9970155,0.0003112491,0.0026732327
53.660000000000004,-2.2800000000000002,High,0.92510265,0.92510265,0.0022482588,0.07264912
53.660000000000004,-2.18,High,0.9958545,0.9958545,0.0002750337,0.0038705363
53.660000000000004,-2.16,High,0.99652064,0.99652064,0.00014744469,0.0033319625
53.660000000000004,-2.14,High,0.926876,0.926876,0.002616212,0.07050774
53.660000000000004,-2.12,Medium,0.7686475,0.111578725,0.1197738,0.7686475
53.660000000000004,-2.1,High,0.9984261,0.9984261,0.00014691804,0.001427068
53.660000000000004,-2.08,High,0.99759954,0.99759954,0.00036626295,0.00203418
53.660000000000004,-2.06,Medium,0.55415106,0.1306023,0.31524667,0.55415106
53.660000000000004,-2.04,Low,0.5917939,0.048268933,0.5917939,0.35993716
53.68,-2.94,High,0.7818708,0.7818708,0.01225777,0.20587148
53.68,-2.92,High,0.9956167,0.9956167,0.00057315524,0.0038102188
53.68,-2.9,High,0.7235789,0.7235789,0.01724774,0.25917342
53.68,-2.88,High,0.9635168,0.9635168,0.0011629375,0.03532032
53.68,-2.86,High,0.9633442,0.9633442,0.00095365796,0.035702102
53.68,-2.84,High,0.9950539,0.9950539,0.00032948056,0.004616545
53.68,-2.82,High,0.99423933,0.99423933,0.00041562368,0.005345029
53.68,-2.8000000000000003,High,0.92549896,0.92549896,0.0021646786,0.07233637
53.68,-2.7800000000000002,High,0.80736554,0.80736554,0.011624544,0.1810099
53.68,-2.7600000000000002,High,0.4231937,0.4231937,0.18700735,0.38979894
53.68,-2.74,High,0.98818886,0.98818886,0.00061462313,0.011196541
53.68,-2.72,High,0.99540126,0.99540126,0.0003310974,0.004267581
53.68,-2.7,High,0.997554,0.997554,0.0003218387,0.0021241764
53.68,-2.68,High,0.9970487,0.9970487,0.00032756312,0.0026237972
53.68,-2.66,High,0.9885866,0.9885866,0.00047920196,0.010934174
53.68,-2.64,High,0.99240303,0.99240303,0.00089035317,0.0067066113
53.68,-2.62,High,0.9978752,0.9978752,0.00032295068,0.0018018961
53.68,-2.6,High,0.9924866,0.9924866,0.000818753,0.0066945837
53.68,-2.58,High,0.9717515,0.9717515,0.0005178161,0.027730634
53.68,-2.56,High,0.9784461,0.9784461,0.00044131238,0.021112623
53.68,-2.52,Medium,0.5997524,0.016700035,0.38354748,0.5997524
53.68,-2.5,Medium,0.63045365,0.31246185,0.057084527,0.63045365
53.68,-2.48,High,0.7134431,0.7134431,0.02325134,0.26330563
53.68,-2.46,High,0.9955031,0.9955031,0.00038960244,0.0041072844
53.68,-2.44,High,0.99721473,0.99721473,0.0005749645,0.0022103346
53.68,-2.42,High,0.81507164,0.81507164,0.00883812,0.17609029
53.68,-2.4,High,0.8673083,0.8673083,0.0072528063,0.12543882
53.68,-2.38,High,0.86541164,0.86541164,0.0021618512,0.13242647
53.68,-2.36,Medium,0.7795575,0.038832672,0.18160981,0.7795575
53.68,-2.34,High,0.99762946,0.99762946,0.00028127152,0.0020893428
53.68,-2.32,High,0.99594116,0.99594116,0.00026273206,0.0037961628
53.68,-2.3000000000000003,High,0.98402333,0.98402333,0.0006127287,0.0153639605
53.68,-2.2800000000000002,High,0.457986,0.457986,0.09469735,0.44731662
53.68,-2.2600000000000002,High,0.89385694,0.89385694,0.008497031,0.097646065
53.68,-2.24,High,0.98883843,0.98883843,0.00068251026,0.010479099
53.68,-2.22,High,0.9557579,0.9557579,0.0028623843,0.04137964
53.68,-2.18,High,0.99577963,0.99577963,0.0004206273,0.0037997449
53.68,-2.16,High,0.9843344,0.9843344,0.00047952335,0.015186094
53.7,-2.92,Medium,0.43426272,0.38895875,0.17677857,0.43426272
53.7,-2.9,High,0.94872004,0.94872004,0.0015368215,0.04974314
53.7,-2.88,High,0.90973145,0.90973145,0.0015877424,0.08868087
53.7,-2.86,High,0.9967849,0.9967849,0.00027711052,0.0029380135
53.7,-2.84,High,0.9962817,0.9962817,0.00027382528,0.0034445168
53.7,-2.82,High,0.57448465,0.57448465,0.035134584,0.3903808
53.7,-2.8000000000000003,High,0.99362576,0.99362576,0.00063424,0.0057399967
53.7,-2.7800000000000002,High,0.9707507,0.9707507,0.0014495812,0.027799755
53.7,-2.7600000000000002,High,0.91646296,0.91646296,0.001219058,0.08231805
53.7,-2.74,High,0.9926589,0.9926589,0.00086823053,0.0064728777
53.7,-2.72,High,0.9960724,0.9960724,0.00032527256,0.0036022784
53.7,-2.7,High,0.9976374,0.9976374,0.00025590445,0.0021067027
53.7,-2.68,High,0.99748886,0.99748886,0.00023539926,0.0022756844
53.7,-2.66,High,0.99645644,0.99645644,0.00034695613,0.0031965873
53.7,-2.64,High,0.99477816,0.99477816,0.00042876162,0.0047930493
53.7,-2.62,High,0.88482153,0.88482153,0.0031492529,0.11202927
53.7,-2.6,High,0.9415712,0.9415712,0.0013708306,0.05705803
53.7,-2.58,High,0.99248177,0.99248177,0.0005403233,0.0069778385
53.7,-2.56,High,0.99805546,0.99805546,0.00014567198,0.0017989443
53.7,-2.54,High,0.8523007,0.8523007,0.0061764484,0.14152277
53.7,-2.52,High,0.9716073,0.9716073,0.0012315013,0.027161121
53.7,-2.5,High,0.76782054,0.76782054,0.021018367,0.21116112
53.7,-2.48,High,0.99645954,0.99645954,0.0002780518,0.0032624435
53.7,-2.46,High,0.99677014,0.99677014,0.00022035679,0.0030095584
53.7,-2.44,High,0.9971462,0.9971462,0.0005684551,0.002285299
53.7,-2.42,High,0.8918204,0.8918204,0.0030023782,0.10517724
53.7,-2.36,High,0.7043747,0.7043747,0.0344908,0.26113456
53.7,-2.34,High,0.9982632,0.9982632,0.0001945214,0.0015423538
53.7,-2.32,High,0.9950512,0.9950512,0.00025317312,0.004695571
53.7,-2.3000000000000003,High,0.99536717,0.99536717,0.0002569955,0.0043758038
53.7,-2.2800000000000002,High,0.98242205,0.98242205,0.0021269862,0.0154509945
53.7,-2.2600000000000002,High,0.9933769,0.9933769,0.0005645225,0.0060586007
53.7,-2.24,High,0.9974355,0.9974355,0.0002927407,0.0022717572
53.7,-2.22,High,0.9963194,0.9963194,0.00030845744,0.0033721076
53.7,-2.2,High,0.9960601,0.9960601,0.00022958798,0.0037103374
53.7,-2.18,High,0.9976254,0.9976254,0.00026934163,0.0021052172
53.72,-2.86,High,0.5658996,0.5658996,0.107560314,0.32654008
53.72,-2.84,Medium,0.7481285,0.16624174,0.085629806,0.7481285
53.72,-2.82,High,0.4650704,0.4650704,0.08079637,0.45413327
53.72,-2.8000000000000003,High,0.9895779,0.9895779,0.00077870995,0.009643441
53.72,-2.7800000000000002,High,0.9948318,0.9948318,0.0007946026,0.004373602
53.72,-2.7600000000000002,High,0.9966145,0.9966145,0.00020738944,0.0031781204
53.72,-2.74,High,0.9982193,0.9982193,0.00017179029,0.0016089024
53.72,-2.72,High,0.986528,0.986528,0.00033956784,0.013132453
53.72,-2.7,High,0.9953075,0.9953075,0.0003223013,0.004370141
53.72,-2.68,High,0.99697506,0.99697506,0.0002445921,0.002780295
53.72,-2.66,High,0.9971848,0.9971848,0.00028922214,0.0025259145
53.72,-2.64,High,0.9960834,0.9960834,0.00046116792,0.00345541
53.72,-2.62,High,0.6653553,0.6653553,0.004895198,0.32974952
53.72,-2.6,High,0.95927376,0.95927376,0.0015963038,0.03913002
53.72,-2.58,High,0.95194197,0.95194197,0.0029069325,0.045151096
53.72,-2.56,High,0.9159462,0.9159462,0.0019971,0.082056746
53.72,-2.54,High,0.99728715,0.99728715,0.0002541319,0.0024586779
53.72,-2.52,High,0.99599767,0.99599767,0.0003438386,0.0036584663
53.72,-2.5,High,0.9939925,0.9939925,0.00042179943,0.005585718
53.72,-2.48,High,0.9967235,0.9967235,0.00024104345,0.0030355065
53.72,-2.46,High,0.9971641,0.9971641,0.00047039508,0.00236555
53.72,-2.44,High,0.99578756,0.99578756,0.0014403613,0.0027720537
53.72,-2.42,High,0.89054567,0.89054567,0.007347496,0.10210684
53.72,-2.4,Medium,0.50564724,0.44571164,0.04864116,0.50564724
53.72,-2.38,High,0.5024112,0.5024112,0.045723032,0.4518658
53.72,-2.36,Medium,0.46026006,0.42342797,0.116311915,0.46026006
53.72,-2.34,High,0.99290574,0.99290574,0.00039321295,0.0067009954
53.72,-2.32,High,0.99869484,0.99869484,0.00014524313,0.0011598842
53.72,-2.3000000000000003,High,0.9457451,0.9457451,0.0019182852,0.05233658
53.72,-2.2800000000000002,High,0.98738796,0.98738796,0.0009746498,0.0116374185
53.72,-2.2600000000000002,High,0.7417664,0.7417664,0.0023892685,0.2558443
53.72,-2.24,High,0.99349517,0.99349517,0.0006986825,0.005806133
53.72,-2.22,High,0.7811561,0.7811561,0.0065684086,0.21227548
53.72,-2.2,High,0.9964778,0.9964778,0.0005862196,0.0029360356
53.72,-2.18,High,0.8358739,0.8358739,0.014057825,0.15006827
53.74,-3.04,High,0.9680739,0.9680739,0.0023323437,0.029593818
53.74,-3.02,High,0.99516124,0.99516124,0.0002832691,0.0045555453
53.74,-3.0,High,0.99682593,0.99682593,0.00023035205,0.0029437297
53.74,-2.98,High,0.9951161,0.9951161,0.00083104905,0.004052841
53.74,-2.96,High,0.99654216,0.99654216,0.00029005413,0.0031678318
53.74,-2.94,High,0.9964477,0.9964477,0.00032509238,0.0032271452
53.74,-2.92,High,0.75919545,0.75919545,0.0055042445,0.2353003
53.74,-2.9,High,0.9979748,0.9979748,0.0002521222,0.0017730634
53.74,-2.88,High,0.73874354,0.73874354,0.018055808,0.24320069
53.74,-2.86,High,0.7595478,0.7595478,0.008435718,0.23201646
53.74,-2.84,Medium,0.6459007,0.2588513,0.095247954,0.6459007
53.74,-2.8000000000000003,Medium,0.5584021,0.15914145,0.28245643,0.5584021
53.74,-2.7800000000000002,High,0.9772593,0.9772593,0.0013480281,0.02139272
53.74,-2.7600000000000002,High,0.9985644,0.9985644,0.00022119113,0.0012143832
53.74,-2.74,High,0.99624,0.99624,0.00037989736,0.0033801035
53.74,-2.72,High,0.99666744,0.99666744,0.00023942781,0.0030931637
53.74,-2.7,High,0.9972519,0.9972519,0.0002842985,0.0024638278
53.74,-2.68,High,0.99746776,0.99746776,0.00021400215,0.0023183082
53.74,-2.66,High,0.9968207,0.9968207,0.0004000442,0.002779227
53.74,-2.64,High,0.99640995,0.99640995,0.00031211495,0.003277908
53.74,-2.62,High,0.9971601,0.9971601,0.0004097843,0.002430127
53.74,-2.6,High,0.8430764,0.8430764,0.0022708368,0.15465273
53.74,-2.58,High,0.9849178,0.9849178,0.001302912,0.013779243
53.74,-2.56,High,0.8546647,0.8546647,0.0014076732,0.14392768
53.74,-2.54,High,0.99249166,0.99249166,0.00021495488,0.0072933566
53.74,-2.52,High,0.9982699,0.9982699,0.00020777078,0.0015222364
53.74,-2.5,High,0.99525577,0.99525577,0.0002400581,0.004504192
53.74,-2.48,High,0.995542,0.995542,0.0003066251,0.00415139
53.74,-2.46,High,0.98540723,0.98540723,0.0004486196,0.014144115
53.74,-2.44,High,0.996154,0.996154,0.0003234703,0.0035224627
53.74,-2.42,High,0.69976735,0.69976735,0.026950339,0.27328232
53.74,-2.4,High,0.9958916,0.9958916,0.00023551908,0.0038729438
53.74,-2.38,High,0.996834,0.996834,0.0003293876,0.0028367015
53.74,-2.36,High,0.99337775,0.99337775,0.00045651768,0.0061657024
53.74,-2.34,High,0.99584216,0.99584216,0.00029329583,0.0038645354
53.74,-2.32,Medium,0.55688685,0.3596296,0.08348357,0.55688685
53.74,-2.3000000000000003,High,0.876385,0.876385,0.0109947305,0.11262034
53.74,-2.2800000000000002,High,0.979726,0.979726,0.0023772244,0.017896729
53.74,-2.2600000000000002,Medium,0.6568437,0.04947089,0.29368532,0.6568437
53.74,-2.24,High,0.55162764,0.55162764,0.055501044,0.39287132
53.74,-2.22,Medium,0.52895194,0.2360784,0.23496968,0.52895194
53.74,-2.2,Medium,0.50376785,0.29474586,0.20148629,0.50376785
53.74,-2.18,Medium,0.57474107,0.34277207,0.08248688,0.57474107
53.74,-2.16,Medium,0.55760175,0.026425485,0.4159727,0.55760175
53.76,-3.04,High,0.9961894,0.9961894,0.00033711788,0.003473468
53.76,-3.02,High,0.9979711,0.9979711,0.00022160515,0.00180723
53.76,-3.0,High,0.9976903,0.9976903,0.00039924547,0.0019104515
53.76,-2.98,High,0.9268114,0.9268114,0.0008402724,0.072348334
53.76,-2.96,High,0.56009924,0.56009924,0.055280495,0.38462025
53.76,-2.94,High,0.7161809,0.7161809,0.021998668,0.2618204
53.76,-2.92,High,0.79853237,0.79853237,0.01534661,0.18612099
53.76,-2.9,High,0.9980702,0.9980702,0.00030461152,0.0016252279
53.76,-2.88,High,0.9960628,0.9960628,0.0003022609,0.003634879
53.76,-2.86,High,0.9984675,0.9984675,0.00018246892,0.0013499894
53.76,-2.84,High,0.8886749,0.8886749,0.0048818933,0.10644318
53.76,-2.82,High,0.9163316,0.9163316,0.0022024151,0.08146599
53.76,-2.8000000000000003,High,0.8355152,0.8355152,0.007911585,0.15657319
53.76,-2.7800000000000002,High,0.5598035,0.5598035,0.03885833,0.4013382
53.76,-2.7600000000000002,High,0.99665487,0.99665487,0.00023671238,0.003108382
53.76,-2.74,High,0.99758005,0.99758005,0.00022265951,0.0021973075
53.76,-2.72,High,0.99603975,0.99603975,0.0003528187,0.003607458
53.76,-2.7,High,0.9967265,0.9967265,0.0002368292,0.0030366105
53.76,-2.68,High,0.9964042,0.9964042,0.00024727697,0.00334853
53.76,-2.66,High,0.9963186,0.9963186,0.00038401663,0.0032974475
53.76,-2.64,High,0.97815293,0.97815293,0.0007295061,0.021117602
53.76,-2.62,High,0.9774534,0.9774534,0.00044574737,0.022100762
53.76,-2.6,High,0.9631455,0.9631455,0.0023776854,0.034476798
53.76,-2.58,High,0.9773004,0.9773004,0.0004797777,0.02221984
53.76,-2.56,High,0.96182734,0.96182734,0.0018206639,0.036351953
53.76,-2.54,High,0.8340731,0.8340731,0.0042396644,0.16168721
53.76,-2.52,High,0.995774,0.995774,0.00043564767,0.0037904056
53.76,-2.5,High,0.9962358,0.9962358,0.00030890782,0.003455309
53.76,-2.48,High,0.997248,0.997248,0.00018413353,0.0025678482
53.76,-2.46,High,0.9961778,0.9961778,0.00032159616,0.0035005896
53.76,-2.44,High,0.98406845,0.98406845,0.0008959656,0.015035584
53.76,-2.42,High,0.9957551,0.9957551,0.00033054926,0.0039144014
53.76,-2.4,High,0.998094,0.998094,0.0002862131,0.0016197744
53.76,-2.38,High,0.9975043,0.9975043,0.00019914014,0.002296535
53.76,-2.36,High,0.9962759,0.9962759,0.00021921548,0.0035049499
53.76,-2.34,High,0.9906069,0.9906069,0.00058625505,0.008806801
53.76,-2.32,High,0.63182324,0.63182324,0.027890936,0.34028578
53.76,-2.3000000000000003,Medium,0.54819167,0.3447779,0.10703039,0.54819167
53.76,-2.2800000000000002,Medium,0.5218523,0.093538165,0.38460955,0.5218523
53.76,-2.2600000000000002,High,0.7992521,0.7992521,0.008528644,0.1922192
53.76,-2.24,High,0.5189308,0.5189308,0.038403068,0.44266617
53.76,-2.22,Medium,0.5794268,0.35432744,0.06624578,0.5794268
53.76,-2.2,High,0.9960532,0.9960532,0.0004007005,0.0035461152
53.76,-2.18,High,0.57240975,0.57240975,0.011349491,0.41624072
53.78,-3.06,High,0.99149233,0.99149233,0.0004911448,0.008016548
53.78,-3.04,High,0.9972446,0.9972446,0.00019856628,0.0025568623
53.78,-3.02,High,0.9972053,0.9972053,0.00024212348,0.0025525643
53.78,-3.0,High,0.9965019,0.9965019,0.00032202556,0.0031760135
53.78,-2.98,High,0.99713814,0.99713814,0.0001894628,0.002672352
53.78,-2.96,High,0.825376,0.825376,0.004354908,0.17026915
53.78,-2.94,Medium,0.605134,0.3266024,0.06826356,0.605134
53.78,-2.92,High,0.9912572,0.9912572,0.0003967154,0.008346064
53.78,-2.9,High,0.96744823,0.96744823,0.0015054746,0.031046301
53.78,-2.88,High,0.99677074,0.99677074,0.00036829166,0.0028610008
53.78,-2.86,High,0.996628,0.996628,0.0005488023,0.002823188
53.78,-2.84,High,0.99727386,0.99727386,0.00032838475,0.0023977978
53.78,-2.82,High,0.8929719,0.8929719,0.0032701856,0.10375796
53.78,-2.8000000000000003,High,0.87500745,0.87500745,0.0035937382,0.121398784
53.78,-2.7800000000000002,High,0.55039257,0.55039257,0.021856636,0.4277508
53.78,-2.7600000000000002,High,0.99537176,0.99537176,0.0004370623,0.004191157
53.78,-2.74,High,0.99567044,0.99567044,0.0004052788,0.003924278
53.78,-2.72,High,0.99672455,0.99672455,0.00022905506,0.0030464577
53.78,-2.7,High,0.99572104,0.99572104,0.00040163158,0.0038773466
53.78,-2.68,High,0.99579513,0.99579513,0.00031083878,0.003894006
53.78,-2.66,High,0.99731797,0.99731797,0.00023462051,0.0024473795
53.78,-2.64,High,0.9947007,0.9947007,0.0006394706,0.0046599363
53.78,-2.62,High,0.7837684,0.7837684,0.0063230135,0.20990862
53.78,-2.6,High,0.48932773,0.48932773,0.0447514,0.46592093
53.78,-2.58,High,0.7943149,0.7943149,0.0073195985,0.19836548
53.78,-2.56,High,0.878778,0.878778,0.009949314,0.111272745
53.78,-2.54,High,0.99766624,0.99766624,0.0002722108,0.0020615275
53.78,-2.52,High,0.9979596,0.9979596,0.00018607675,0.0018542875
53.78,-2.5,High,0.9920109,0.9920109,0.00044886957,0.007540209
53.78,-2.48,High,0.9960341,0.9960341,0.00025279247,0.00371309
53.78,-2.46,High,0.8155728,0.8155728,0.0029031609,0.18152404
53.78,-2.44,Medium,0.4635871,0.44834846,0.08806447,0.4635871
53.78,-2.42,High,0.99466777,0.99466777,0.00028675632,0.0050454824
53.78,-2.4,High,0.99202514,0.99202514,0.0003428175,0.007632071
53.78,-2.38,High,0.99638736,0.99638736,0.00022527008,0.0033873853
53.78,-2.36,High,0.8352845,0.8352845,0.0033369516,0.16137864
53.78,-2.34,High,0.9346101,0.9346101,0.0021038936,0.06328603
53.78,-2.32,High,0.99508685,0.99508685,0.00021338671,0.0046997825
53.78,-2.3000000000000003,High,0.982029,0.982029,0.00055701955,0.01741392
53.78,-2.2800000000000002,High,0.97386545,0.97386545,0.0018180506,0.024316492
53.78,-2.2600000000000002,High,0.9964588,0.9964588,0.0002852492,0.0032558718
53.78,-2.24,High,0.9921881,0.9921881,0.00058178644,0.0072300886
53.78,-2.22,High,0.9965612,0.9965612,0.00026140062,0.0031774158
53.78,-2.2,High,0.99720913,0.99720913,0.00067436066,0.002116511
53.78,-2.18,High,0.9804268,0.9804268,0.00060060876,0.018972592
53.800000000000004,-3.06,High,0.99752337,0.99752337,0.00026310325,0.0022135633
53.800000000000004,-3.04,High,0.9935941,0.9935941,0.00037771082,0.0060281423
53.800000000000004,-3.02,High,0.99625254,0.99625254,0.00027661675,0.003470799
53.800000000000004,-3.0,High,0.99590755,0.99590755,0.00027412476,0.0038182698
53.800000000000004,-2.98,High,0.8106761,0.8106761,0.0025971895,0.18672673
53.800000000000004,-2.96,High,0.92048883,0.92048883,0.0023481685,0.077163
53.800000000000004,-2.94,High,0.9264608,0.9264608,0.0014997919,0.072039336
53.800000000000004,-2.92,High,0.55464107,0.55464107,0.03614653,0.40921238
53.800000000000004,-2.9,High,0.6005398,0.6005398,0.0461118,0.35334837
53.800000000000004,-2.88,High,0.99200445,0.99200445,0.0016402584,0.00635531
53.800000000000004,-2.86,Medium,0.6304839,0.31671968,0.05279643,0.6304839
53.800000000000004,-2.84,High,0.82530856,0.82530856,0.006111989,0.16857941
53.800000000000004,-2.82,High,0.6807917,0.6807917,0.029738883,0.28946942
53.800000000000004,-2.8000000000000003,High,0.9932092,0.9932092,0.0005741966,0.0062166774
53.800000000000004,-2.7800000000000002,High,0.9127695,0.9127695,0.0017348506,0.08549569
53.800000000000004,-2.7600000000000002,High,0.9964557,0.9964557,0.00022435696,0.0033199005
53.800000000000004,-2.74,High,0.99836713,0.99836713,0.00018171014,0.0014511623
53.800000000000004,-2.72,High,0.9927543,0.9927543,0.00046417964,0.006781498
53.800000000000004,-2.7,High,0.9894879,0.9894879,0.000498648,0.01001354
53.800000000000004,-2.68,High,0.9940224,0.9940224,0.00028095677,0.005696566
53.800000000000004,-2.66,High,0.99335206,0.99335206,0.00058973185,0.006058178
53.800000000000004,-2.64,High,0.99808145,0.99808145,0.00028881212,0.0016298002
53.800000000000004,-2.62,High,0.92654103,0.92654103,0.0018375532,0.07162144
53.800000000000004,-2.6,High,0.7595903,0.7595903,0.006616869,0.23379278
53.800000000000004,-2.58,Medium,0.5600281,0.39586577,0.044106133,0.5600281
53.800000000000004,-2.56,High,0.8595322,0.8595322,0.003578692,0.13688907
53.800000000000004,-2.54,High,0.8614094,0.8614094,0.0025965578,0.13599409
53.800000000000004,-2.52,High,0.7666555,0.7666555,0.010399115,0.2229454
53.800000000000004,-2.5,High,0.9912849,0.9912849,0.0004702652,0.008244809
53.800000000000004,-2.48,High,0.99702793,0.99702793,0.00046971807,0.002502311
53.800000000000004,-2.46,High,0.99801576,0.99801576,0.0001929092,0.0017913121
53.800000000000004,-2.44,High,0.9937844,0.9937844,0.00046454943,0.0057510673
53.800000000000004,-2.42,High,0.9966696,0.9966696,0.001263188,0.0020672604
53.800000000000004,-2.4,High,0.9962675,0.9962675,0.00026286577,0.0034696313
53.800000000000004,-2.38,High,0.993767,0.993767,0.00022373258,0.0060092607
53.800000000000004,-2.36,High,0.9700496,0.9700496,0.000732418,0.029217944
53.800000000000004,-2.34,High,0.9834293,0.9834293,0.000992843,0.015577773
53.800000000000004,-2.32,High,0.9873748,0.9873748,0.00066501036,0.011960163
53.800000000000004,-2.3000000000000003,High,0.99140596,0.99140596,0.00030561545,0.008288461
53.800000000000004,-2.2800000000000002,High,0.9833456,0.9833456,0.0018366285,0.014817768
53.800000000000004,-2.2600000000000002,High,0.9950394,0.9950394,0.00045663983,0.004504014
53.800000000000004,-2.24,High,0.99353117,0.99353117,0.00029898554,0.006169922
53.800000000000004,-2.22,High,0.9958988,0.9958988,0.00027362088,0.0038276096
53.800000000000004,-2.2,High,0.99301153,0.99301153,0.00043186106,0.0065565426
53.800000000000004,-2.18,High,0.7875092,0.7875092,0.015847988,0.19664277
53.800000000000004,-2.16,Medium,0.5948277,0.02504721,0.38012514,0.5948277
53.800000000000004,-2.14,Medium,0.4559499,0.101878785,0.44217137,0.4559499
53.82,-3.06,High,0.9950794,0.9950794,0.00032296978,0.0045976206
53.82,-3.04,High,0.9970072,0.9970072,0.00028026628,0.0027125238
53.82,-3.02,High,0.9759035,0.9759035,0.0006832202,0.023413219
53.82,-3.0,High,0.99669397,0.99669397,0.0002989447,0.003007088
53.82,-2.98,High,0.9914512,0.9914512,0.00028834757,0.008260509
53.82,-2.96,Medium,0.44268364,0.42823675,0.12907961,0.44268364
53.82,-2.94,High,0.863194,0.863194,0.003667159,0.13313885
53.82,-2.92,High,0.5834583,0.5834583,0.033912532,0.38262916
53.82,-2.9,High,0.8820152,0.8820152,0.0030329064,0.114951864
53.82,-2.88,High,0.47690314,0.47690314,0.07232341,0.4507735
53.82,-2.86,High,0.5183586,0.5183586,0.038813192,0.44282827
53.82,-2.84,High,0.74612623,0.74612623,0.018043904,0.23582982
53.82,-2.82,High,0.825594,0.825594,0.022693682,0.15171234
53.82,-2.8000000000000003,High,0.9935169,0.9935169,0.00053165655,0.005951433
53.82,-2.7800000000000002,High,0.9900742,0.9900742,0.0013958568,0.008529842
53.82,-2.7600000000000002,High,0.99200106,0.99200106,0.00044112524,0.0075578047
53.82,-2.74,High,0.8682849,0.8682849,0.004994721,0.12672044
53.82,-2.72,High,0.6941926,0.6941926,0.012814791,0.29299265
53.82,-2.7,High,0.990433,0.990433,0.00068125065,0.008885768
53.82,-2.68,High,0.92979276,0.92979276,0.0014233115,0.06878387
53.82,-2.66,High,0.9648626,0.9648626,0.0008560123,0.034281448
53.82,-2.64,High,0.954803,0.954803,0.002083404,0.04311354
53.82,-2.62,High,0.98869854,0.98869854,0.00037842465,0.010922983
53.82,-2.6,High,0.9960032,0.9960032,0.00033474347,0.0036620926
53.82,-2.58,High,0.86180013,0.86180013,0.005482191,0.13271768
53.82,-2.56,High,0.9312857,0.9312857,0.001289816,0.06742451
53.82,-2.54,High,0.98449206,0.98449206,0.00048794184,0.015019945
53.82,-2.52,High,0.7907618,0.7907618,0.011231009,0.19800717
53.82,-2.5,Medium,0.56229085,0.035647515,0.40206167,0.56229085
53.82,-2.48,High,0.5709201,0.5709201,0.011968916,0.41711098
53.82,-2.46,High,0.9825112,0.9825112,0.00068776653,0.016801003
53.82,-2.44,High,0.87803024,0.87803024,0.0029947122,0.118975
53.82,-2.42,High,0.99830425,0.99830425,0.00019777642,0.0014979813
53.82,-2.4,High,0.9912778,0.9912778,0.0004070945,0.008315169
53.82,-2.38,High,0.6520274,0.6520274,0.08038438,0.26758817
53.82,-2.36,High,0.904535,0.904535,0.0031864857,0.092278466
53.82,-2.34,High,0.8643583,0.8643583,0.011722788,0.12391886
53.82,-2.32,High,0.5858313,0.5858313,0.037645645,0.37652308
53.82,-2.3000000000000003,High,0.96380323,0.96380323,0.0010204118,0.035176322
53.82,-2.2800000000000002,High,0.7650391,0.7650391,0.0061323773,0.22882847
53.82,-2.2600000000000002,High,0.8675277,0.8675277,0.0035074726,0.12896478
53.82,-2.24,High,0.9975624,0.9975624,0.00023992773,0.0021977013
53.82,-2.22,High,0.99374515,0.99374515,0.00042187143,0.005833041
53.82,-2.2,High,0.99397475,0.99397475,0.0003147796,0.005710432
53.82,-2.18,High,0.92862964,0.92862964,0.0026719957,0.0686983
53.82,-2.16,High,0.7871577,0.7871577,0.008851686,0.20399065
53.82,-2.14,Medium,0.6791727,0.20405205,0.11677522,0.6791727
53.82,-2.12,High,0.4708027,0.4708027,0.14786042,0.3813369
53.84,-3.06,High,0.9971732,0.9971732,0.0002809732,0.0025457796
53.84,-3.04,High,0.99662566,0.99662566,0.00037737432,0.0029969993
53.84,-3.02,High,0.9949567,0.9949567,0.00047904887,0.004564253
53.84,-3.0,High,0.99739635,0.99739635,0.00023336227,0.0023702735
53.84,-2.98,High,0.99733424,0.99733424,0.0002832383,0.0023824915
53.84,-2.96,High,0.9971871,0.9971871,0.0002540272,0.0025588984
53.84,-2.94,High,0.9062608,0.9062608,0.0033036135,0.09043562
53.84,-2.92,High,0.6183511,0.6183511,0.0282093,0.35343963
53.84,-2.9,High,0.828982,0.828982,0.0077706426,0.16324736
53.84,-2.88,High,0.9982181,0.9982181,0.00012951577,0.001652383
53.84,-2.86,High,0.66202694,0.66202694,0.049356915,0.28861612
53.84,-2.84,High,0.9457993,0.9457993,0.0019511995,0.052249458
53.84,-2.82,High,0.98731124,0.98731124,0.0004362093,0.012252522
53.84,-2.8000000000000003,Medium,0.5539107,0.35158783,0.09450147,0.5539107
53.84,-2.7800000000000002,High,0.6800507,0.6800507,0.028636198,0.2913131
53.84,-2.7600000000000002,High,0.989092,0.989092,0.00035092165,0.010557113
53.84,-2.74,High,0.9620658,0.9620658,0.000415766,0.03751838
53.84,-2.72,High,0.767932,0.767932,0.007878114,0.2241899
53.84,-2.7,High,0.8667135,0.8667135,0.0021187037,0.13116783
53.84,-2.68,High,0.95396465,0.95396465,0.0025325865,0.04350271
53.84,-2.66,High,0.9332839,0.9332839,0.00265994,0.06405613
53.84,-2.64,High,0.8211632,0.8211632,0.010187579,0.16864926
53.84,-2.62,High,0.89123636,0.89123636,0.0026402543,0.10612342
53.84,-2.6,High,0.99676776,0.99676776,0.00044133794,0.0027909263
53.84,-2.58,Medium,0.60043395,0.37358338,0.025982643,0.60043395
53.84,-2.56,High,0.7528604,0.7528604,0.006592567,0.24054705
53.84,-2.54,High,0.9393127,0.9393127,0.0018942092,0.05879313
53.84,-2.52,High,0.85219395,0.85219395,0.007984123,0.1398219
53.84,-2.5,Medium,0.624856,0.24160291,0.13354112,0.624856
53.84,-2.48,High,0.990637,0.990637,0.0003929278,0.008970076
53.84,-2.46,Medium,0.67800957,0.24813013,0.07386035,0.67800957
53.84,-2.44,High,0.69637215,0.69637215,0.030734023,0.27289388
53.84,-2.42,High,0.8870729,0.8870729,0.0025797044,0.1103473
53.84,-2.4,High,0.8583132,0.8583132,0.0022505622,0.13943623
53.84,-2.38,High,0.8128176,0.8128176,0.014971097,0.17221138
53.84,-2.36,High,0.5423634,0.5423634,0.12129483,0.3363418
53.84,-2.34,High,0.9930508,0.9930508,0.0008793651,0.006069807
53.84,-2.3000000000000003,Low,0.51398045,0.028926998,0.51398045,0.45709255
53.84,-2.2800000000000002,High,0.7065635,0.7065635,0.015896041,0.27754048
53.84,-2.2600000000000002,High,0.9932429,0.9932429,0.000959751,0.005797298
53.84,-2.24,High,0.99612397,0.99612397,0.001166348,0.0027097205
53.84,-2.22,High,0.99428964,0.99428964,0.00032452663,0.0053858464
53.84,-2.2,High,0.9945799,0.9945799,0.0003905362,0.005029544
53.84,-2.18,High,0.990261,0.990261,0.0005914925,0.009147466
53.84,-2.16,High,0.81727797,0.81727797,0.0039704274,0.17875157
53.84,-2.14,High,0.9980253,0.9980253,0.00035275685,0.0016219512
53.84,-2.12,High,0.94798434,0.94798434,0.0015530506,0.050462637
53.84,-2.1,Medium,0.54894304,0.21127594,0.23978102,0.54894304
53.84,-2.08,Low,0.6875522,0.029137101,0.6875522,0.28331068
53.86,-3.06,High,0.9029827,0.9029827,0.007221254,0.089796044
53.86,-3.04,High,0.9963464,0.9963464,0.0002592343,0.0033943716
53.86,-3.02,High,0.9944601,0.9944601,0.0004160906,0.0051238327
53.86,-3.0,High,0.99367964,0.99367964,0.00038885875,0.005931478
53.86,-2.98,High,0.9947519,0.9947519,0.00035759545,0.0048906016
53.86,-2.96,High,0.91597587,0.91597587,0.0008609939,0.083163075
53.86,-2.94,High,0.7667186,0.7667186,0.0071241576,0.22615722
53.86,-2.92,High,0.93134236,0.93134236,0.0016743996,0.06698329
53.86,-2.9,High,0.93864137,0.93864137,0.0047324975,0.05662616
53.86,-2.88,High,0.99410963,0.99410963,0.00029396935,0.005596396
53.86,-2.86,High,0.9967739,0.9967739,0.0003097797,0.0029163521
53.86,-2.84,High,0.97924155,0.97924155,0.00053987565,0.02021861
53.86,-2.82,High,0.9944971,0.9944971,0.00035413366,0.0051487265
53.86,-2.8000000000000003,High,0.6737686,0.6737686,0.062319748,0.2639117
53.86,-2.7800000000000002,High,0.48411757,0.48411757,0.069061935,0.4468205
53.86,-2.7600000000000002,Medium,0.569143,0.06765297,0.36320406,0.569143
53.86,-2.74,High,0.9923396,0.9923396,0.00031952045,0.007340908
53.86,-2.72,High,0.9261059,0.9261059,0.0025174192,0.07137672
53.86,-2.7,High,0.9330195,0.9330195,0.0017839829,0.06519652
53.86,-2.68,High,0.97212416,0.97212416,0.0014200121,0.026455784
53.86,-2.66,High,0.8302999,0.8302999,0.0037202286,0.16597985
53.86,-2.64,High,0.52026695,0.52026695,0.025302676,0.45443043
53.86,-2.62,High,0.77554435,0.77554435,0.0037967693,0.2206589
53.86,-2.6,Medium,0.5896942,0.310021,0.10028473,0.5896942
53.86,-2.58,High,0.9438416,0.9438416,0.0013247866,0.054833703
53.86,-2.56,High,0.52908784,0.52908784,0.051512785,0.41939938
53.86,-2.54,Medium,0.5563545,0.059139688,0.38450575,0.5563545
53.86,-2.52,High,0.5891973,0.5891973,0.019150337,0.39165235
53.86,-2.5,Medium,0.6241047,0.12235846,0.25353682,0.6241047
53.86,-2.48,Medium,0.5676617,0.33831564,0.09402264,0.5676617
53.86,-2.46,High,0.8747653,0.8747653,0.0026248163,0.1226099
53.86,-2.44,High,0.7650374,0.7650374,0.017712815,0.2172497
53.86,-2.42,High,0.7754146,0.7754146,0.006671445,0.21791397
53.86,-2.4,High,0.9967709,0.9967709,0.0003967326,0.0028323485
53.86,-2.38,High,0.9868557,0.9868557,0.0006829028,0.012461386
53.86,-2.36,High,0.5410199,0.5410199,0.10604233,0.35293773
53.86,-2.3000000000000003,Low,0.6973793,0.0050587044,0.6973793,0.29756203
53.86,-2.2800000000000002,High,0.77586347,0.77586347,0.008459594,0.21567693
53.86,-2.2600000000000002,High,0.74841714,0.74841714,0.015633468,0.2359494
53.86,-2.24,High,0.96439636,0.96439636,0.0022857091,0.03331797
53.86,-2.22,High,0.9969592,0.9969592,0.00050048257,0.0025402994
53.86,-2.2,High,0.9923113,0.9923113,0.0010885252,0.0066001397
53.86,-2.18,High,0.99029887,0.99029887,0.00043844528,0.00926265
53.86,-2.16,High,0.99694175,0.99694175,0.00024095006,0.0028173383
53.86,-2.14,High,0.9980866,0.9980866,0.00024306608,0.0016704396
53.86,-2.12,High,0.8871663,0.8871663,0.0018298484,0.111003816
53.86,-2.1,High,0.60398364,0.60398364,0.020607373,0.37540898
53.88,-3.04,High,0.99149406,0.99149406,0.0005152893,0.007990634
53.88,-3.02,High,0.99462754,0.99462754,0.0004743973,0.0048981165
53.88,-3.0,High,0.997439,0.997439,0.00022383084,0.002337128
53.88,-2.98,High,0.94492567,0.94492567,0.0023979812,0.05267632
53.88,-2.96,High,0.99662787,0.99662787,0.00030983178,0.0030623164
53.88,-2.94,High,0.96816653,0.96816653,0.002663263,0.029170256
53.88,-2.92,High,0.94689757,0.94689757,0.0008090454,0.052293368
53.88,-2.9,High,0.8691963,0.8691963,0.008055427,0.1227483
53.88,-2.88,High,0.9152812,0.9152812,0.0015990158,0.08311982
53.88,-2.86,High,0.70348996,0.70348996,0.012280701,0.28422937
53.88,-2.82,High,0.8667779,0.8667779,0.0032681015,0.12995404
53.88,-2.8000000000000003,High,0.7912329,0.7912329,0.007834651,0.20093252
53.88,-2.7800000000000002,High,0.9878029,0.9878029,0.0010464472,0.011150703
53.88,-2.7600000000000002,High,0.9941221,0.9941221,0.00044295425,0.005434901
53.88,-2.74,High,0.7525228,0.7525228,0.011562718,0.23591448
53.88,-2.72,High,0.5647482,0.5647482,0.0594262,0.37582555
53.88,-2.7,High,0.7838503,0.7838503,0.0048426883,0.21130697
53.88,-2.68,High,0.8956284,0.8956284,0.0042891284,0.100082435
53.88,-2.66,High,0.48750457,0.48750457,0.07170626,0.44078922
53.88,-2.64,High,0.54844475,0.54844475,0.051920477,0.39963475
53.88,-2.62,High,0.53450984,0.53450984,0.052389707,0.41310048
53.88,-2.6,High,0.80692196,0.80692196,0.009409451,0.18366861
53.88,-2.58,High,0.98340374,0.98340374,0.0023974709,0.014198762
53.88,-2.56,Medium,0.5019004,0.34811231,0.14998734,0.5019004
53.88,-2.54,Medium,0.526978,0.22394899,0.24907298,0.526978
53.88,-2.52,Medium,0.5511922,0.2093317,0.23947607,0.5511922
53.88,-2.5,Medium,0.49528638,0.34561682,0.15909685,0.49528638
53.88,-2.48,Medium,0.45622975,0.4445677,0.09920249,0.45622975
53.88,-2.46,Medium,0.50961065,0.41141093,0.0789784,0.50961065
53.88,-2.44,Medium,0.7920487,0.08159574,0.12635554,0.7920487
53.88,-2.42,High,0.9256923,0.9256923,0.0025931727,0.071714565
53.88,-2.4,High,0.99711275,0.99711275,0.00028356377,0.002603623
53.88,-2.38,High,0.9965166,0.9965166,0.0002499741,0.003233405
53.88,-2.36,High,0.98534924,0.98534924,0.0010593198,0.013591433
53.88,-2.34,Medium,0.63508093,0.08210608,0.28281298,0.63508093
53.88,-2.3000000000000003,Low,0.75491387,0.007172963,0.75491387,0.23791319
53.88,-2.2800000000000002,Medium,0.47617033,0.04870704,0.47512266,0.47617033
53.88,-2.2600000000000002,Low,0.642351,0.022127809,0.642351,0.33552116
53.88,-2.24,Medium,0.71499735,0.19047587,0.094526745,0.71499735
53.88,-2.22,High,0.7721673,0.7721673,0.014195904,0.21363674
53.88,-2.2,High,0.745608,0.745608,0.008791887,0.24560016
53.88,-2.18,High,0.9333586,0.9333586,0.0012747665,0.06536659
53.88,-2.16,High,0.97446775,0.97446775,0.00082953303,0.024702732
53.88,-2.14,High,0.86092484,0.86092484,0.011761568,0.12731361
53.88,-2.12,High,0.72125906,0.72125906,0.010673184,0.26806778
53.88,-2.1,Medium,0.48569134,0.42613298,0.08817566,0.48569134
53.9,-3.04,High,0.9974381,0.9974381,0.00023722395,0.0023246852
53.9,-3.02,High,0.9908957,0.9908957,0.0006374484,0.008466883
53.9,-2.98,High,0.886926,0.886926,0.002999017,0.11007503
53.9,-2.96,High,0.99767905,0.99767905,0.00021300689,0.002107935
53.9,-2.94,High,0.93697876,0.93697876,0.0015413099,0.06147991
53.9,-2.92,Medium,0.50018877,0.46461034,0.03520088,0.50018877
53.9,-2.9,High,0.85817647,0.85817647,0.0030989782,0.1387245
53.9,-2.88,High,0.580199,0.580199,0.038673706,0.3811273
53.9,-2.86,High,0.91006017,0.91006017,0.009489426,0.080450416
53.9,-2.84,Medium,0.5050414,0.43979442,0.055164177,0.5050414
53.9,-2.82,High,0.98196834,0.98196834,0.00093246286,0.01709922
53.9,-2.8000000000000003,High,0.9308991,0.9308991,0.0010679361,0.068033
53.9,-2.7800000000000002,High,0.98920023,0.98920023,0.0008607883,0.009938941
53.9,-2.7600000000000002,High,0.9355432,0.9355432,0.0012237045,0.063233085
53.9,-2.74,High,0.96079004,0.96079004,0.001054055,0.038155932
53.9,-2.72,High,0.9123048,0.9123048,0.0036829857,0.08401216
53.9,-2.7,Medium,0.51174533,0.32421818,0.16403653,0.51174533
53.9,-2.68,Medium,0.49417827,0.45948976,0.046331976,0.49417827
53.9,-2.66,Medium,0.5002043,0.3997178,0.10007784,0.5002043
53.9,-2.64,Medium,0.48003358,0.08136398,0.4386024,0.48003358
53.9,-2.62,Low,0.62877464,0.01700272,0.62877464,0.35422263
53.9,-2.6,Medium,0.44403076,0.12558934,0.43037984,0.44403076
53.9,-2.58,Medium,0.566091,0.17484261,0.2590664,0.566091
53.9,-2.56,Medium,0.5496431,0.09538463,0.3549723,0.5496431
53.9,-2.54,Medium,0.48953992,0.07594078,0.43451932,0.48953992
53.9,-2.52,Low,0.52384317,0.025166417,0.52384317,0.4509904
53.9,-2.5,Medium,0.63121915,0.19249003,0.17629088,0.63121915
53.9,-2.48,High,0.7549538,0.7549538,0.022118442,0.22292776
53.9,-2.46,Medium,0.4505997,0.102743015,0.4466573,0.4505997
53.9,-2.44,High,0.6632457,0.6632457,0.02428655,0.3124678
53.9,-2.42,High,0.95767075,0.95767075,0.0012238303,0.041105438
53.9,-2.4,High,0.90828234,0.90828234,0.0015351058,0.09018256
53.9,-2.38,High,0.6668051,0.6668051,0.019630663,0.31356427
53.9,-2.36,High,0.9764811,0.9764811,0.0011609398,0.022357948
53.9,-2.34,High,0.75554925,0.75554925,0.009323046,0.23512772
53.9,-2.32,Medium,0.59115237,0.14786743,0.26098025,0.59115237
53.9,-2.3000000000000003,High,0.545198,0.545198,0.06474674,0.3900552
53.9,-2.2800000000000002,High,0.6700612,0.6700612,0.032592196,0.29734665
53.9,-2.2600000000000002,Medium,0.5032316,0.09868204,0.3980864,0.5032316
53.9,-2.24,Medium,0.44958395,0.1645905,0.38582554,0.44958395
53.9,-2.22,Low,0.63814723,0.007908554,0.63814723,0.35394424
53.92,-3.04,High,0.99650574,0.99650574,0.00036328606,0.0031309542
53.92,-3.02,High,0.99595755,0.99595755,0.00028266426,0.0037597457
53.92,-3.0,High,0.99724543,0.99724543,0.00028535732,0.0024692854
53.92,-2.98,High,0.99751115,0.99751115,0.00017962992,0.0023092527
53.92,-2.96,High,0.9961738,0.9961738,0.00023642984,0.0035898045
53.92,-2.94,High,0.9626524,0.9626524,0.0007298957,0.03661774
53.92,-2.92,High,0.9948279,0.9948279,0.00043610734,0.0047360095
53.92,-2.9,High,0.9952188,0.9952188,0.0003933967,0.004387806
53.92,-2.88,High,0.9883711,0.9883711,0.00045207122,0.011176878
53.92,-2.86,High,0.6345226,0.6345226,0.051602487,0.31387493
53.92,-2.84,High,0.5077308,0.5077308,0.069074,0.4231952
53.92,-2.82,Medium,0.49712604,0.32357946,0.17929445,0.49712604
53.92,-2.8000000000000003,High,0.9929605,0.9929605,0.0006096927,0.006429832
53.92,-2.7800000000000002,High,0.9877303,0.9877303,0.0007324451,0.011537279
53.92,-2.7600000000000002,High,0.77495205,0.77495205,0.017314065,0.20773388
53.92,-2.74,High,0.7388853,0.7388853,0.016939797,0.24417491
53.92,-2.72,Medium,0.55613,0.3872428,0.056627233,0.55613
53.92,-2.7,High,0.9309608,0.9309608,0.0028146715,0.066224635
53.92,-2.68,Medium,0.56328744,0.3492201,0.08749246,0.56328744
53.92,-2.64,Low,0.54683626,0.041260123,0.54683626,0.41190362
53.92,-2.56,Low,0.7539784,0.0062650647,0.7539784,0.23975655
53.92,-2.54,Medium,0.516135,0.14467701,0.339188,0.516135
53.92,-2.52,Medium,0.6160583,0.17907478,0.20486695,0.6160583
53.92,-2.5,Low,0.56285197,0.07288162,0.56285197,0.36426643
53.92,-2.48,Low,0.5156205,0.042659547,0.5156205,0.4417199
53.92,-2.44,Medium,0.470581,0.117747925,0.41167104,0.470581
53.92,-2.42,Medium,0.5257072,0.36897248,0.105320364,0.5257072
53.92,-2.4,Medium,0.4916014,0.027823169,0.48057535,0.4916014
53.92,-2.38,Medium,0.4852538,0.36990768,0.14483847,0.4852538
53.92,-2.36,High,0.623354,0.623354,0.026530027,0.35011593
53.92,-2.34,High,0.9922265,0.9922265,0.0004576201,0.0073159467
53.92,-2.32,High,0.43034348,0.43034348,0.17718832,0.39246815
53.92,-2.3000000000000003,Medium,0.5665414,0.16171528,0.2717433,0.5665414
53.92,-2.2800000000000002,High,0.5295282,0.5295282,0.064548366,0.40592346
53.92,-2.2600000000000002,High,0.9453203,0.9453203,0.0049103736,0.049769342
53.92,-2.24,Low,0.6257869,0.0118354885,0.6257869,0.3623776
53.94,-2.98,High,0.8901076,0.8901076,0.003009933,0.10688245
53.94,-2.96,High,0.996274,0.996274,0.000198926,0.0035270501
53.94,-2.94,Medium,0.7121519,0.13150847,0.1563396,0.7121519
53.94,-2.92,Medium,0.50258607,0.46126333,0.036150612,0.50258607
53.94,-2.9,High,0.69905823,0.69905823,0.03555552,0.26538628
53.94,-2.88,High,0.54839563,0.54839563,0.032190036,0.4194143
53.94,-2.86,High,0.6883814,0.6883814,0.024449734,0.28716886
53.94,-2.84,Medium,0.5450381,0.12525085,0.32971108,0.5450381
53.94,-2.82,High,0.6290635,0.6290635,0.035504404,0.3354321
53.94,-2.8000000000000003,High,0.91038156,0.91038156,0.0021485146,0.08746998
53.94,-2.7800000000000002,High,0.9644027,0.9644027,0.002064072,0.03353329
53.94,-2.7600000000000002,High,0.98844945,0.98844945,0.00067362725,0.01087686
53.94,-2.74,High,0.8371819,0.8371819,0.003760229,0.15905784
53.94,-2.72,Medium,0.50364405,0.33502305,0.16133289,0.50364405
53.94,-2.7,Medium,0.56599253,0.18139713,0.25261033,0.56599253
53.94,-2.6,Low,0.82038635,0.008016405,0.82038635,0.17159724
53.94,-2.54,Medium,0.58796054,0.14353012,0.2685093,0.58796054
53.94,-2.52,High,0.79782486,0.79782486,0.01020687,0.1919683
53.94,-2.5,Medium,0.5170023,0.30331907,0.17967868,0.5170023
53.94,-2.48,Low,0.5067569,0.045344237,0.5067569,0.44789886
53.94,-2.46,High,0.7320639,0.7320639,0.010801315,0.25713482
53.94,-2.44,Low,0.5068791,0.028428689,0.5068791,0.4646922
53.94,-2.38,Medium,0.5032531,0.36349782,0.13324909,0.5032531
53.94,-2.36,Medium,0.4420854,0.37538218,0.18253249,0.4420854
53.94,-2.34,High,0.98563856,0.98563856,0.0004855273,0.01387595
53.94,-2.32,High,0.77051836,0.77051836,0.020455102,0.20902649
53.94,-2.2800000000000002,Medium,0.43953642,0.29741177,0.2630518,0.43953642
53.94,-2.2600000000000002,High,0.97408605,0.97408605,0.0014289279,0.024485065
53.94,-2.24,Low,0.74086016,0.012269609,0.74086016,0.2468702
53.94,-2.22,Medium,0.51765245,0.2475838,0.23476373,0.51765245
53.96,-2.86,Medium,0.5320492,0.37661818,0.09133264,0.5320492
53.96,-2.84,Medium,0.5442495,0.29715616,0.15859435,0.5442495
53.96,-2.82,High,0.9816881,0.9816881,0.0009988305,0.01731312
53.96,-2.8000000000000003,High,0.873867,0.873867,0.003190439,0.122942664
53.96,-2.7800000000000002,High,0.99433243,0.99433243,0.00042106997,0.0052465536
53.96,-2.7600000000000002,High,0.941446,0.941446,0.0016687234,0.056885194
53.96,-2.74,High,0.6814387,0.6814387,0.013974848,0.30458647
53.96,-2.72,High,0.8734022,0.8734022,0.0035243067,0.12307349
53.96,-2.7,Medium,0.50767493,0.23067062,0.26165447,0.50767493
53.96,-2.68,Low,0.5068019,0.06596263,0.5068019,0.4272355
53.96,-2.56,Medium,0.54070723,0.17758128,0.28171152,0.54070723
53.96,-2.52,Medium,0.52703637,0.1563158,0.31664786,0.52703637
53.96,-2.5,Low,0.5890747,0.03086587,0.5890747,0.38005945
53.96,-2.48,Low,0.661056,0.022988789,0.661056,0.31595522
53.96,-2.46,Medium,0.54085594,0.060168736,0.39897534,0.54085594
53.96,-2.44,High,0.8204716,0.8204716,0.010916515,0.16861194
53.96,-2.42,Medium,0.5185225,0.23288986,0.24858762,0.5185225
53.96,-2.4,Medium,0.44659185,0.21445546,0.33895266,0.44659185
53.96,-2.38,Medium,0.51290333,0.11387152,0.37322518,0.51290333
53.96,-2.36,Medium,0.55296713,0.34492496,0.102107875,0.55296713
53.96,-2.34,High,0.5608523,0.5608523,0.09228804,0.34685972
53.96,-2.32,Medium,0.5243516,0.43760327,0.03804513,0.5243516
53.96,-2.3000000000000003,Low,0.7122893,0.025166066,0.7122893,0.26254466
53.96,-2.2800000000000002,High,0.4131917,0.4131917,0.21281907,0.37398928
53.96,-2.2600000000000002,Medium,0.49835834,0.38299224,0.118649445,0.49835834
53.96,-2.24,Medium,0.47717318,0.31648985,0.20633698,0.47717318
53.96,-2.22,Low,0.668639,0.031230148,0.668639,0.30013087
53.96,-2.2,Medium,0.5881702,0.22194266,0.18988718,0.5881702
53.980000000000004,-2.88,Medium,0.481709,0.33291066,0.18538031,0.481709
53.980000000000004,-2.86,Medium,0.45286933,0.4028847,0.14424601,0.45286933
53.980000000000004,-2.84,High,0.85831404,0.85831404,0.007404211,0.13428172
53.980000000000004,-2.82,Medium,0.46847782,0.36386976,0.16765246,0.46847782
53.980000000000004,-2.8000000000000003,High,0.73561317,0.73561317,0.026881358,0.23750545
53.980000000000004,-2.7800000000000002,High,0.97927755,0.97927755,0.00046206117,0.020260423
53.980000000000004,-2.7600000000000002,High,0.8137539,0.8137539,0.00634352,0.17990257
53.980000000000004,-2.74,High,0.9322344,0.9322344,0.0009921544,0.06677346
53.980000000000004,-2.72,High,0.55870986,0.55870986,0.045080137,0.39620999
53.980000000000004,-2.7,High,0.5778686,0.5778686,0.03873959,0.3833918
53.980000000000004,-2.68,Medium,0.4580152,0.4210153,0.120969534,0.4580152
53.980000000000004,-2.66,High,0.71559435,0.71559435,0.01882268,0.26558295
53.980000000000004,-2.64,Medium,0.519154,0.23238413,0.24846189,0.519154
53.980000000000004,-2.62,Low,0.6436551,0.042647526,0.6436551,0.31369734
53.980000000000004,-2.48,Low,0.66794825,0.020588813,0.66794825,0.31146294
53.980000000000004,-2.46,Medium,0.54777175,0.25186434,0.20036396,0.54777175
53.980000000000004,-2.44,Medium,0.47519672,0.2869313,0.23787189,0.47519672
53.980000000000004,-2.42,Low,0.54857886,0.042661525,0.54857886,0.40875962
53.980000000000004,-2.4,Medium,0.48450157,0.17164294,0.34385544,0.48450157
53.980000000000004,-2.38,Low,0.72305787,0.026007427,0.72305787,0.25093466
53.980000000000004,-2.36,Medium,0.5452812,0.25855988,0.1961589,0.5452812
53.980000000000004,-2.34,Medium,0.58699834,0.23025501,0.18274666,0.58699834
53.980000000000004,-2.32,Medium,0.5835236,0.18432093,0.23215546,0.5835236
53.980000000000004,-2.3000000000000003,Low,0.47909978,0.053521965,0.47909978,0.4673782
53.980000000000004,-2.24,High,0.75883406,0.75883406,0.007843708,0.23332223
53.980000000000004,-2.22,Medium,0.5643431,0.09625106,0.33940583,0.5643431
53.980000000000004,-2.18,Low,0.55506253,0.063710324,0.55506253,0.38122717
54.0,-2.9,Medium,0.6326977,0.20457065,0.16273166,0.6326977
54.0,-2.88,High,0.88591635,0.88591635,0.004409778,0.10967393
54.0,-2.86,Medium,0.6184563,0.25353172,0.12801202,0.6184563
54.0,-2.84,High,0.9397142,0.9397142,0.0014007488,0.05888508
54.0,-2.82,High,0.6279887,0.6279887,0.023657661,0.34835362
54.0,-2.8000000000000003,High,0.9685651,0.9685651,0.00087265926,0.030562244
54.0,-2.7800000000000002,High,0.97085637,0.97085637,0.0010383935,0.028105153
54.0,-2.7600000000000002,High,0.7168894,0.7168894,0.023634754,0.2594759
54.0,-2.74,High,0.63529897,0.63529897,0.029828386,0.3348726
54.0,-2.72,Medium,0.5022127,0.08080782,0.41697952,0.5022127
54.0,-2.7,Medium,0.55202323,0.2276931,0.22028366,0.55202323
54.0,-2.68,Medium,0.5454809,0.1403046,0.3142145,0.5454809
54.0,-2.66,Medium,0.54190224,0.2702856,0.18781216,0.54190224
54.0,-2.64,Medium,0.47638094,0.43761498,0.08600404,0.47638094
54.0,-2.44,Low,0.6090556,0.021875015,0.6090556,0.3690694
54.0,-2.36,High,0.5578546,0.5578546,0.042364083,0.39978135
54.0,-2.34,High,0.68725914,0.68725914,0.07138772,0.24135312
54.0,-2.32,Low,0.55873746,0.038840808,0.55873746,0.40242168
54.0,-2.3000000000000003,High,0.7011159,0.7011159,0.010476172,0.28840795
54.0,-2.2800000000000002,Low,0.7126307,0.08408741,0.7126307,0.20328194
54.0,-2.2600000000000002,High,0.99041724,0.99041724,0.0008387064,0.008744019
54.0,-2.24,Low,0.5319744,0.04163917,0.5319744,0.42638645
54.0,-2.22,High,0.98799497,0.98799497,0.00095410115,0.011050871
54.0,-2.2,Medium,0.5938578,0.22098367,0.18515848,0.5938578
54.02,-2.9,High,0.8894827,0.8894827,0.001757155,0.10876015
54.02,-2.88,High,0.98933756,0.98933756,0.0004795765,0.01018284
54.02,-2.86,High,0.9908902,0.9908902,0.00030821527,0.008801548
54.02,-2.82,High,0.96252924,0.96252924,0.0016611238,0.035809636
54.02,-2.8000000000000003,High,0.99625057,0.99625057,0.00035419248,0.0033952948
54.02,-2.7800000000000002,High,0.9875115,0.9875115,0.0010047063,0.011483773
54.02,-2.7600000000000002,High,0.6103794,0.6103794,0.04435631,0.34526432
54.02,-2.74,High,0.7261468,0.7261468,0.016407406,0.2574458
54.02,-2.72,Medium,0.7015727,0.15278734,0.14563993,0.7015727
54.02,-2.42,Low,0.82254946,0.004033663,0.82254946,0.17341688
54.02,-2.36,Low,0.510551,0.029481249,0.510551,0.45996776
54.02,-2.34,Medium,0.5224783,0.17743845,0.30008322,0.5224783
54.02,-2.32,Medium,0.45420596,0.09554543,0.45024863,0.45420596
54.02,-2.3000000000000003,Medium,0.5443385,0.13459414,0.32106733,0.5443385
54.02,-2.2800000000000002,Low,0.71388066,0.005274343,0.71388066,0.28084505
54.02,-2.2600000000000002,High,0.98885226,0.98885226,0.0018883971,0.009259299
54.02,-2.24,Medium,0.5823508,0.08712297,0.33052626,0.5823508
54.02,-2.2,Medium,0.593131,0.27195486,0.13491416,0.593131
54.02,-2.18,Low,0.47219026,0.065297656,0.47219026,0.46251208
54.02,-2.16,High,0.46894556,0.46894556,0.089827396,0.44122708
54.02,-2.14,Medium,0.5226912,0.2048927,0.27241609,0.5226912
54.04,-3.18,Low,0.8392172,0.0022832255,0.8392172,0.15849951
54.04,-2.9,High,0.997424,0.997424,0.00026274635,0.0023132178
54.04,-2.88,High,0.99619675,0.99619675,0.000286298,0.0035170296
54.04,-2.86,High,0.6521546,0.6521546,0.014425847,0.33341953
54.04,-2.84,High,0.62296844,0.62296844,0.05009646,0.32693505
54.04,-2.82,High,0.9966118,0.9966118,0.00034359485,0.003044658
54.04,-2.8000000000000003,High,0.9976373,0.9976373,0.00020032488,0.002162429
54.04,-2.7800000000000002,High,0.9955134,0.9955134,0.00065555103,0.0038310573
54.04,-2.7600000000000002,High,0.7291876,0.7291876,0.014531925,0.25628042
54.04,-2.74,High,0.6178051,0.6178051,0.032539405,0.34965548
54.04,-2.72,Low,0.4987655,0.043354638,0.4987655,0.45787984
54.04,-2.36,Low,0.799649,0.00946014,0.799649,0.1908909
54.04,-2.34,Medium,0.5105526,0.2256009,0.2638465,0.5105526
54.04,-2.32,Low,0.44917205,0.10744045,0.44917205,0.4433875
54.04,-2.3000000000000003,High,0.8165828,0.8165828,0.0297935,0.15362372
54.04,-2.2800000000000002,Medium,0.5737836,0.2443493,0.1818671,0.5737836
54.04,-2.22,Low,0.6938755,0.031223949,0.6938755,0.27490053
54.04,-2.18,Low,0.57522863,0.010012389,0.57522863,0.41475898
54.04,-2.16,Medium,0.5581536,0.17114371,0.2707027,0.5581536
54.06,-3.22,Low,0.63465893,0.012953791,0.63465893,0.35238722
54.06,-3.18,Low,0.62819964,0.023053957,0.62819964,0.34874645
54.06,-2.9,High,0.801463,0.801463,0.004224819,0.19431221
54.06,-2.88,High,0.99675876,0.99675876,0.00025022187,0.0029910519
54.06,-2.86,High,0.99717486,0.99717486,0.00028832478,0.0025368142
54.06,-2.84,High,0.99683017,0.99683017,0.00025533867,0.0029145263
54.06,-2.82,High,0.99645543,0.99645543,0.0006127896,0.0029318174
54.06,-2.8000000000000003,High,0.99528235,0.99528235,0.0006497143,0.0040678913
54.06,-2.7800000000000002,High,0.9009821,0.9009821,0.003637567,0.09538041
54.06,-2.7600000000000002,Medium,0.6666498,0.17901483,0.15433538,0.6666498
54.06,-2.74,High,0.63388765,0.63388765,0.038686022,0.3274263
54.06,-2.72,High,0.63197964,0.63197964,0.03847441,0.3295459
54.06,-2.7,Medium,0.54075414,0.37396982,0.08527608,0.54075414
54.06,-2.68,Low,0.57207704,0.017636491,0.57207704,0.41028643
54.06,-2.66,Low,0.5047147,0.0430741,0.5047147,0.45221117
54.06,-2.64,Medium,0.5587844,0.18776903,0.25344655,0.5587844
54.06,-2.62,Medium,0.45712683,0.13250878,0.4103644,0.45712683
54.06,-2.6,Medium,0.5311243,0.21991853,0.24895717,0.5311243
54.06,-2.54,Medium,0.6143734,0.24447682,0.14114979,0.6143734
54.06,-2.52,High,0.5034363,0.5034363,0.07718313,0.4193806
54.06,-2.42,Low,0.5731217,0.029216943,0.5731217,0.39766133
54.06,-2.38,Low,0.6468178,0.09732671,0.6468178,0.2558555
54.06,-2.36,Low,0.5482711,0.06316146,0.5482711,0.38856742
54.06,-2.34,Low,0.4677087,0.0722876,0.4677087,0.46000367
54.06,-2.32,Low,0.58086205,0.047052424,0.58086205,0.37208557
54.06,-2.3000000000000003,High,0.76464325,0.76464325,0.016230416,0.21912633
54.06,-2.2800000000000002,High,0.986624,0.986624,0.0012470643,0.012128861
54.06,-2.2600000000000002,Low,0.75076526,0.007683408,0.75076526,0.24155135
54.06,-2.16,High,0.90085095,0.90085095,0.003796473,0.095352545
54.08,-3.24,High,0.5257907,0.5257907,0.08693944,0.38726982
54.08,-3.18,High,0.96714103,0.96714103,0.0010172648,0.031841688
54.08,-3.16,High,0.72993916,0.72993916,0.018347245,0.2517136
54.08,-2.88,High,0.9309314,0.9309314,0.0013014368,0.06776721
54.08,-2.86,High,0.9927845,0.9927845,0.00068684923,0.006528672
54.08,-2.84,High,0.99765706,0.99765706,0.00023758283,0.0021053774
54.08,-2.82,High,0.9470769,0.9470769,0.0015390376,0.051384028
54.08,-2.8000000000000003,High,0.9886437,0.9886437,0.0009820259,0.010374244
54.08,-2.7800000000000002,High,0.6906009,0.6906009,0.053985223,0.25541386
54.08,-2.7600000000000002,High,0.9932373,0.9932373,0.0008989206,0.0058637783
54.08,-2.74,High,0.88660276,0.88660276,0.0033989758,0.10999824
54.08,-2.72,High,0.9941327,0.9941327,0.00046820205,0.0053991037
54.08,-2.7,High,0.8613921,0.8613921,0.0017693344,0.13683861
54.08,-2.68,High,0.6810013,0.6810013,0.021405876,0.29759285
54.08,-2.66,High,0.8008732,0.8008732,0.028917026,0.1702098
54.08,-2.64,Medium,0.65442276,0.19460416,0.15097305,0.65442276
54.08,-2.6,Medium,0.58405215,0.20340364,0.21254426,0.58405215
54.08,-2.58,Medium,0.5642211,0.15206999,0.2837089,0.5642211
54.08,-2.56,Medium,0.57787776,0.24663985,0.17548242,0.57787776
54.08,-2.54,High,0.53364074,0.53364074,0.056107126,0.41025215
54.08,-2.52,High,0.8286757,0.8286757,0.005068736,0.16625558
54.08,-2.5,Medium,0.56481713,0.18168753,0.25349534,0.56481713
54.08,-2.48,Low,0.6450309,0.022183327,0.6450309,0.3327858
54.08,-2.44,Low,0.70917064,0.016074475,0.70917064,0.27475488
54.08,-2.42,Medium,0.54937136,0.2941205,0.15650818,0.54937136
54.08,-2.38,Low,0.62547654,0.02891417,0.62547654,0.3456093
54.08,-2.36,Medium,0.5408002,0.10380742,0.35539237,0.5408002
54.08,-2.34,Medium,0.57696193,0.32407713,0.09896094,0.57696193
54.08,-2.32,Medium,0.55288047,0.22738425,0.2197353,0.55288047
54.08,-2.3000000000000003,Medium,0.46224588,0.29393855,0.2438156,0.46224588
54.08,-2.2800000000000002,High,0.9918705,0.9918705,0.00058277725,0.007546695
54.1,-3.2600000000000002,High,0.9969572,0.9969572,0.00049656,0.0025463072
54.1,-3.24,High,0.99442923,0.99442923,0.00036738216,0.0052033947
54.1,-3.22,High,0.9971008,0.9971008,0.00022969463,0.0026695342
54.1,-3.2,High,0.80243576,0.80243576,0.006682616,0.19088165
54.1,-3.18,Medium,0.63656765,0.24711348,0.116318874,0.63656765
54.1,-3.16,High,0.81591547,0.81591547,0.01501464,0.1690699
54.1,-3.14,High,0.97513175,0.97513175,0.0005696266,0.02429861
54.1,-3.12,Low,0.49386883,0.03835575,0.49386883,0.46777546
54.1,-2.82,Medium,0.65128225,0.21453841,0.13417935,0.65128225
54.1,-2.8000000000000003,High,0.98919374,0.98919374,0.0010583971,0.009747877
54.1,-2.7800000000000002,High,0.72862583,0.72862583,0.030020595,0.2413536
54.1,-2.7600000000000002,High,0.7407374,0.7407374,0.01334668,0.24591589
54.1,-2.74,Medium,0.44084987,0.276977,0.28217307,0.44084987
54.1,-2.72,High,0.6940484,0.6940484,0.0276123,0.27833933
54.1,-2.7,Medium,0.6616077,0.25935403,0.07903827,0.6616077
54.1,-2.68,High,0.99213964,0.99213964,0.0009466028,0.0069137444
54.1,-2.66,High,0.551312,0.551312,0.038558383,0.41012958
54.1,-2.64,High,0.9804731,0.9804731,0.0010942668,0.018432612
54.1,-2.62,High,0.6749251,0.6749251,0.028037665,0.29703727
54.1,-2.6,High,0.90758306,0.90758306,0.003150783,0.08926618
54.1,-2.58,High,0.5930858,0.5930858,0.030516252,0.3763979
54.1,-2.56,High,0.5027333,0.5027333,0.05597001,0.44129667
54.1,-2.54,Medium,0.5773514,0.28170776,0.14094086,0.5773514
54.1,-2.52,High,0.78060657,0.78060657,0.0074582165,0.21193525
54.1,-2.5,Medium,0.46896634,0.43960994,0.091423735,0.46896634
54.1,-2.48,Medium,0.53810674,0.13519795,0.3266953,0.53810674
54.1,-2.46,Low,0.561851,0.051444534,0.561851,0.38670444
54.1,-2.44,Medium,0.55759853,0.2791902,0.16321124,0.55759853
54.1,-2.42,Medium,0.5604809,0.114252664,0.32526645,0.5604809
54.1,-2.4,Low,0.48548624,0.06614167,0.48548624,0.44837207
54.1,-2.38,Low,0.7151889,0.012936918,0.7151889,0.27187416
54.1,-2.36,Medium,0.5044256,0.2699597,0.22561471,0.5044256
54.1,-2.34,Medium,0.5040633,0.33553776,0.16039896,0.5040633
54.1,-2.32,Medium,0.57389104,0.20760871,0.21850026,0.57389104
54.1,-2.2800000000000002,High,0.7760473,0.7760473,0.0069316025,0.21702108
54.1,-2.2600000000000002,Low,0.8504952,0.007572834,0.8504952,0.14193192
54.1,-2.24,Low,0.7888519,0.0055480353,0.7888519,0.2056
54.1,-2.2,Low,0.71914047,0.0034254359,0.71914047,0.27743408
54.1,-2.18,Low,0.6486345,0.013235268,0.6486345,0.33813024
54.1,-2.16,Low,0.83308434,0.007531337,0.83308434,0.15938431
54.120000000000005,-3.2600000000000002,High,0.9971251,0.9971251,0.00041939432,0.0024555393
54.120000000000005,-3.24,High,0.99086654,0.99086654,0.0006270656,0.008506328
54.120000000000005,-3.22,High,0.996452,0.996452,0.0001993222,0.003348753
54.120000000000005,-3.2,High,0.99533373,0.99533373,0.000412755,0.00425357
54.120000000000005,-3.18,High,0.99712676,0.99712676,0.0002311675,0.0026420346
54.120000000000005,-3.16,High,0.9616824,0.9616824,0.00080791616,0.03750973
54.120000000000005,-3.14,High,0.8899666,0.8899666,0.0031872233,0.10684621
54.120000000000005,-3.12,High,0.6606002,0.6606002,0.014113208,0.3252866
54.120000000000005,-3.1,Medium,0.4638498,0.10485612,0.4312941,0.4638498
54.120000000000005,-2.8000000000000003,Low,0.56446725,0.015336597,0.56446725,0.42019615
54.120000000000005,-2.7800000000000002,High,0.9937291,0.9937291,0.0012607602,0.0050101583
54.120000000000005,-2.7600000000000002,High,0.9886164,0.9886164,0.0009153043,0.010468283
54.120000000000005,-2.74,High,0.85756075,0.85756075,0.0065602046,0.13587901
54.120000000000005,-2.72,Medium,0.58323956,0.31888485,0.09787558,0.58323956
54.120000000000005,-2.7,Medium,0.48079428,0.34665808,0.17254765,0.48079428
54.120000000000005,-2.68,Medium,0.606461,0.21069105,0.18284793,0.606461
54.120000000000005,-2.66,High,0.7649834,0.7649834,0.018069554,0.21694702
54.120000000000005,-2.64,High,0.8223167,0.8223167,0.0038771043,0.1738062
54.120000000000005,-2.62,Medium,0.5149767,0.35045296,0.13457035,0.5149767
54.120000000000005,-2.6,High,0.5206203,0.5206203,0.102765106,0.37661463
54.120000000000005,-2.58,High,0.58973473,0.58973473,0.017695282,0.39257002
54.120000000000005,-2.56,Medium,0.49008366,0.35558125,0.1543351,0.49008366
54.120000000000005,-2.54,High,0.977386,0.977386,0.00044506358,0.022168959
54.120000000000005,-2.52,High,0.9923705,0.9923705,0.0004202708,0.0072092866
54.120000000000005,-2.5,High,0.99456006,0.99456006,0.00037750733,0.0050624525
54.120000000000005,-2.48,Medium,0.5821438,0.31393325,0.10392294,0.5821438
54.120000000000005,-2.44,Medium,0.51366854,0.2654024,0.22092904,0.51366854
54.120000000000005,-2.42,High,0.4785536,0.4785536,0.10502601,0.41642037
54.120000000000005,-2.4,High,0.7011894,0.7011894,0.0071987626,0.2916118
54.120000000000005,-2.36,Medium,0.5741653,0.293643,0.13219172,0.5741653
54.120000000000005,-2.34,Medium,0.48827833,0.41060412,0.10111751,0.48827833
54.120000000000005,-2.32,Medium,0.55525476,0.13448961,0.31025562,0.55525476
54.120000000000005,-2.3000000000000003,High,0.9843217,0.9843217,0.00049425504,0.015184044
54.120000000000005,-2.2800000000000002,Medium,0.5513415,0.20596257,0.24269594,0.5513415
54.120000000000005,-2.2600000000000002,Low,0.8096324,0.0051572314,0.8096324,0.18521033
54.120000000000005,-2.24,Low,0.73414946,0.013844264,0.73414946,0.25200632
54.14,-3.24,High,0.9953218,0.9953218,0.00025582695,0.004422336
54.14,-3.22,High,0.99748886,0.99748886,0.0001599986,0.002351178
54.14,-3.2,High,0.9931457,0.9931457,0.0005570837,0.006297214
54.14,-3.18,High,0.9902496,0.9902496,0.00066794205,0.009082448
54.14,-3.16,High,0.86260545,0.86260545,0.005558418,0.1318361
54.14,-3.14,Medium,0.4764627,0.44090635,0.082630984,0.4764627
54.14,-3.12,High,0.9020073,0.9020073,0.0026550405,0.09533773
54.14,-3.1,High,0.96359456,0.96359456,0.00076226995,0.035643224
54.14,-2.8000000000000003,Low,0.7033234,0.014614908,0.7033234,0.28206173
54.14,-2.7800000000000002,High,0.9435653,0.9435653,0.00444355,0.05199112
54.14,-2.7600000000000002,High,0.99211454,0.99211454,0.0006803123,0.007205228
54.14,-2.74,Medium,0.5339373,0.17034262,0.29572007,0.5339373
54.14,-2.72,Low,0.57313985,0.07489971,0.57313985,0.35196042
54.14,-2.7,High,0.6916655,0.6916655,0.047999695,0.26033482
54.14,-2.68,Medium,0.53757286,0.33772686,0.124700285,0.53757286
54.14,-2.66,Medium,0.5395933,0.044760738,0.41564596,0.5395933
54.14,-2.64,High,0.60067534,0.60067534,0.041983955,0.35734075
54.14,-2.62,High,0.992178,0.992178,0.0008226428,0.0069993995
54.14,-2.6,High,0.5737823,0.5737823,0.03576851,0.39044917
54.14,-2.58,High,0.6907279,0.6907279,0.02657626,0.2826958
54.14,-2.56,High,0.75108373,0.75108373,0.017546045,0.23137024
54.14,-2.54,High,0.9806771,0.9806771,0.00059046526,0.018732425
54.14,-2.52,High,0.619683,0.619683,0.048816346,0.33150062
54.14,-2.5,High,0.7203101,0.7203101,0.019445173,0.2602448
54.14,-2.48,High,0.99045193,0.99045193,0.0005694881,0.0089786155
54.14,-2.46,High,0.8131332,0.8131332,0.0042587398,0.18260807
54.14,-2.44,Medium,0.5542629,0.20871109,0.23702602,0.5542629
54.14,-2.42,Low,0.7089379,0.010262118,0.7089379,0.2808
54.14,-2.38,Low,0.8048335,0.001797202,0.8048335,0.19336927
54.14,-2.32,Low,0.8778362,0.019758604,0.8778362,0.10240522
54.14,-2.3000000000000003,High,0.7896279,0.7896279,0.009711,0.20066106
54.14,-2.2800000000000002,Low,0.6620528,0.009472495,0.6620528,0.32847473
54.14,-2.24,Medium,0.4669465,0.07423954,0.4588139,0.4669465
54.160000000000004,-3.22,High,0.82490516,0.82490516,0.01124107,0.16385375
54.160000000000004,-3.2,High,0.87360996,0.87360996,0.005821159,0.120568894
54.160000000000004,-3.18,High,0.99745315,0.99745315,0.00021583999,0.0023309984
54.160000000000004,-3.16,High,0.51688415,0.51688415,0.02818877,0.4549271
54.160000000000004,-3.14,High,0.572457,0.572457,0.01741734,0.41012564
54.160000000000004,-3.12,High,0.9958812,0.9958812,0.00017969403,0.003939096
54.160000000000004,-3.1,High,0.7620938,0.7620938,0.024358485,0.21354775
54.160000000000004,-3.08,High,0.9479364,0.9479364,0.0027163585,0.04934719
54.160000000000004,-3.06,Medium,0.65762013,0.07919015,0.26318973,0.65762013
54.160000000000004,-2.98,High,0.9937044,0.9937044,0.00024762363,0.006047994
54.160000000000004,-2.96,High,0.54366654,0.54366654,0.030520858,0.42581266
54.160000000000004,-2.94,High,0.5008527,0.5008527,0.1958426,0.30330473
54.160000000000004,-2.82,High,0.9224593,0.9224593,0.0022021795,0.07533853
54.160000000000004,-2.8000000000000003,High,0.59736854,0.59736854,0.054117598,0.34851384
54.160000000000004,-2.7800000000000002,Low,0.56632257,0.052001867,0.56632257,0.38167554
54.160000000000004,-2.7600000000000002,High,0.71303797,0.71303797,0.009314742,0.27764732
54.160000000000004,-2.74,High,0.58367157,0.58367157,0.10607296,0.31025547
54.160000000000004,-2.72,High,0.91290903,0.91290903,0.001993946,0.08509707
54.160000000000004,-2.7,Medium,0.51381177,0.18423542,0.3019528,0.51381177
54.160000000000004,-2.68,Medium,0.5690701,0.14484254,0.28608733,0.5690701
54.160000000000004,-2.66,Low,0.6641344,0.022175273,0.6641344,0.31369036
54.160000000000004,-2.64,Medium,0.65021384,0.07919016,0.27059603,0.65021384
54.160000000000004,-2.62,Medium,0.5022691,0.37102172,0.12670916,0.5022691
54.160000000000004,-2.6,Medium,0.47767547,0.44864008,0.07368449,0.47767547
54.160000000000004,-2.58,Medium,0.570925,0.24840038,0.18067467,0.570925
54.160000000000004,-2.56,Medium,0.51624256,0.18049736,0.3032601,0.51624256
54.160000000000004,-2.54,High,0.49963674,0.49963674,0.062469766,0.43789345
54.160000000000004,-2.52,Medium,0.547307,0.24287069,0.20982233,0.547307
54.160000000000004,-2.5,High,0.7907046,0.7907046,0.009793264,0.1995021
54.160000000000004,-2.48,High,0.82226825,0.82226825,0.003009831,0.17472188
54.160000000000004,-2.46,High,0.99872655,0.99872655,0.00014241776,0.0011310261
54.160000000000004,-2.44,Low,0.5288271,0.032235317,0.5288271,0.4389376
54.160000000000004,-2.3000000000000003,Medium,0.49645835,0.04851398,0.45502767,0.49645835
54.18,-3.22,High,0.74692076,0.74692076,0.019866712,0.2332125
54.18,-3.2,High,0.99096924,0.99096924,0.0004037992,0.008626973
54.18,-3.18,High,0.7448449,0.7448449,0.077848874,0.17730618
54.18,-3.16,High,0.99256694,0.99256694,0.00034641605,0.007086591
54.18,-3.14,High,0.9935516,0.9935516,0.00021946541,0.006228882
54.18,-3.12,High,0.99649173,0.99649173,0.0010244598,0.0024838168
54.18,-3.1,High,0.99752074,0.99752074,0.00024741385,0.002231856
54.18,-3.08,High,0.93570006,0.93570006,0.0030873094,0.06121269
54.18,-3.06,High,0.89521056,0.89521056,0.002840581,0.101948835
54.18,-3.0,Medium,0.6387256,0.049666554,0.31160784,0.6387256
54.18,-2.98,High,0.99326634,0.99326634,0.00058842817,0.0061452114
54.18,-2.96,High,0.97552013,0.97552013,0.00052625086,0.023953583
54.18,-2.94,High,0.99510217,0.99510217,0.00027168423,0.0046261214
54.18,-2.92,High,0.9984491,0.9984491,0.00017986656,0.0013710456
54.18,-2.84,High,0.66010934,0.66010934,0.05981476,0.2800759
54.18,-2.82,High,0.7871786,0.7871786,0.0075274883,0.20529392
54.18,-2.8000000000000003,High,0.66195005,0.66195005,0.01883902,0.31921092
54.18,-2.7800000000000002,Medium,0.55053407,0.2871873,0.1622786,0.55053407
54.18,-2.7600000000000002,High,0.94409865,0.94409865,0.001344324,0.054557055
54.18,-2.74,High,0.9914153,0.9914153,0.0004038818,0.008180748
54.18,-2.72,High,0.9971943,0.9971943,0.00027177396,0.002533945
54.18,-2.7,High,0.88317037,0.88317037,0.0048222127,0.11200744
54.18,-2.66,Medium,0.58732647,0.045729365,0.36694413,0.58732647
54.18,-2.64,Medium,0.83193034,0.043756984,0.1243127,0.83193034
54.18,-2.62,High,0.72932744,0.72932744,0.007906803,0.26276574
54.18,-2.6,High,0.6570732,0.6570732,0.005785269,0.33714154
54.18,-2.58,Medium,0.62669986,0.3104584,0.06284175,0.62669986
54.18,-2.56,High,0.83752245,0.83752245,0.005354528,0.15712304
54.18,-2.54,High,0.75544584,0.75544584,0.018351916,0.2262022
54.18,-2.52,Medium,0.502296,0.20492838,0.29277566,0.502296
54.18,-2.5,Low,0.68776196,0.0062164785,0.68776196,0.3060215
54.18,-2.46,Low,0.6576614,0.028168557,0.6576614,0.31417003
54.18,-2.44,Low,0.5049444,0.06996658,0.5049444,0.425089
54.18,-2.42,Low,0.6398274,0.039243538,0.6398274,0.32092908
54.18,-2.4,Low,0.49235514,0.04857252,0.49235514,0.45907232
54.18,-2.32,Medium,0.46584672,0.22002347,0.31412977,0.46584672
54.2,-3.34,Medium,0.6597142,0.123239756,0.21704601,0.6597142
54.2,-3.3200000000000003,Medium,0.65352935,0.23449369,0.11197696,0.65352935
54.2,-3.3000000000000003,High,0.99246687,0.99246687,0.00070303277,0.006830088
54.2,-3.2800000000000002,High,0.9882351,0.9882351,0.001423496,0.01034142
54.2,-3.2600000000000002,High,0.9902811,0.9902811,0.00082057924,0.0088983
54.2,-3.24,Low,0.48327264,0.096603304,0.48327264,0.42012402
54.2,-3.2,High,0.99631256,0.99631256,0.00019522948,0.0034921698
54.2,-3.18,Low,0.5855853,0.21221007,0.5855853,0.20220459
54.2,-3.16,Medium,0.4560191,0.4213811,0.12259986,0.4560191
54.2,-3.14,Low,0.4382913,0.12474209,0.4382913,0.4369666
54.2,-3.12,High,0.89460784,0.89460784,0.0025498655,0.10284228
54.2,-3.1,High,0.99636805,0.99636805,0.0002744085,0.0033575413
54.2,-3.08,High,0.9964778,0.9964778,0.0003241425,0.0031980278
54.2,-3.06,High,0.99635494,0.99635494,0.00041652,0.003228502
54.2,-3.02,Medium,0.4918874,0.047111128,0.46100155,0.4918874
54.2,-3.0,Medium,0.5714778,0.17804739,0.25047487,0.5714778
54.2,-2.98,Medium,0.49093637,0.46606565,0.04299795,0.49093637
54.2,-2.96,High,0.9963399,0.9963399,0.00020119132,0.0034589707
54.2,-2.94,High,0.99708074,0.99708074,0.00017336292,0.0027458868
54.2,-2.92,High,0.99555427,0.99555427,0.00053256605,0.003913142
54.2,-2.9,High,0.995096,0.995096,0.0004507962,0.0044532064
54.2,-2.88,Medium,0.4904405,0.43858385,0.07097565,0.4904405
54.2,-2.86,Medium,0.65118325,0.060643893,0.2881729,0.65118325
54.2,-2.84,High,0.99865156,0.99865156,0.00015151667,0.0011969421
54.2,-2.82,High,0.99386287,0.99386287,0.00034966492,0.0057874615
54.2,-2.8000000000000003,High,0.6714391,0.6714391,0.062738515,0.26582235
54.2,-2.7800000000000002,High,0.8276058,0.8276058,0.009382367,0.16301186
54.2,-2.7600000000000002,High,0.89432484,0.89432484,0.0027298813,0.10294526
54.2,-2.74,High,0.9895111,0.9895111,0.00048614157,0.010002808
54.2,-2.72,High,0.92510825,0.92510825,0.001305854,0.0735859
54.2,-2.68,Medium,0.55619025,0.18198396,0.2618258,0.55619025
54.2,-2.66,High,0.7639627,0.7639627,0.0106656095,0.22537169
54.2,-2.64,Medium,0.42299235,0.39402166,0.18298604,0.42299235
54.2,-2.62,High,0.9935753,0.9935753,0.0002645741,0.006160124
54.2,-2.6,High,0.9979634,0.9979634,0.00019258566,0.0018439492
54.2,-2.58,High,0.9259348,0.9259348,0.002947282,0.071117885
54.2,-2.56,Medium,0.61177254,0.11619781,0.27202964,0.61177254
54.2,-2.4,Low,0.5014436,0.0680951,0.5014436,0.43046132
54.2,-2.36,Low,0.5423482,0.03735368,0.5423482,0.42029807
54.2,-2.34,Low,0.7509423,0.0100424085,0.7509423,0.23901531
54.2,-2.32,Low,0.688749,0.015620253,0.688749,0.29563075
54.22,-3.36,Medium,0.6584694,0.05748671,0.28404394,0.6584694
54.22,-3.34,High,0.98124516,0.98124516,0.0013213821,0.017433481
54.22,-3.3200000000000003,High,0.9693117,0.9693117,0.0006605786,0.030027675
54.22,-3.3000000000000003,Medium,0.6961858,0.16626415,0.13755003,0.6961858
54.22,-3.2800000000000002,High,0.9825021,0.9825021,0.001032988,0.01646495
54.22,-3.2600000000000002,High,0.9670046,0.9670046,0.0010694851,0.031925946
54.22,-3.2,Medium,0.4508166,0.29557678,0.2536066,0.4508166
54.22,-3.18,High,0.93764895,0.93764895,0.0035716523,0.058779374
54.22,-3.14,High,0.42416665,0.42416665,0.27861226,0.29722103
54.22,-3.12,Medium,0.65877,0.25636452,0.084865496,0.65877
54.22,-3.1,High,0.8025914,0.8025914,0.027602177,0.16980645
54.22,-3.08,High,0.85559356,0.85559356,0.0124896,0.13191687
54.22,-3.06,High,0.719109,0.719109,0.024568114,0.25632292
54.22,-3.04,Medium,0.4889652,0.4490489,0.061985876,0.4889652
54.22,-3.02,Medium,0.7363903,0.084874846,0.17873485,0.7363903
54.22,-3.0,Medium,0.51015705,0.4092381,0.08060482,0.51015705
54.22,-2.98,Medium,0.50269884,0.19106427,0.3062369,0.50269884
54.22,-2.96,High,0.8875646,0.8875646,0.0032445146,0.109190896
54.22,-2.94,High,0.8696309,0.8696309,0.007898071,0.12247106
54.22,-2.92,High,0.8268957,0.8268957,0.014413691,0.15869063
54.22,-2.9,High,0.99340534,0.99340534,0.0011195127,0.005475155
54.22,-2.88,Medium,0.50495905,0.46521896,0.029822053,0.50495905
54.22,-2.86,High,0.5776066,0.5776066,0.029192992,0.3932004
54.22,-2.84,High,0.5144349,0.5144349,0.17557435,0.30999076
54.22,-2.8000000000000003,High,0.9832479,0.9832479,0.0003763768,0.016375756
54.22,-2.7800000000000002,High,0.9933804,0.9933804,0.00037716675,0.0062424154
54.22,-2.7600000000000002,High,0.993226,0.993226,0.00066267775,0.006111319
54.22,-2.74,Medium,0.5206358,0.32365757,0.15570664,0.5206358
54.22,-2.72,Medium,0.5635638,0.32573068,0.110705525,0.5635638
54.22,-2.68,High,0.6732119,0.6732119,0.017270206,0.3095179
54.22,-2.66,High,0.49315083,0.49315083,0.07116107,0.43568805
54.22,-2.64,Medium,0.64436173,0.29561815,0.060020078,0.64436173
54.22,-2.62,High,0.5036272,0.5036272,0.09652189,0.39985093
54.22,-2.6,High,0.8865197,0.8865197,0.0041415156,0.109338865
54.22,-2.58,High,0.8562709,0.8562709,0.010428112,0.13330097
54.22,-2.56,Medium,0.5601993,0.325286,0.11451465,0.5601993
54.22,-2.44,Low,0.8351651,0.0021571578,0.8351651,0.16267776
54.22,-2.38,Medium,0.59333515,0.067051925,0.3396129,0.59333515
54.22,-2.34,Medium,0.5181157,0.22299932,0.25888503,0.5181157
54.22,-2.24,Low,0.8858671,0.011247573,0.8858671,0.10288535
54.24,-3.38,Low,0.67489195,0.017081011,0.67489195,0.30802706
54.24,-3.36,High,0.8614808,0.8614808,0.012438759,0.12608047
54.24,-3.34,High,0.6322738,0.6322738,0.041097164,0.32662904
54.24,-3.3200000000000003,Medium,0.51926214,0.17937064,0.3013672,0.51926214
54.24,-3.3000000000000003,Low,0.6425751,0.014094066,0.6425751,0.34333086
54.24,-3.2800000000000002,High,0.526233,0.526233,0.05867328,0.41509372
54.24,-3.2600000000000002,High,0.9923195,0.9923195,0.0007219897,0.0069584846
54.24,-3.24,Medium,0.50833005,0.36898962,0.122680314,0.50833005
54.24,-3.2,High,0.579046,0.579046,0.10280131,0.31815273
54.24,-3.18,High,0.988861,0.988861,0.0003834967,0.010755524
54.24,-3.16,High,0.6599638,0.6599638,0.030872488,0.3091637
54.24,-3.14,High,0.98951703,0.98951703,0.001474783,0.009008228
54.24,-3.12,Medium,0.51355535,0.43769333,0.048751336,0.51355535
54.24,-3.1,High,0.67958707,0.67958707,0.02985994,0.290553
54.24,-3.08,High,0.77731425,0.77731425,0.031330004,0.19135575
54.24,-3.06,High,0.99354255,0.99354255,0.00030678185,0.0061507113
54.24,-3.04,Medium,0.66005194,0.1663757,0.17357235,0.66005194
54.24,-3.02,High,0.989655,0.989655,0.0010103913,0.009334551
54.24,-3.0,High,0.9638218,0.9638218,0.00047173005,0.035706416
54.24,-2.98,High,0.74034303,0.74034303,0.013721775,0.2459352
54.24,-2.96,Medium,0.6022332,0.3007931,0.09697369,0.6022332
54.24,-2.94,High,0.8832458,0.8832458,0.003529314,0.11322481
54.24,-2.92,High,0.98415065,0.98415065,0.00039961626,0.015449675
54.24,-2.88,High,0.6116119,0.6116119,0.043873243,0.34451485
54.24,-2.86,High,0.91098976,0.91098976,0.004832484,0.08417776
54.24,-2.84,Low,0.508039,0.05093582,0.508039,0.4410252
54.24,-2.82,Low,0.6422902,0.022034278,0.6422902,0.3356755
54.24,-2.8000000000000003,Low,0.59332585,0.023475178,0.59332585,0.38319892
54.24,-2.7800000000000002,High,0.99332076,0.99332076,0.00044192869,0.006237301
54.24,-2.7600000000000002,High,0.7369665,0.7369665,0.025036441,0.23799703
54.24,-2.74,Medium,0.569184,0.23480228,0.19601369,0.569184
54.24,-2.72,High,0.89492786,0.89492786,0.004101258,0.10097087
54.24,-2.7,High,0.60399127,0.60399127,0.035305917,0.36070278
54.24,-2.68,Medium,0.63927877,0.07215374,0.2885675,0.63927877
54.24,-2.64,Medium,0.47569984,0.07241303,0.45188713,0.47569984
54.24,-2.62,Medium,0.5489528,0.30719554,0.14385165,0.5489528
54.24,-2.6,Medium,0.46987796,0.40937302,0.12074906,0.46987796
54.24,-2.58,High,0.7798601,0.7798601,0.011538886,0.20860101
54.24,-2.56,High,0.7405483,0.7405483,0.008110978,0.25134066
54.26,-3.4,Low,0.53592175,0.0682367,0.53592175,0.39584157
54.26,-3.36,Medium,0.53072304,0.34788743,0.121389575,0.53072304
54.26,-3.3000000000000003,Medium,0.47773805,0.43279764,0.089464284,0.47773805
54.26,-3.2800000000000002,Low,0.4752059,0.057484727,0.4752059,0.46730945
54.26,-3.2600000000000002,High,0.9535048,0.9535048,0.0031153185,0.04337989
54.26,-3.24,High,0.6101855,0.6101855,0.047777835,0.34203666
54.26,-3.22,High,0.85435253,0.85435253,0.0053611337,0.14028631
54.26,-3.2,High,0.8805336,0.8805336,0.0030729887,0.116393484
54.26,-3.18,High,0.7349992,0.7349992,0.0123622455,0.25263855
54.26,-3.16,High,0.7637676,0.7637676,0.013313313,0.2229191
54.26,-3.14,Medium,0.7207602,0.19064587,0.08859395,0.7207602
54.26,-3.12,High,0.83365786,0.83365786,0.0058592283,0.16048293
54.26,-3.1,High,0.7771674,0.7771674,0.005685585,0.21714705
54.26,-3.08,High,0.9950523,0.9950523,0.00026891785,0.0046787686
54.26,-3.06,High,0.88778454,0.88778454,0.0032909957,0.10892444
54.26,-3.04,High,0.9653293,0.9653293,0.0013542706,0.03331651
54.26,-3.02,High,0.80596465,0.80596465,0.01612256,0.17791282
54.26,-3.0,High,0.93908376,0.93908376,0.0024445266,0.05847173
54.26,-2.98,High,0.96472347,0.96472347,0.0017712961,0.033505216
54.26,-2.96,High,0.9938081,0.9938081,0.00034172434,0.005850118
54.26,-2.94,Medium,0.58120096,0.28362238,0.13517672,0.58120096
54.26,-2.92,Medium,0.4806086,0.2614576,0.25793377,0.4806086
54.26,-2.9,Medium,0.5533314,0.2698081,0.17686048,0.5533314
54.26,-2.88,Medium,0.526926,0.35162425,0.1214498,0.526926
54.26,-2.86,Medium,0.4971632,0.33966675,0.16317001,0.4971632
54.26,-2.84,Medium,0.4684885,0.4432668,0.08824465,0.4684885
54.26,-2.82,Low,0.42100433,0.188832,0.42100433,0.39016366
54.26,-2.8000000000000003,High,0.7045271,0.7045271,0.02634965,0.26912326
54.26,-2.7800000000000002,High,0.928831,0.928831,0.0035635638,0.0676054
54.26,-2.7600000000000002,High,0.6033789,0.6033789,0.068253495,0.3283676
54.26,-2.74,High,0.874325,0.874325,0.004047891,0.1216271
54.26,-2.72,High,0.807743,0.807743,0.0046157013,0.18764134
54.26,-2.7,High,0.9956085,0.9956085,0.00034603017,0.004045493
54.26,-2.68,Medium,0.44480932,0.37458646,0.18060422,0.44480932
54.26,-2.66,High,0.4803366,0.4803366,0.078203596,0.44145975
54.26,-2.64,Low,0.655777,0.027854867,0.655777,0.31636813
54.26,-2.6,Medium,0.44539028,0.26131475,0.29329497,0.44539028
54.26,-2.58,Medium,0.5706647,0.2361964,0.19313891,0.5706647
54.26,-2.56,Medium,0.56640375,0.07820088,0.3553954,0.56640375
54.26,-2.44,Medium,0.51075184,0.18857059,0.30067754,0.51075184
54.26,-2.42,Low,0.45577243,0.11656551,0.45577243,0.42766204
54.26,-2.4,Low,0.6003623,0.084381446,0.6003623,0.31525627
54.26,-2.36,Low,0.647081,0.01606188,0.647081,0.3368571
54.26,-2.34,Low,0.49012312,0.047543995,0.49012312,0.4623329
54.28,-3.42,Low,0.7633245,0.024643822,0.7633245,0.21203166
54.28,-3.4,Medium,0.46122098,0.14015894,0.39862004,0.46122098
54.28,-3.38,High,0.91626763,0.91626763,0.0026042694,0.081128076
54.28,-3.36,Medium,0.51392055,0.25897023,0.22710922,0.51392055
54.28,-3.2800000000000002,Low,0.83262205,0.0066640126,0.83262205,0.16071399
54.28,-3.2600000000000002,Low,0.60217386,0.02901266,0.60217386,0.36881343
54.28,-3.24,High,0.8877755,0.8877755,0.0016710636,0.110553525
54.28,-3.22,High,0.9900629,0.9900629,0.0006619421,0.009275102
54.28,-3.2,Medium,0.5753954,0.2969263,0.12767832,0.5753954
54.28,-3.16,Medium,0.549245,0.34076163,0.10999338,0.549245
54.28,-3.12,High,0.574241,0.574241,0.04897001,0.37678903
54.28,-3.1,High,0.8324694,0.8324694,0.005093352,0.16243725
54.28,-3.08,High,0.48788217,0.48788217,0.063738205,0.44837958
54.28,-3.06,Medium,0.62978816,0.2663437,0.10386807,0.62978816
54.28,-3.04,High,0.47549352,0.47549352,0.05177681,0.47272965
54.28,-3.02,Medium,0.69919634,0.17026585,0.13053781,0.69919634
54.28,-2.98,High,0.7785807,0.7785807,0.016944258,0.20447496
54.28,-2.96,High,0.9920257,0.9920257,0.00030504478,0.0076692896
54.28,-2.94,High,0.5043331,0.5043331,0.05764347,0.43802348
54.28,-2.9,Medium,0.44239908,0.43438196,0.12321893,0.44239908
54.28,-2.88,Low,0.6776925,0.020725802,0.6776925,0.30158177
54.28,-2.84,High,0.462355,0.462355,0.07575148,0.4618936
54.28,-2.82,Low,0.7306175,0.0243686,0.7306175,0.24501382
54.28,-2.8000000000000003,Medium,0.4991073,0.34086636,0.16002642,0.4991073
54.28,-2.7800000000000002,High,0.78570724,0.78570724,0.010785552,0.20350721
54.28,-2.7600000000000002,Medium,0.48607406,0.41698357,0.096942365,0.48607406
54.28,-2.74,High,0.909617,0.909617,0.002660253,0.08772276
54.28,-2.72,High,0.8066348,0.8066348,0.020852817,0.17251241
54.28,-2.68,Medium,0.4485579,0.4413796,0.11006248,0.4485579
54.28,-2.66,Medium,0.49540263,0.2624593,0.24213809,0.49540263
54.28,-2.6,Low,0.6144212,0.01681815,0.6144212,0.36876065
54.28,-2.58,Medium,0.5385203,0.31438285,0.14709686,0.5385203
54.28,-2.48,Medium,0.51978683,0.30972072,0.17049246,0.51978683
54.28,-2.46,High,0.8618131,0.8618131,0.0033995104,0.1347874
54.28,-2.44,High,0.4848349,0.4848349,0.09296245,0.42220265
54.28,-2.42,Medium,0.5469704,0.17336164,0.27966785,0.5469704
54.28,-2.4,Low,0.5173388,0.112712026,0.5173388,0.36994913
54.28,-2.38,Medium,0.54139745,0.26605415,0.19254838,0.54139745
54.28,-2.36,Medium,0.5155519,0.137334,0.34711406,0.5155519
54.300000000000004,-3.42,Medium,0.5249175,0.3009433,0.17413925,0.5249175
54.300000000000004,-3.4,High,0.9124317,0.9124317,0.0032689755,0.08429931
54.300000000000004,-3.38,High,0.46128586,0.46128586,0.1344564,0.40425774
54.300000000000004,-3.36,Medium,0.5485837,0.19387543,0.25754085,0.5485837
54.300000000000004,-3.24,Medium,0.5241421,0.2807628,0.19509512,0.5241421
54.300000000000004,-3.22,High,0.57487494,0.57487494,0.048086416,0.37703866
54.300000000000004,-3.2,High,0.56065446,0.56065446,0.054591924,0.38475358
54.300000000000004,-3.18,Medium,0.4598026,0.2655442,0.27465317,0.4598026
54.300000000000004,-3.16,Medium,0.5733312,0.30459586,0.12207294,0.5733312
54.300000000000004,-3.14,Low,0.5240146,0.035905663,0.5240146,0.44007972
54.300000000000004,-3.12,Medium,0.61721,0.10219693,0.28059316,0.61721
54.300000000000004,-3.1,High,0.7542927,0.7542927,0.013162145,0.23254514
54.300000000000004,-3.08,High,0.42609313,0.42609313,0.1768668,0.39704007
54.300000000000004,-3.04,Medium,0.5436243,0.17917494,0.27720073,0.5436243
54.300000000000004,-3.02,High,0.80790037,0.80790037,0.024378568,0.16772111
54.300000000000004,-3.0,Medium,0.48910895,0.47994015,0.03095091,0.48910895
54.300000000000004,-2.96,Medium,0.49181765,0.41316748,0.09501493,0.49181765
54.300000000000004,-2.94,High,0.75199634,0.75199634,0.017420849,0.23058279
54.300000000000004,-2.92,Medium,0.6485659,0.07380423,0.2776299,0.6485659
54.300000000000004,-2.9,High,0.69735295,0.69735295,0.030708179,0.27193883
54.300000000000004,-2.88,Medium,0.5493178,0.18998192,0.26070026,0.5493178
54.300000000000004,-2.86,High,0.5897299,0.5897299,0.067340374,0.3429297
54.300000000000004,-2.84,High,0.5762791,0.5762791,0.0711629,0.352558
54.300000000000004,-2.8000000000000003,High,0.83256686,0.83256686,0.013771661,0.1536615
54.300000000000004,-2.7800000000000002,Medium,0.56053954,0.388691,0.050769456,0.56053954
54.300000000000004,-2.7600000000000002,High,0.48325557,0.48325557,0.12638526,0.39035916
54.300000000000004,-2.74,High,0.9904592,0.9904592,0.0002994258,0.0092413835
54.300000000000004,-2.72,High,0.9969662,0.9969662,0.00020007523,0.0028337382
54.300000000000004,-2.7,Medium,0.59529626,0.17529665,0.22940712,0.59529626
54.300000000000004,-2.68,High,0.67620426,0.67620426,0.028310658,0.29548508
54.300000000000004,-2.66,High,0.47614163,0.47614163,0.09299717,0.43086123
54.300000000000004,-2.64,Medium,0.6132686,0.053866647,0.33286476,0.6132686
54.300000000000004,-2.62,Low,0.7454049,0.005972001,0.7454049,0.24862309
54.300000000000004,-2.6,Medium,0.5132026,0.08209697,0.40470037,0.5132026
54.300000000000004,-2.58,Medium,0.54598254,0.21960062,0.23441684,0.54598254
54.300000000000004,-2.56,High,0.5883265,0.5883265,0.16272265,0.24895081
54.300000000000004,-2.52,High,0.6368848,0.6368848,0.03847904,0.32463613
54.300000000000004,-2.5,Medium,0.4738583,0.34412473,0.18201695,0.4738583
54.300000000000004,-2.48,Low,0.4974984,0.023321716,0.4974984,0.47917992
54.300000000000004,-2.44,Low,0.677239,0.003481348,0.677239,0.3192796
54.300000000000004,-2.42,Low,0.48083523,0.07124304,0.48083523,0.4479217
54.300000000000004,-2.4,Low,0.6760536,0.017946796,0.6760536,0.30599964
54.300000000000004,-2.38,High,0.54379123,0.54379123,0.058729008,0.39747974
54.300000000000004,-2.36,Low,0.51534426,0.062039535,0.51534426,0.4226162
54.32,-3.4,Medium,0.49452192,0.3433467,0.16213141,0.49452192
54.32,-3.38,High,0.74177176,0.74177176,0.02304419,0.23518403
54.32,-3.36,Low,0.6828077,0.017030418,0.6828077,0.3001619
54.32,-3.2600000000000002,Medium,0.4269143,0.16528429,0.40780136,0.4269143
54.32,-3.24,Medium,0.5365589,0.16234276,0.30109832,0.5365589
54.32,-3.2,Low,0.52595884,0.027059183,0.52595884,0.44698203
54.32,-3.18,Low,0.7157517,0.014324449,0.7157517,0.26992384
54.32,-3.16,Low,0.6440692,0.06662318,0.6440692,0.28930768
54.32,-3.14,High,0.47084698,0.47084698,0.092528045,0.43662494
54.32,-3.12,Low,0.51394075,0.0402277,0.51394075,0.4458316
54.32,-3.1,High,0.65996593,0.65996593,0.025978237,0.31405583
54.32,-3.02,High,0.91081804,0.91081804,0.0035629726,0.08561893
54.32,-3.0,Medium,0.6057904,0.1664715,0.22773819,0.6057904
54.32,-2.98,High,0.6028452,0.6028452,0.0345583,0.3625965
54.32,-2.96,Medium,0.4418766,0.4230178,0.1351056,0.4418766
54.32,-2.94,High,0.9640123,0.9640123,0.0011058348,0.034881797
54.32,-2.92,Low,0.52526635,0.07641749,0.52526635,0.39831614
54.32,-2.9,Medium,0.48702505,0.45514032,0.05783469,0.48702505
54.32,-2.88,High,0.80999637,0.80999637,0.007737051,0.18226665
54.32,-2.86,High,0.90180224,0.90180224,0.0039099013,0.0942878
54.32,-2.84,Medium,0.63551396,0.21857949,0.14590655,0.63551396
54.32,-2.82,High,0.8725875,0.8725875,0.0048048524,0.12260757
54.32,-2.8000000000000003,Medium,0.44471264,0.38122958,0.17405784,0.44471264
54.32,-2.7800000000000002,Medium,0.5133995,0.058632392,0.4279681,0.5133995
54.32,-2.7600000000000002,High,0.99058306,0.99058306,0.000303023,0.009113938
54.32,-2.74,High,0.9965814,0.9965814,0.0005002103,0.0029184874
54.32,-2.72,High,0.998027,0.998027,0.00028686612,0.0016861296
54.32,-2.7,High,0.76230085,0.76230085,0.010023628,0.22767553
54.32,-2.68,Medium,0.5070642,0.19959785,0.29333794,0.5070642
54.32,-2.66,Medium,0.5590641,0.15062116,0.29031476,0.5590641
54.32,-2.64,Medium,0.50530237,0.25961873,0.23507889,0.50530237
54.32,-2.62,Low,0.6472561,0.011826645,0.6472561,0.3409173
54.32,-2.6,Low,0.79357564,0.0046989224,0.79357564,0.20172547
54.32,-2.58,Medium,0.5692632,0.14454356,0.28619322,0.5692632
54.32,-2.56,High,0.731486,0.731486,0.025587995,0.24292594
54.32,-2.54,High,0.990482,0.990482,0.00048826763,0.009029702
54.32,-2.52,High,0.9966169,0.9966169,0.00017968277,0.0032034395
54.32,-2.5,High,0.700822,0.700822,0.029748539,0.26942945
54.32,-2.48,Medium,0.4671567,0.30936304,0.22348025,0.4671567
54.32,-2.46,Low,0.6221878,0.02384994,0.6221878,0.35396224
54.32,-2.44,Low,0.5555273,0.03354572,0.5555273,0.41092694
54.32,-2.42,Low,0.7476828,0.007525584,0.7476828,0.24479163
54.32,-2.36,Low,0.64327323,0.038166754,0.64327323,0.31856
54.32,-2.34,Medium,0.4664676,0.15236427,0.38116816,0.4664676
54.32,-2.32,Medium,0.555058,0.2781256,0.16681638,0.555058
54.34,-3.4,Medium,0.63847375,0.2037464,0.15777986,0.63847375
54.34,-3.38,High,0.5726911,0.5726911,0.042209703,0.38509917
54.34,-3.36,High,0.60664254,0.60664254,0.035537414,0.35782003
54.34,-3.24,Medium,0.54749084,0.10123466,0.35127452,0.54749084
54.34,-3.22,Medium,0.5027887,0.31637344,0.18083781,0.5027887
54.34,-3.14,Low,0.6468112,0.017824484,0.6468112,0.33536434
54.34,-3.12,Medium,0.59835166,0.11144384,0.29020452,0.59835166
54.34,-3.1,High,0.9433199,0.9433199,0.0008610184,0.05581906
54.34,-3.08,Medium,0.5934728,0.27543604,0.13109118,0.5934728
54.34,-3.06,High,0.61980397,0.61980397,0.059707478,0.32048857
54.34,-3.04,Medium,0.5184632,0.18435937,0.29717743,0.5184632
54.34,-3.02,High,0.5298434,0.5298434,0.050890777,0.41926584
54.34,-3.0,Medium,0.57718265,0.31513834,0.10767896,0.57718265
54.34,-2.98,High,0.63459563,0.63459563,0.046464697,0.31893966
54.34,-2.96,High,0.73816645,0.73816645,0.025813958,0.23601961
54.34,-2.94,High,0.95937467,0.95937467,0.0016723869,0.038952928
54.34,-2.92,High,0.9523521,0.9523521,0.0009194364,0.046728462
54.34,-2.9,High,0.80471945,0.80471945,0.007803518,0.18747707
54.34,-2.88,High,0.5995074,0.5995074,0.03819125,0.36230132
54.34,-2.86,Medium,0.5166019,0.35674933,0.12664875,0.5166019
54.34,-2.84,High,0.5652004,0.5652004,0.021238673,0.41356093
54.34,-2.82,High,0.6411037,0.6411037,0.014397183,0.3444992
54.34,-2.8000000000000003,Medium,0.4766007,0.44831875,0.07508055,0.4766007
54.34,-2.7800000000000002,High,0.64508617,0.64508617,0.037560686,0.31735307
54.34,-2.7600000000000002,High,0.99681383,0.99681383,0.00019131223,0.0029948421
54.34,-2.74,High,0.9971367,0.9971367,0.0003434465,0.0025198245
54.34,-2.72,High,0.9024121,0.9024121,0.0018634078,0.095724456
54.34,-2.7,Low,0.5959175,0.026426334,0.5959175,0.37765613
54.34,-2.68,Medium,0.63931924,0.06493537,0.29574537,0.63931924
54.34,-2.66,Medium,0.52836114,0.22973175,0.24190708,0.52836114
54.34,-2.64,Medium,0.5025281,0.060038958,0.43743297,0.5025281
54.34,-2.62,Medium,0.5013775,0.05583155,0.44279096,0.5013775
54.34,-2.58,Medium,0.62630326,0.0939986,0.27969813,0.62630326
54.34,-2.56,High,0.64751995,0.64751995,0.08187277,0.27060726
54.34,-2.5,Medium,0.64826405,0.09399581,0.2577401,0.64826405
54.34,-2.48,Medium,0.4965496,0.33670875,0.16674164,0.4965496
54.34,-2.32,Medium,0.5163531,0.40608644,0.07756049,0.5163531
54.34,-2.3000000000000003,Low,0.74515575,0.006683968,0.74515575,0.24816032
54.36,-3.42,High,0.6493775,0.6493775,0.029424002,0.32119852
54.36,-3.4,High,0.7678832,0.7678832,0.004682313,0.22743447
54.36,-3.38,Medium,0.5136339,0.44484073,0.041525383,0.5136339
54.36,-3.36,Medium,0.52790874,0.2391386,0.23295268,0.52790874
54.36,-3.34,Medium,0.55007094,0.2224187,0.22751035,0.55007094
54.36,-3.2800000000000002,Low,0.61432755,0.015412926,0.61432755,0.37025952
54.36,-3.2,Medium,0.49587733,0.06059466,0.443528,0.49587733
54.36,-3.18,Low,0.48423058,0.094960645,0.48423058,0.4208088
54.36,-3.08,High,0.9933703,0.9933703,0.0011302609,0.0054994733
54.36,-3.06,High,0.82886976,0.82886976,0.037929192,0.133201
54.36,-3.04,Low,0.506139,0.043463867,0.506139,0.4503971
54.36,-3.02,Medium,0.43615127,0.3291854,0.23466334,0.43615127
54.36,-3.0,High,0.9956377,0.9956377,0.0002600452,0.004102273
54.36,-2.98,High,0.94784003,0.94784003,0.0008532781,0.05130666
54.36,-2.96,High,0.52845114,0.52845114,0.043232713,0.42831615
54.36,-2.94,High,0.5323145,0.5323145,0.03010115,0.43758437
54.36,-2.92,High,0.9930097,0.9930097,0.0004932163,0.0064971396
54.36,-2.9,High,0.9946386,0.9946386,0.00028845284,0.0050729853
54.36,-2.88,High,0.5707764,0.5707764,0.055962957,0.37326065
54.36,-2.86,Medium,0.47184342,0.11873559,0.40942097,0.47184342
54.36,-2.84,Medium,0.6057455,0.30799943,0.086255126,0.6057455
54.36,-2.82,High,0.63656276,0.63656276,0.041210975,0.3222263
54.36,-2.8000000000000003,High,0.62655807,0.62655807,0.052161533,0.3212804
54.36,-2.7800000000000002,High,0.891196,0.891196,0.002036231,0.10676778
54.36,-2.7600000000000002,High,0.99310124,0.99310124,0.00026545962,0.0066332826
54.36,-2.74,Medium,0.49534196,0.44962472,0.055033386,0.49534196
54.36,-2.72,High,0.81121534,0.81121534,0.0029793887,0.18580528
54.36,-2.7,High,0.49025837,0.49025837,0.048570354,0.4611713
54.36,-2.68,High,0.5329491,0.5329491,0.034131516,0.43291938
54.36,-2.66,High,0.77852607,0.77852607,0.020330517,0.20114347
54.36,-2.64,High,0.63152057,0.63152057,0.033343166,0.3351362
54.36,-2.62,High,0.72346663,0.72346663,0.04708164,0.22945176
54.36,-2.6,High,0.55106217,0.55106217,0.039463665,0.4094742
54.36,-2.58,Medium,0.44794878,0.31844932,0.23360185,0.44794878
54.36,-2.56,High,0.46160325,0.46160325,0.16260658,0.3757902
54.36,-2.48,Low,0.8032345,0.012423067,0.8032345,0.18434235
54.36,-2.46,Low,0.4989637,0.039570514,0.4989637,0.46146575
54.38,-3.46,High,0.70511967,0.70511967,0.023720942,0.27115938
54.38,-3.44,High,0.9394098,0.9394098,0.003579672,0.057010587
54.38,-3.42,High,0.9332398,0.9332398,0.0020706388,0.06468961
54.38,-3.4,High,0.98643506,0.98643506,0.00053719303,0.013027785
54.38,-3.38,High,0.7194222,0.7194222,0.07677123,0.20380655
54.38,-3.36,Medium,0.6267643,0.18449977,0.18873593,0.6267643
54.38,-3.34,High,0.54383314,0.54383314,0.04361106,0.41255578
54.38,-3.3200000000000003,High,0.79297024,0.79297024,0.014007212,0.19302255
54.38,-3.18,Low,0.64703226,0.034076966,0.64703226,0.31889078
54.38,-3.1,Medium,0.751371,0.12906067,0.119568296,0.751371
54.38,-3.08,High,0.5309935,0.5309935,0.057682253,0.4113242
54.38,-3.06,High,0.8661999,0.8661999,0.012112752,0.121687375
54.38,-3.04,Medium,0.5769391,0.10471974,0.31834114,0.5769391
54.38,-3.02,High,0.92601556,0.92601556,0.0028606055,0.07112383
54.38,-3.0,High,0.9959914,0.9959914,0.00025757073,0.0037510986
54.38,-2.98,Medium,0.77670914,0.1540097,0.06928114,0.77670914
54.38,-2.96,Medium,0.50080216,0.18629503,0.31290284,0.50080216
54.38,-2.94,Medium,0.54847604,0.06614108,0.38538286,0.54847604
54.38,-2.92,High,0.9984705,0.9984705,0.00017696006,0.0013525411
54.38,-2.9,High,0.99275595,0.99275595,0.00077564124,0.00646837
54.38,-2.88,High,0.53190196,0.53190196,0.16569248,0.3024056
54.38,-2.86,High,0.7722519,0.7722519,0.0064568655,0.22129118
54.38,-2.84,Medium,0.5677091,0.23506221,0.1972287,0.5677091
54.38,-2.82,High,0.99482465,0.99482465,0.0003849801,0.0047904355
54.38,-2.8000000000000003,Medium,0.47034153,0.46708074,0.06257775,0.47034153
54.38,-2.7800000000000002,High,0.4616021,0.4616021,0.087227225,0.4511707
54.38,-2.7600000000000002,Low,0.6545265,0.014384381,0.6545265,0.33108914
54.38,-2.74,Medium,0.5011124,0.3679939,0.1308937,0.5011124
54.38,-2.72,High,0.72957623,0.72957623,0.021216666,0.24920703
54.38,-2.7,High,0.48876765,0.48876765,0.06503747,0.44619492
54.38,-2.68,Medium,0.49630156,0.37419513,0.1295033,0.49630156
54.38,-2.66,Medium,0.57313526,0.14568448,0.28118032,0.57313526
54.38,-2.64,Medium,0.49788278,0.031362467,0.47075474,0.49788278
54.38,-2.62,Low,0.54188573,0.014189839,0.54188573,0.44392446
54.38,-2.58,Low,0.58555573,0.05714807,0.58555573,0.35729617
54.38,-2.56,Low,0.7222569,0.009278747,0.7222569,0.2684644
54.38,-2.54,Low,0.6497387,0.019165749,0.6497387,0.33109546
54.38,-2.46,Low,0.6952441,0.017704861,0.6952441,0.28705102
54.38,-2.44,Low,0.6686804,0.0168195,0.6686804,0.3145001
54.38,-2.42,Low,0.6459408,0.03471882,0.6459408,0.31934044
54.38,-2.34,Low,0.5640382,0.04989815,0.5640382,0.38606367
54.4,-3.48,High,0.99062437,0.99062437,0.0008058301,0.008569868
54.4,-3.46,Medium,0.5122676,0.3429629,0.1447695,0.5122676
54.4,-3.44,High,0.59806424,0.59806424,0.04661326,0.35532248
54.4,-3.42,High,0.55107415,0.55107415,0.15698916,0.29193667
54.4,-3.4,High,0.7815635,0.7815635,0.02907729,0.18935914
54.4,-3.38,High,0.7341886,0.7341886,0.009634483,0.25617686
54.4,-3.36,Medium,0.5416322,0.036154587,0.42221323,0.5416322
54.4,-3.34,Medium,0.5451242,0.08940078,0.36547503,0.5451242
54.4,-3.3200000000000003,High,0.48307744,0.48307744,0.09561572,0.42130685
54.4,-3.3000000000000003,Low,0.70819545,0.011377233,0.70819545,0.28042725
54.4,-3.2800000000000002,High,0.5958098,0.5958098,0.047674544,0.35651568
54.4,-3.24,Low,0.8406595,0.0052937823,0.8406595,0.15404673
54.4,-3.16,Low,0.8315018,0.0072547006,0.8315018,0.1612435
54.4,-3.06,Medium,0.5562071,0.16927959,0.27451333,0.5562071
54.4,-3.04,Medium,0.56966776,0.0207688,0.40956342,0.56966776
54.4,-3.02,Medium,0.7615312,0.10627369,0.13219512,0.7615312
54.4,-3.0,High,0.81860596,0.81860596,0.011350216,0.17004386
54.4,-2.98,High,0.53190017,0.53190017,0.029872421,0.4382274
54.4,-2.96,High,0.70044434,0.70044434,0.015645556,0.28391013
54.4,-2.94,High,0.9245139,0.9245139,0.001516538,0.07396961
54.4,-2.92,High,0.9967843,0.9967843,0.00021575883,0.0029998757
54.4,-2.9,High,0.8072336,0.8072336,0.0048255464,0.1879409
54.4,-2.88,Medium,0.5235823,0.379398,0.09701969,0.5235823
54.4,-2.84,Medium,0.55882674,0.17821093,0.26296234,0.55882674
54.4,-2.82,Medium,0.45990983,0.36045906,0.17963113,0.45990983
54.4,-2.8000000000000003,Medium,0.5922908,0.054018795,0.3536904,0.5922908
54.4,-2.7600000000000002,Low,0.77405065,0.0039727297,0.77405065,0.22197665
54.4,-2.72,High,0.5835222,0.5835222,0.051001158,0.36547664
54.4,-2.7,Medium,0.53704584,0.026505169,0.436449,0.53704584
54.4,-2.68,Low,0.540568,0.031734202,0.540568,0.4276978
54.4,-2.64,Low,0.8463175,0.004189416,0.8463175,0.1494931
54.4,-2.6,Low,0.53630584,0.071562134,0.53630584,0.392132
54.4,-2.58,Medium,0.50796413,0.09404845,0.39798743,0.50796413
54.4,-2.42,Low,0.7186516,0.026454499,0.7186516,0.2548939
54.4,-2.4,Low,0.5666067,0.021326764,0.5666067,0.41206652
54.4,-2.34,Medium,0.48046735,0.076690234,0.44284248,0.48046735
54.42,-3.52,High,0.4822914,0.4822914,0.06761802,0.45009056
54.42,-3.5,Low,0.5513229,0.1344411,0.5513229,0.314236
54.42,-3.48,Medium,0.73229015,0.19204041,0.075669445,0.73229015
54.42,-3.46,High,0.7384111,0.7384111,0.021361528,0.24022734
54.42,-3.44,High,0.9925655,0.9925655,0.000275266,0.0071592
54.42,-3.42,High,0.97374016,0.97374016,0.00035211767,0.025907723
54.42,-3.4,Low,0.52459836,0.04452962,0.52459836,0.43087205
54.42,-3.38,Medium,0.5782976,0.18564048,0.23606192,0.5782976
54.42,-3.36,Medium,0.5988669,0.27920425,0.1219289,0.5988669
54.42,-3.34,Low,0.699088,0.0034692055,0.699088,0.29744285
54.42,-3.3200000000000003,Medium,0.50440437,0.050419968,0.4451757,0.50440437
54.42,-3.08,Low,0.62678766,0.019987324,0.62678766,0.35322502
54.42,-3.06,High,0.5346971,0.5346971,0.041536205,0.4237667
54.42,-3.04,High,0.4392302,0.4392302,0.1520032,0.40876666
54.42,-3.02,High,0.91127086,0.91127086,0.0019455334,0.08678361
54.42,-3.0,High,0.7545549,0.7545549,0.016805518,0.22863956
54.42,-2.98,High,0.9947994,0.9947994,0.0003237688,0.0048768953
54.42,-2.96,High,0.98731065,0.98731065,0.0011291598,0.0115602035
54.42,-2.94,High,0.7972588,0.7972588,0.03670065,0.16604055
54.42,-2.92,High,0.5433147,0.5433147,0.029158171,0.42752716
54.42,-2.9,High,0.71089745,0.71089745,0.014272948,0.2748296
54.42,-2.84,Medium,0.51846856,0.27560997,0.20592146,0.51846856
54.42,-2.7800000000000002,Medium,0.4802275,0.067800075,0.45197248,0.4802275
54.42,-2.7600000000000002,Low,0.8150991,0.0062206737,0.8150991,0.17868023
54.42,-2.7,Medium,0.5447352,0.12993936,0.3253255,0.5447352
54.42,-2.6,High,0.7583644,0.7583644,0.013783499,0.22785215
54.42,-2.58,Medium,0.57357836,0.046845183,0.37957644,0.57357836
54.42,-2.48,Medium,0.6089763,0.30137414,0.089649536,0.6089763
54.42,-2.44,High,0.7913874,0.7913874,0.026546529,0.1820661
54.42,-2.42,High,0.882709,0.882709,0.006128494,0.11116251
54.42,-2.4,Medium,0.4880237,0.39084315,0.12113312,0.4880237
54.42,-2.34,Medium,0.51148736,0.09745008,0.39106256,0.51148736
54.44,-3.54,High,0.69987005,0.69987005,0.012992264,0.28713772
54.44,-3.52,High,0.91749066,0.91749066,0.0035743273,0.078935
54.44,-3.5,High,0.50884986,0.50884986,0.02115353,0.4699966
54.44,-3.48,High,0.83320385,0.83320385,0.004609048,0.16218714
54.44,-3.46,High,0.7171351,0.7171351,0.015766315,0.26709864
54.44,-3.42,Low,0.58415204,0.06837802,0.58415204,0.34746996
54.44,-3.36,Low,0.61864233,0.022799434,0.61864233,0.3585582
54.44,-3.34,Low,0.5159049,0.04886466,0.5159049,0.43523046
54.44,-3.12,Low,0.7337977,0.005511143,0.7337977,0.2606912
54.44,-3.1,Low,0.5956112,0.05735051,0.5956112,0.3470383
54.44,-3.08,Medium,0.5649309,0.17659052,0.25847852,0.5649309
54.44,-3.06,High,0.69242346,0.69242346,0.03430911,0.2732674
54.44,-3.04,High,0.97436416,0.97436416,0.00082050305,0.024815293
54.44,-3.02,High,0.6172173,0.6172173,0.055886764,0.32689592
54.44,-2.98,High,0.8554106,0.8554106,0.010273094,0.13431628
54.44,-2.96,High,0.9973966,0.9973966,0.0002910013,0.0023124032
54.44,-2.9,Medium,0.50899976,0.18408066,0.30691954,0.50899976
54.44,-2.84,Low,0.4872903,0.0538219,0.4872903,0.45888785
54.44,-2.82,Low,0.7711736,0.0066550076,0.7711736,0.2221714
54.44,-2.8000000000000003,Low,0.62500006,0.05109814,0.62500006,0.32390183
54.44,-2.7,Low,0.660361,0.015860487,0.660361,0.32377848
54.44,-2.64,Low,0.5319985,0.06427186,0.5319985,0.40372968
54.44,-2.62,Medium,0.68307036,0.2252715,0.09165812,0.68307036
54.44,-2.6,High,0.99394786,0.99394786,0.00025489143,0.0057972814
54.44,-2.58,High,0.6704769,0.6704769,0.030083597,0.2994395
54.44,-2.56,Medium,0.45891312,0.4505207,0.0905662,0.45891312
54.44,-2.54,Medium,0.53514856,0.26981357,0.19503786,0.53514856
54.44,-2.52,Medium,0.5256782,0.25768077,0.21664098,0.5256782
54.44,-2.5,Low,0.49539706,0.03895304,0.49539706,0.46564984
54.44,-2.48,Medium,0.5525271,0.41836008,0.029112834,0.5525271
54.44,-2.46,High,0.9834872,0.9834872,0.0013227331,0.015190064
54.44,-2.44,High,0.4976328,0.4976328,0.049956143,0.45241103
54.44,-2.42,High,0.6058332,0.6058332,0.011506779,0.38266006
54.44,-2.4,Low,0.5804585,0.06654091,0.5804585,0.35300052
54.44,-2.36,Medium,0.613778,0.25141594,0.1348061,0.613778
54.44,-2.34,Medium,0.55286086,0.023388747,0.4237504,0.55286086
54.46,-3.58,Medium,0.5076099,0.27951875,0.21287134,0.5076099
54.46,-3.56,High,0.9463604,0.9463604,0.0014025616,0.052236963
54.46,-3.54,Medium,0.53199416,0.38554546,0.0824604,0.53199416
54.46,-3.52,High,0.9880812,0.9880812,0.0005583284,0.0113604525
54.46,-3.5,High,0.6678622,0.6678622,0.024521498,0.30761632
54.46,-3.48,Medium,0.6027653,0.09986921,0.29736543,0.6027653
54.46,-3.2600000000000002,Low,0.56747484,0.028945547,0.56747484,0.4035796
54.46,-3.08,Medium,0.5094836,0.08432129,0.40619516,0.5094836
54.46,-3.06,Medium,0.554956,0.0986828,0.34636116,0.554956
54.46,-3.04,High,0.57947034,0.57947034,0.04622697,0.3743027
54.46,-3.02,High,0.99444467,0.99444467,0.0007529537,0.004802367
54.46,-3.0,Medium,0.6167892,0.013187477,0.3700233,0.6167892
54.46,-2.98,High,0.7420657,0.7420657,0.059331536,0.19860275
54.46,-2.82,Low,0.73757386,0.00914212,0.73757386,0.253284
54.46,-2.64,Low,0.53626794,0.07674339,0.53626794,0.3869887
54.46,-2.62,Medium,0.6066115,0.14624366,0.24714483,0.6066115
54.46,-2.6,High,0.99358034,0.99358034,0.000461924,0.0059577217
54.46,-2.58,High,0.9890766,0.9890766,0.00026401822,0.010659323
54.46,-2.56,Medium,0.67827046,0.10038655,0.22134303,0.67827046
54.46,-2.54,Medium,0.53108394,0.1370722,0.33184385,0.53108394
54.46,-2.52,Low,0.7312967,0.013059346,0.7312967,0.25564393
54.46,-2.48,High,0.58731574,0.58731574,0.077850804,0.33483344
54.46,-2.46,High,0.6237229,0.6237229,0.06004682,0.3162303
54.46,-2.4,Medium,0.4232328,0.3377085,0.23905873,0.4232328
54.46,-2.38,Medium,0.52660376,0.040639285,0.43275693,0.52660376
54.46,-2.36,High,0.9903785,0.9903785,0.00056161033,0.009059873
54.46,-2.34,Medium,0.463257,0.4425752,0.09416778,0.463257
54.480000000000004,-3.6,Low,0.55935603,0.023697928,0.55935603,0.41694602
54.480000000000004,-3.58,High,0.7922312,0.7922312,0.015082185,0.19268665
54.480000000000004,-3.56,Medium,0.5227244,0.36361176,0.11366384,0.5227244
54.480000000000004,-3.54,High,0.9952167,0.9952167,0.00042736167,0.004355968
54.480000000000004,-3.52,High,0.9982566,0.9982566,0.00022809235,0.0015153093
54.480000000000004,-3.5,High,0.8026561,0.8026561,0.017724095,0.17961982
54.480000000000004,-3.48,Medium,0.51734024,0.37439203,0.10826773,0.51734024
54.480000000000004,-3.04,Medium,0.44345304,0.3686085,0.18793848,0.44345304
54.480000000000004,-3.02,Medium,0.5540881,0.34579673,0.10011512,0.5540881
54.480000000000004,-2.7,Low,0.82939845,0.0065152925,0.82939845,0.16408631
54.480000000000004,-2.66,Medium,0.48193622,0.31049484,0.20756894,0.48193622
54.480000000000004,-2.64,Medium,0.5980557,0.30690253,0.0950418,0.5980557
54.480000000000004,-2.58,Medium,0.7048791,0.101749666,0.19337124,0.7048791
54.480000000000004,-2.52,Medium,0.48559645,0.07374693,0.44065666,0.48559645
54.480000000000004,-2.48,Low,0.78657675,0.014239397,0.78657675,0.1991839
54.480000000000004,-2.46,Low,0.71385556,0.009640966,0.71385556,0.2765035
54.480000000000004,-2.42,High,0.8660054,0.8660054,0.003670452,0.13032418
54.480000000000004,-2.4,Low,0.752447,0.0073209302,0.752447,0.24023204
54.480000000000004,-2.38,Low,0.63596517,0.023601526,0.63596517,0.34043333
54.480000000000004,-2.36,High,0.9836361,0.9836361,0.0005048269,0.015859094
54.480000000000004,-2.34,High,0.990339,0.990339,0.00048398724,0.009176979
54.480000000000004,-2.32,Low,0.7373429,0.009678648,0.7373429,0.2529784
54.480000000000004,-2.2800000000000002,Low,0.5651315,0.05240615,0.5651315,0.38246235
54.480000000000004,-2.2600000000000002,Low,0.71063846,0.00846711,0.71063846,0.28089446
54.480000000000004,-2.24,Low,0.781508,0.0058094994,0.781508,0.21268249
54.5,-3.6,High,0.9963289,0.9963289,0.0002344198,0.0034367344
54.5,-3.58,High,0.6165126,0.6165126,0.016332177,0.3671552
54.5,-3.56,High,0.7605094,0.7605094,0.0104503045,0.22904032
54.5,-3.54,High,0.9902812,0.9902812,0.0003123104,0.009406401
54.5,-3.52,High,0.99546957,0.99546957,0.00056449976,0.003965985
54.5,-3.46,Medium,0.50653553,0.06522364,0.42824087,0.50653553
54.5,-3.04,Low,0.83337927,0.004102658,0.83337927,0.16251811
54.5,-2.92,Medium,0.5615277,0.045056704,0.39341557,0.5615277
54.5,-2.7,Low,0.53226954,0.020347403,0.53226954,0.44738308
54.5,-2.68,Medium,0.61341554,0.23992616,0.14665836,0.61341554
54.5,-2.66,Low,0.43386582,0.2327985,0.43386582,0.3333357
54.5,-2.58,Medium,0.57541347,0.25087258,0.17371392,0.57541347
54.5,-2.52,Low,0.7539784,0.0062650647,0.7539784,0.23975655
54.5,-2.5,Medium,0.53194755,0.28279737,0.1852551,0.53194755
54.5,-2.48,Low,0.6200433,0.037841972,0.6200433,0.3421147
54.5,-2.46,Low,0.7662914,0.007420131,0.7662914,0.2262885
54.5,-2.44,Medium,0.47175375,0.10923552,0.41901076,0.47175375
54.5,-2.4,High,0.44907996,0.44907996,0.12556107,0.425359
54.5,-2.38,Medium,0.5157625,0.2531691,0.23106836,0.5157625
54.5,-2.36,Low,0.54293984,0.025867544,0.54293984,0.43119264
54.5,-2.34,High,0.79489815,0.79489815,0.007279822,0.19782202
54.5,-2.32,High,0.8586588,0.8586588,0.00719951,0.13414168
54.5,-2.3000000000000003,Medium,0.5700436,0.22352684,0.20642959,0.5700436
54.5,-2.2800000000000002,Low,0.75582236,0.035756696,0.75582236,0.20842096
54.5,-2.2600000000000002,Medium,0.52649266,0.23434839,0.23915894,0.52649266
54.5,-2.24,Medium,0.5781279,0.21723476,0.2046373,0.5781279
54.52,-3.64,Low,0.5854549,0.03171144,0.5854549,0.3828337
54.52,-3.62,High,0.5532409,0.5532409,0.05558611,0.39117298
54.52,-3.6,High,0.9610463,0.9610463,0.0007020474,0.03825163
54.52,-3.58,High,0.99660385,0.99660385,0.00046558576,0.0029306104
54.52,-3.56,High,0.9876923,0.9876923,0.00025005094,0.01205759
54.52,-3.54,High,0.99808085,0.99808085,0.00019185431,0.0017272554
54.52,-3.52,High,0.9968041,0.9968041,0.00038987247,0.0028059683
54.52,-3.5,High,0.99281126,0.99281126,0.0016457526,0.0055430117
54.52,-3.48,High,0.67277354,0.67277354,0.031757697,0.29546878
54.52,-3.46,Medium,0.48947844,0.25097516,0.25954637,0.48947844
54.52,-3.44,High,0.6409597,0.6409597,0.03309772,0.32594258
54.52,-3.42,Medium,0.59548265,0.06957024,0.33494714,0.59548265
54.52,-3.16,High,0.47089875,0.47089875,0.09366677,0.4354345
54.52,-3.14,High,0.6902539,0.6902539,0.016310958,0.29343513
54.52,-2.94,Medium,0.59228855,0.23378901,0.17392246,0.59228855
54.52,-2.92,Medium,0.5683784,0.18000737,0.25161424,0.5683784
54.52,-2.7600000000000002,Low,0.78695357,0.007740299,0.78695357,0.20530611
54.52,-2.74,Medium,0.49400115,0.11453193,0.3914669,0.49400115
54.52,-2.72,Medium,0.45334148,0.104884505,0.44177404,0.45334148
54.52,-2.7,Medium,0.55006117,0.36807233,0.08186649,0.55006117
54.52,-2.68,High,0.9936581,0.9936581,0.00022018372,0.0061216885
54.52,-2.66,High,0.99122065,0.99122065,0.000583939,0.0081954645
54.52,-2.64,Medium,0.4540389,0.40990615,0.13605496,0.4540389
54.52,-2.6,Medium,0.55134165,0.22062361,0.22803469,0.55134165
54.52,-2.58,High,0.6928332,0.6928332,0.022139817,0.28502697
54.52,-2.5,High,0.5048212,0.5048212,0.06589995,0.42927882
54.52,-2.48,Medium,0.43258488,0.33814362,0.22927152,0.43258488
54.52,-2.42,Medium,0.52404445,0.26118082,0.21477468,0.52404445
54.52,-2.4,Low,0.5407986,0.040065665,0.5407986,0.41913575
54.52,-2.38,Medium,0.4857053,0.35130537,0.16298929,0.4857053
54.52,-2.36,High,0.5719206,0.5719206,0.03663539,0.3914441
54.52,-2.34,High,0.47767276,0.47767276,0.1231401,0.3991871
54.52,-2.32,High,0.9872355,0.9872355,0.0013669026,0.011397599
54.52,-2.3000000000000003,Medium,0.4771866,0.44734952,0.075463854,0.4771866
54.52,-2.2800000000000002,Low,0.48132202,0.051279917,0.48132202,0.4673981
54.52,-2.2600000000000002,Medium,0.5408652,0.09872198,0.36041284,0.5408652
54.52,-2.24,Medium,0.45823088,0.23587115,0.30589795,0.45823088
54.52,-2.22,Low,0.5824746,0.029585965,0.5824746,0.38793948
54.54,-3.6,High,0.99542916,0.99542916,0.00029028775,0.004280548
54.54,-3.58,High,0.9950063,0.9950063,0.00030886428,0.004684734
54.54,-3.56,High,0.9973694,0.9973694,0.00039190392,0.002238705
54.54,-3.54,High,0.8271322,0.8271322,0.0033592174,0.16950858
54.54,-3.52,High,0.5371477,0.5371477,0.014398209,0.44845408
54.54,-3.5,High,0.9981273,0.9981273,0.00022460689,0.0016481095
54.54,-3.48,High,0.959906,0.959906,0.0014900834,0.038603913
54.54,-3.46,Medium,0.75956565,0.11365171,0.12678263,0.75956565
54.54,-3.44,High,0.82248384,0.82248384,0.0029419423,0.17457424
54.54,-3.42,Medium,0.49233317,0.016856028,0.49081078,0.49233317
54.54,-3.4,Medium,0.4602767,0.42589596,0.113827385,0.4602767
54.54,-3.38,Low,0.520047,0.039529175,0.520047,0.4404238
54.54,-3.2800000000000002,Medium,0.46808293,0.08186387,0.4500532,0.46808293
54.54,-3.2600000000000002,Low,0.90186304,0.002782949,0.90186304,0.09535402
54.54,-3.16,Medium,0.47402313,0.11001022,0.41596666,0.47402313
54.54,-3.14,Low,0.61657524,0.017409433,0.61657524,0.3660153
54.54,-3.12,Low,0.7002215,0.014130638,0.7002215,0.28564787
54.54,-3.06,Medium,0.46675092,0.091474384,0.44177473,0.46675092
54.54,-2.98,Low,0.51897013,0.0422129,0.51897013,0.43881696
54.54,-2.96,High,0.60235167,0.60235167,0.05619755,0.3414508
54.54,-2.94,High,0.97774476,0.97774476,0.0008563774,0.021398839
54.54,-2.92,Medium,0.54531974,0.37941545,0.07526482,0.54531974
54.54,-2.88,Low,0.7062865,0.020915294,0.7062865,0.2727982
54.54,-2.7600000000000002,Medium,0.48312306,0.40595675,0.110920206,0.48312306
54.54,-2.72,High,0.86046463,0.86046463,0.011021906,0.12851346
54.54,-2.7,Medium,0.6220428,0.27613637,0.10182085,0.6220428
54.54,-2.68,High,0.9009365,0.9009365,0.0031234892,0.09594
54.54,-2.66,Medium,0.5854826,0.06758608,0.3469313,0.5854826
54.54,-2.64,Medium,0.5116742,0.12466612,0.36365968,0.5116742
54.54,-2.62,Medium,0.566409,0.020034134,0.41355687,0.566409
54.54,-2.6,Low,0.6016159,0.056300674,0.6016159,0.34208342
54.54,-2.58,High,0.77185535,0.77185535,0.014620214,0.21352443
54.54,-2.56,Low,0.7163203,0.02179363,0.7163203,0.26188615
54.54,-2.52,Medium,0.54711396,0.2918792,0.1610068,0.54711396
54.54,-2.5,Low,0.43704924,0.14470547,0.43704924,0.41824523
54.54,-2.48,Medium,0.6129279,0.1074166,0.27965552,0.6129279
54.54,-2.46,Medium,0.5294728,0.28258744,0.18793975,0.5294728
54.54,-2.42,High,0.79391736,0.79391736,0.015551619,0.19053096
54.54,-2.4,High,0.87925327,0.87925327,0.009757669,0.110989034
54.54,-2.38,High,0.5707357,0.5707357,0.041422997,0.38784128
54.54,-2.34,Medium,0.50253534,0.25733078,0.24013394,0.50253534
54.54,-2.32,High,0.47051015,0.47051015,0.106603645,0.4228862
54.54,-2.2800000000000002,Low,0.71738696,0.005872779,0.71738696,0.27674028
54.54,-2.2600000000000002,Low,0.4929485,0.069831595,0.4929485,0.43721998
54.56,-3.58,High,0.99714226,0.99714226,0.0002768289,0.0025809286
54.56,-3.56,High,0.9961514,0.9961514,0.00029020652,0.0035584206
54.56,-3.54,High,0.6440404,0.6440404,0.027734656,0.32822493
54.56,-3.5,Medium,0.75589716,0.08924251,0.15486035,0.75589716
54.56,-3.48,High,0.90755254,0.90755254,0.0013140423,0.09113342
54.56,-3.46,High,0.9937709,0.9937709,0.00021980963,0.00600927
54.56,-3.44,High,0.8960581,0.8960581,0.003259339,0.100682594
54.56,-3.42,High,0.78320485,0.78320485,0.0072605563,0.20953462
54.56,-3.22,Medium,0.53935266,0.32409525,0.13655208,0.53935266
54.56,-3.2,Medium,0.53285235,0.37990686,0.08724082,0.53285235
54.56,-3.18,High,0.55290866,0.55290866,0.04225728,0.40483406
54.56,-3.16,Low,0.6291625,0.012787436,0.6291625,0.35805002
54.56,-3.14,Medium,0.5554358,0.29063264,0.15393157,0.5554358
54.56,-3.06,High,0.6428285,0.6428285,0.022233924,0.33493754
54.56,-2.96,Medium,0.5718643,0.055583686,0.372552,0.5718643
54.56,-2.94,Medium,0.62836987,0.025752403,0.34587768,0.62836987
54.56,-2.9,Medium,0.54110634,0.1525902,0.3063035,0.54110634
54.56,-2.88,Medium,0.58950293,0.25710052,0.15339656,0.58950293
54.56,-2.86,Low,0.66479635,0.062457513,0.66479635,0.27274612
54.56,-2.7800000000000002,Low,0.57114315,0.03102008,0.57114315,0.39783677
54.56,-2.7600000000000002,High,0.58242285,0.58242285,0.04736389,0.37021327
54.56,-2.74,High,0.4696642,0.4696642,0.09043036,0.43990546
54.56,-2.72,Low,0.59349775,0.042541258,0.59349775,0.36396092
54.56,-2.68,Medium,0.6209455,0.16821454,0.21083994,0.6209455
54.56,-2.66,Medium,0.5525596,0.16023917,0.28720123,0.5525596
54.56,-2.64,Medium,0.46388188,0.41639078,0.1197274,0.46388188
54.56,-2.62,High,0.7287716,0.7287716,0.009968188,0.26126024
54.56,-2.58,Medium,0.51031286,0.3565444,0.13314272,0.51031286
54.56,-2.56,Low,0.4830465,0.075171925,0.4830465,0.44178158
54.56,-2.54,Low,0.6854199,0.011714304,0.6854199,0.3028658
54.56,-2.52,Medium,0.6157717,0.11022856,0.27399972,0.6157717
54.56,-2.5,High,0.7247793,0.7247793,0.041051753,0.23416892
54.56,-2.48,Medium,0.81904936,0.06033043,0.12062021,0.81904936
54.56,-2.46,Medium,0.59584016,0.18531005,0.21884975,0.59584016
54.56,-2.44,Medium,0.6248143,0.2536898,0.12149593,0.6248143
54.56,-2.42,Low,0.75135726,0.0047627953,0.75135726,0.24387994
54.58,-3.58,High,0.9979195,0.9979195,0.00032138175,0.0017591091
54.58,-3.56,High,0.9959359,0.9959359,0.0011695848,0.0028945364
54.58,-3.54,High,0.9286309,0.9286309,0.005356172,0.066012956
54.58,-3.52,High,0.9871754,0.9871754,0.00065435655,0.01217023
54.58,-3.5,High,0.7155589,0.7155589,0.07548669,0.20895438
54.58,-3.48,Medium,0.66348726,0.033645805,0.30286697,0.66348726
54.58,-3.46,High,0.632181,0.632181,0.049288306,0.3185307
54.58,-3.44,High,0.5980865,0.5980865,0.027566269,0.37434727
54.58,-3.42,High,0.5035817,0.5035817,0.058537375,0.43788087
54.58,-3.4,High,0.5421264,0.5421264,0.06328813,0.39458546
54.58,-3.36,Low,0.68629664,0.009552609,0.68629664,0.30415073
54.58,-3.34,Low,0.6514251,0.022536252,0.6514251,0.3260386
54.58,-3.3200000000000003,High,0.684622,0.684622,0.0811436,0.23423441
54.58,-3.3000000000000003,Low,0.694526,0.005160221,0.694526,0.30031377
54.58,-3.18,High,0.8113409,0.8113409,0.012026509,0.17663254
54.58,-3.16,High,0.7164878,0.7164878,0.017002432,0.26650974
54.58,-3.14,Low,0.49472648,0.036675625,0.49472648,0.46859795
54.58,-3.08,High,0.87126184,0.87126184,0.004073102,0.12466512
54.58,-2.98,Low,0.6479308,0.009736658,0.6479308,0.3423325
54.58,-2.96,Medium,0.51976573,0.14670274,0.33353153,0.51976573
54.58,-2.94,Low,0.6610127,0.012184444,0.6610127,0.32680285
54.58,-2.92,Low,0.6716067,0.016707921,0.6716067,0.31168538
54.58,-2.9,Medium,0.51189405,0.043292083,0.44481388,0.51189405
54.58,-2.88,High,0.5079619,0.5079619,0.06560955,0.42642856
54.58,-2.86,High,0.6593389,0.6593389,0.0147211375,0.32593998
54.58,-2.84,Medium,0.50850534,0.04211082,0.44938383,0.50850534
54.58,-2.7600000000000002,Low,0.6238141,0.14092334,0.6238141,0.23526253
54.58,-2.74,Medium,0.46802157,0.21903978,0.3129387,0.46802157
54.58,-2.72,Low,0.61071765,0.008926488,0.61071765,0.3803558
54.58,-2.7,Medium,0.5524309,0.0744324,0.37313667,0.5524309
54.58,-2.68,Medium,0.47913048,0.19614546,0.32472408,0.47913048
54.58,-2.66,Medium,0.5012177,0.15914772,0.3396346,0.5012177
54.58,-2.64,High,0.6704593,0.6704593,0.040093847,0.2894469
54.58,-2.62,High,0.99050015,0.99050015,0.0005484935,0.008951355
54.58,-2.6,High,0.57580644,0.57580644,0.110689744,0.31350377
54.58,-2.58,Medium,0.5252147,0.41250125,0.06228409,0.5252147
54.58,-2.56,Medium,0.5400203,0.010305826,0.4496739,0.5400203
54.58,-2.54,Low,0.4895413,0.056070566,0.4895413,0.45438817
54.58,-2.52,Medium,0.57592815,0.34597287,0.078099,0.57592815
54.58,-2.5,High,0.994921,0.994921,0.00042739342,0.0046515614
54.58,-2.48,High,0.99174774,0.99174774,0.00036803432,0.007884195
54.58,-2.46,Medium,0.5395615,0.43052587,0.029912598,0.5395615
54.58,-2.44,Low,0.5885455,0.02737338,0.5885455,0.38408116
54.58,-2.42,High,0.6854157,0.6854157,0.012222002,0.30236226
54.6,-3.56,High,0.6950356,0.6950356,0.011133413,0.29383102
54.6,-3.54,High,0.9977576,0.9977576,0.00051179563,0.0017306386
54.6,-3.52,High,0.9885405,0.9885405,0.00052723737,0.010932309
54.6,-3.5,High,0.9289295,0.9289295,0.001362068,0.06970839
54.6,-3.48,Low,0.47107998,0.071621805,0.47107998,0.45729816
54.6,-3.46,High,0.5504622,0.5504622,0.036180224,0.41335762
54.6,-3.44,High,0.58489066,0.58489066,0.041518815,0.3735905
54.6,-3.42,Medium,0.58614826,0.27294782,0.14090395,0.58614826
54.6,-3.38,Medium,0.46795803,0.27575964,0.25628233,0.46795803
54.6,-3.36,Medium,0.53861135,0.2519411,0.20944759,0.53861135
54.6,-3.3200000000000003,Medium,0.51156527,0.3511458,0.13728896,0.51156527
54.6,-3.3000000000000003,Medium,0.56672686,0.25526458,0.17800856,0.56672686
54.6,-3.22,Medium,0.46709132,0.07447109,0.4584376,0.46709132
54.6,-3.2,High,0.97069025,0.97069025,0.0003895278,0.028920202
54.6,-3.18,High,0.98841757,0.98841757,0.00036860304,0.011213843
54.6,-3.16,High,0.92469853,0.92469853,0.0014741071,0.07382731
54.6,-3.14,High,0.9974607,0.9974607,0.0003000253,0.0022392496
54.6,-3.12,High,0.99804604,0.99804604,0.00022699189,0.001726977
54.6,-3.1,High,0.5118815,0.5118815,0.04664073,0.44147778
54.6,-3.08,Medium,0.45918158,0.44886872,0.091949694,0.45918158
54.6,-3.06,Medium,0.5034176,0.31132147,0.18526088,0.5034176
54.6,-2.94,High,0.5393419,0.5393419,0.08369564,0.37696248
54.6,-2.92,Medium,0.563763,0.18941593,0.24682103,0.563763
54.6,-2.88,High,0.7870801,0.7870801,0.012520551,0.20039934
54.6,-2.86,High,0.6767305,0.6767305,0.019095967,0.3041735
54.6,-2.84,Medium,0.48695403,0.425426,0.087619945,0.48695403
54.6,-2.82,High,0.5040191,0.5040191,0.09415658,0.40182436
54.6,-2.7800000000000002,Low,0.83601993,0.004991377,0.83601993,0.15898865
54.6,-2.7600000000000002,High,0.718703,0.718703,0.015842438,0.26545456
54.6,-2.74,High,0.49551225,0.49551225,0.05990009,0.44458774
54.6,-2.72,Medium,0.4599653,0.45154968,0.08848498,0.4599653
54.6,-2.7,Medium,0.5391666,0.295854,0.16497935,0.5391666
54.6,-2.68,High,0.6778654,0.6778654,0.017715786,0.30441883
54.6,-2.66,Low,0.51359296,0.06202966,0.51359296,0.42437735
54.6,-2.64,High,0.8016514,0.8016514,0.03471162,0.16363692
54.6,-2.62,High,0.9139998,0.9139998,0.0042267656,0.08177338
54.6,-2.6,Medium,0.45434126,0.32553485,0.22012392,0.45434126
54.6,-2.58,Medium,0.5978009,0.09034475,0.31185436,0.5978009
54.6,-2.56,High,0.84692866,0.84692866,0.0026575858,0.15041374
54.6,-2.54,Medium,0.44695583,0.22299708,0.33004713,0.44695583
54.6,-2.52,High,0.9216518,0.9216518,0.0011630419,0.07718522
54.6,-2.5,High,0.7126767,0.7126767,0.028522404,0.25880092
54.6,-2.48,Medium,0.7846319,0.073887385,0.1414807,0.7846319
54.6,-2.46,Medium,0.64764607,0.10251193,0.24984197,0.64764607
54.6,-2.44,Low,0.6118504,0.024909312,0.6118504,0.36324036
54.620000000000005,-3.56,High,0.9979073,0.9979073,0.00022299608,0.0018697177
54.620000000000005,-3.54,High,0.992239,0.992239,0.00039882114,0.0073621245
54.620000000000005,-3.52,High,0.9956037,0.9956037,0.0002950751,0.004101268
54.620000000000005,-3.5,High,0.8118195,0.8118195,0.006368982,0.1818115
54.620000000000005,-3.48,Medium,0.51344204,0.04336818,0.44318974,0.51344204
54.620000000000005,-3.46,Medium,0.51651424,0.41167447,0.07181127,0.51651424
54.620000000000005,-3.44,High,0.9501661,0.9501661,0.0028500687,0.04698384
54.620000000000005,-3.4,High,0.9778767,0.9778767,0.0018654935,0.020257792
54.620000000000005,-3.38,High,0.4678494,0.4678494,0.06692777,0.46522278
54.620000000000005,-3.36,Medium,0.42623156,0.4110037,0.16276476,0.42623156
54.620000000000005,-3.34,Low,0.7857,0.002209835,0.7857,0.2120901
54.620000000000005,-3.3200000000000003,Medium,0.4242301,0.38938478,0.18638511,0.4242301
54.620000000000005,-3.3000000000000003,High,0.8623318,0.8623318,0.010920014,0.12674814
54.620000000000005,-3.2,High,0.94752526,0.94752526,0.000935325,0.051539358
54.620000000000005,-3.18,High,0.5525762,0.5525762,0.07238006,0.3750438
54.620000000000005,-3.16,High,0.9570262,0.9570262,0.0012909346,0.041682914
54.620000000000005,-3.14,High,0.946906,0.946906,0.0010917477,0.052002255
54.620000000000005,-3.12,Medium,0.6809397,0.087318465,0.23174186,0.6809397
54.620000000000005,-3.08,Medium,0.52144104,0.20652315,0.27203578,0.52144104
54.620000000000005,-3.06,High,0.99206513,0.99206513,0.00088703376,0.0070478753
54.620000000000005,-3.04,High,0.71522236,0.71522236,0.014364228,0.27041343
54.620000000000005,-3.02,Medium,0.60181934,0.1688718,0.22930884,0.60181934
54.620000000000005,-3.0,Low,0.8467675,0.006517758,0.8467675,0.14671476
54.620000000000005,-2.98,High,0.98927885,0.98927885,0.00073851447,0.009982595
54.620000000000005,-2.96,Medium,0.4865555,0.038534727,0.47490978,0.4865555
54.620000000000005,-2.92,Medium,0.54307383,0.015615508,0.44131067,0.54307383
54.620000000000005,-2.9,Low,0.6429016,0.024323279,0.6429016,0.3327751
54.620000000000005,-2.88,Medium,0.5117544,0.06850273,0.41974288,0.5117544
54.620000000000005,-2.86,Medium,0.5038604,0.15444642,0.34169316,0.5038604
54.620000000000005,-2.84,High,0.7509182,0.7509182,0.018762467,0.23031928
54.620000000000005,-2.82,High,0.8929235,0.8929235,0.0046001733,0.10247638
54.620000000000005,-2.8000000000000003,Medium,0.46886164,0.19406429,0.33707404,0.46886164
54.620000000000005,-2.7800000000000002,Low,0.5397291,0.054584026,0.5397291,0.40568686
54.620000000000005,-2.7600000000000002,Low,0.7013386,0.009928951,0.7013386,0.28873247
54.620000000000005,-2.74,Medium,0.62484866,0.21448725,0.16066413,0.62484866
54.620000000000005,-2.72,Medium,0.59719485,0.19457962,0.20822552,0.59719485
54.620000000000005,-2.7,High,0.4850974,0.4850974,0.08156947,0.43333316
54.620000000000005,-2.68,Medium,0.6090712,0.24617,0.14475876,0.6090712
54.620000000000005,-2.66,Medium,0.4832491,0.13847055,0.37828034,0.4832491
54.620000000000005,-2.64,High,0.7847241,0.7847241,0.017247332,0.19802855
54.620000000000005,-2.62,Medium,0.6151947,0.16576198,0.2190433,0.6151947
54.620000000000005,-2.6,Medium,0.60133934,0.04954494,0.34911573,0.60133934
54.620000000000005,-2.58,High,0.51064295,0.51064295,0.24345113,0.2459059
54.620000000000005,-2.56,High,0.994998,0.994998,0.0003868153,0.004615222
54.620000000000005,-2.54,High,0.6859316,0.6859316,0.02559124,0.2884771
54.620000000000005,-2.52,High,0.801899,0.801899,0.011933365,0.18616758
54.620000000000005,-2.5,Medium,0.56060654,0.023466349,0.41592708,0.56060654
54.620000000000005,-2.48,High,0.83784175,0.83784175,0.0058023147,0.15635592
54.620000000000005,-2.46,Low,0.60876197,0.10066228,0.60876197,0.29057583
54.64,-3.58,Medium,0.705536,0.1474956,0.14696836,0.705536
54.64,-3.56,High,0.99650973,0.99650973,0.0003227266,0.003167525
54.64,-3.54,High,0.9961462,0.9961462,0.0002574202,0.003596315
54.64,-3.52,High,0.99447167,0.99447167,0.00048766163,0.005040727
54.64,-3.5,Medium,0.6375508,0.20527926,0.15716998,0.6375508
54.64,-3.48,Low,0.7415817,0.013589298,0.7415817,0.24482904
54.64,-3.46,High,0.64463645,0.64463645,0.033887006,0.32147658
54.64,-3.44,High,0.7791108,0.7791108,0.014535712,0.2063535
54.64,-3.4,High,0.85658336,0.85658336,0.0028457874,0.14057088
54.64,-3.38,Low,0.64056516,0.05081006,0.64056516,0.3086248
54.64,-3.36,High,0.49437964,0.49437964,0.12056701,0.3850533
54.64,-3.34,Low,0.61103296,0.021958347,0.61103296,0.36700872
54.64,-3.3200000000000003,Low,0.46242023,0.11677354,0.46242023,0.4208062
54.64,-3.3000000000000003,Medium,0.4359304,0.14441124,0.4196584,0.4359304
54.64,-3.2600000000000002,Low,0.85750484,0.0046327454,0.85750484,0.13786241
54.64,-3.22,Low,0.5473617,0.05640453,0.5473617,0.3962338
54.64,-3.2,Medium,0.52137387,0.21461697,0.26400915,0.52137387
54.64,-3.18,High,0.7480255,0.7480255,0.012462865,0.23951168
54.64,-3.02,Medium,0.5412509,0.10872877,0.35002038,0.5412509
54.64,-3.0,Low,0.67075825,0.013195158,0.67075825,0.3160466
54.64,-2.98,Medium,0.55479115,0.3311113,0.114097565,0.55479115
54.64,-2.96,Low,0.50194645,0.044755448,0.50194645,0.4532981
54.64,-2.94,Medium,0.47643033,0.052489553,0.47108006,0.47643033
54.64,-2.92,Medium,0.5140384,0.21186887,0.2740927,0.5140384
54.64,-2.9,High,0.7067845,0.7067845,0.017901918,0.27531365
54.64,-2.88,High,0.95778495,0.95778495,0.0017608943,0.040454227
54.64,-2.86,Medium,0.605141,0.06175776,0.3331013,0.605141
54.64,-2.84,Medium,0.5247797,0.29040733,0.184813,0.5247797
54.64,-2.82,Medium,0.5468185,0.3620323,0.09114921,0.5468185
54.64,-2.8000000000000003,High,0.9920719,0.9920719,0.00034300963,0.007585116
54.64,-2.7800000000000002,High,0.9629597,0.9629597,0.002935881,0.034104344
54.64,-2.7600000000000002,High,0.66386306,0.66386306,0.006356153,0.3297808
54.64,-2.74,Medium,0.5687256,0.26847085,0.16280358,0.5687256
54.64,-2.72,High,0.976113,0.976113,0.0006291771,0.023257757
54.64,-2.7,Medium,0.52065164,0.3820994,0.09724896,0.52065164
54.64,-2.68,Low,0.5454935,0.038906515,0.5454935,0.41559997
54.64,-2.66,Medium,0.4846152,0.3968823,0.11850243,0.4846152
54.64,-2.64,Medium,0.52170086,0.10408339,0.37421572,0.52170086
54.64,-2.62,Medium,0.5724947,0.34978974,0.07771563,0.5724947
54.64,-2.6,High,0.86478204,0.86478204,0.0060875686,0.12913044
54.64,-2.58,High,0.668814,0.668814,0.01201884,0.31916723
54.64,-2.56,High,0.9900629,0.9900629,0.0006437539,0.009293319
54.64,-2.54,Medium,0.6185527,0.35049382,0.030953452,0.6185527
54.64,-2.52,High,0.50323564,0.50323564,0.049691346,0.447073
54.64,-2.5,High,0.54579246,0.54579246,0.039552886,0.41465464
54.64,-2.48,Medium,0.49858573,0.017824614,0.48358965,0.49858573
54.660000000000004,-3.56,High,0.94705224,0.94705224,0.0032110198,0.049736734
54.660000000000004,-3.54,High,0.9946926,0.9946926,0.00038976743,0.0049175858
54.660000000000004,-3.52,High,0.9973731,0.9973731,0.00040902506,0.0022178518
54.660000000000004,-3.5,High,0.99539524,0.99539524,0.00031734453,0.0042874333
54.660000000000004,-3.48,High,0.75194496,0.75194496,0.010582292,0.23747274
54.660000000000004,-3.46,Medium,0.5142165,0.43765956,0.048123963,0.5142165
54.660000000000004,-3.44,High,0.9952858,0.9952858,0.00030667018,0.0044075996
54.660000000000004,-3.42,High,0.90563196,0.90563196,0.0040444564,0.09032358
54.660000000000004,-3.4,Medium,0.59815466,0.12566061,0.27618477,0.59815466
54.660000000000004,-3.38,High,0.99043053,0.99043053,0.00057904253,0.008990425
54.660000000000004,-3.36,High,0.9843286,0.9843286,0.0009969374,0.014674469
54.660000000000004,-3.34,High,0.7891802,0.7891802,0.016595524,0.19422427
54.660000000000004,-3.3200000000000003,Medium,0.42340678,0.17789447,0.39869875,0.42340678
54.660000000000004,-3.3000000000000003,High,0.9807803,0.9807803,0.0011909481,0.018028723
54.660000000000004,-3.2800000000000002,High,0.86094815,0.86094815,0.024698356,0.11435351
54.660000000000004,-3.2600000000000002,High,0.7656398,0.7656398,0.0053572026,0.22900303
54.660000000000004,-3.24,Medium,0.54769343,0.19166042,0.26064616,0.54769343
54.660000000000004,-3.22,Medium,0.53451276,0.17770179,0.2877855,0.53451276
54.660000000000004,-3.2,High,0.52337474,0.52337474,0.04559724,0.43102807
54.660000000000004,-3.18,Medium,0.4649602,0.39787364,0.13716617,0.4649602
54.660000000000004,-2.98,Medium,0.47593254,0.25379428,0.27027318,0.47593254
54.660000000000004,-2.94,Low,0.6749409,0.02705553,0.6749409,0.2980036
54.660000000000004,-2.92,Medium,0.5127101,0.14824748,0.33904245,0.5127101
54.660000000000004,-2.88,High,0.83071524,0.83071524,0.008549729,0.16073503
54.660000000000004,-2.86,High,0.7750666,0.7750666,0.012519813,0.21241361
54.660000000000004,-2.84,High,0.5520711,0.5520711,0.05191921,0.39600974
54.660000000000004,-2.82,High,0.8028136,0.8028136,0.0050598662,0.19212659
54.660000000000004,-2.8000000000000003,Medium,0.5831864,0.1618961,0.25491756,0.5831864
54.660000000000004,-2.7800000000000002,High,0.9904411,0.9904411,0.0009424069,0.008616482
54.660000000000004,-2.7600000000000002,High,0.9952976,0.9952976,0.00063456595,0.004067895
54.660000000000004,-2.74,High,0.9756344,0.9756344,0.0011114262,0.023254124
54.660000000000004,-2.72,Medium,0.49155337,0.44350156,0.06494508,0.49155337
54.660000000000004,-2.7,Medium,0.58712393,0.23806116,0.17481497,0.58712393
54.660000000000004,-2.68,Medium,0.6056558,0.07039536,0.32394886,0.6056558
54.660000000000004,-2.66,Medium,0.48091576,0.4368194,0.08226487,0.48091576
54.660000000000004,-2.64,Medium,0.51972795,0.32267466,0.15759736,0.51972795
54.660000000000004,-2.62,High,0.6816343,0.6816343,0.039218217,0.27914754
54.660000000000004,-2.6,High,0.46067306,0.46067306,0.08067663,0.45865026
54.660000000000004,-2.58,Medium,0.48754093,0.22123548,0.29122353,0.48754093
54.660000000000004,-2.56,Medium,0.53446716,0.1424183,0.32311454,0.53446716
54.660000000000004,-2.54,High,0.55931604,0.55931604,0.025054222,0.4156297
54.660000000000004,-2.52,Medium,0.5100106,0.2257097,0.2642797,0.5100106
54.660000000000004,-2.48,Low,0.6325933,0.021931281,0.6325933,0.34547544
54.68,-3.54,Medium,0.52500814,0.41010135,0.06489052,0.52500814
54.68,-3.52,High,0.9978179,0.9978179,0.0001611846,0.0020208857
54.68,-3.5,Medium,0.74486685,0.15102085,0.10411226,0.74486685
54.68,-3.48,High,0.89474666,0.89474666,0.007874273,0.097379
54.68,-3.46,High,0.9334343,0.9334343,0.0019408714,0.06462479
54.68,-3.44,High,0.9857011,0.9857011,0.0003170305,0.013981847
54.68,-3.42,High,0.8202415,0.8202415,0.011276067,0.16848242
54.68,-3.4,High,0.5974758,0.5974758,0.035196092,0.3673281
54.68,-3.38,High,0.920766,0.920766,0.0015396232,0.07769442
54.68,-3.36,High,0.8517662,0.8517662,0.007941167,0.14029256
54.68,-3.34,Low,0.5271394,0.047299687,0.5271394,0.42556086
54.68,-3.3200000000000003,Low,0.7335097,0.039066885,0.7335097,0.22742341
54.68,-3.3000000000000003,Medium,0.49377608,0.2135692,0.29265466,0.49377608
54.68,-3.2800000000000002,Medium,0.52641034,0.21462792,0.25896174,0.52641034
54.68,-3.2600000000000002,High,0.85973436,0.85973436,0.01859971,0.12166594
54.68,-3.24,High,0.8676476,0.8676476,0.0073970407,0.12495538
54.68,-3.22,High,0.6423484,0.6423484,0.041749626,0.31590194
54.68,-3.2,High,0.9885069,0.9885069,0.0004512552,0.0110418815
54.68,-3.18,Low,0.5143096,0.05984607,0.5143096,0.4258444
54.68,-3.16,Medium,0.58350563,0.30829138,0.10820298,0.58350563
54.68,-3.0,Medium,0.497863,0.15614405,0.34599292,0.497863
54.68,-2.98,Low,0.61796325,0.026260229,0.61796325,0.35577652
54.68,-2.96,Low,0.7139615,0.016458279,0.7139615,0.26958025
54.68,-2.88,High,0.69089127,0.69089127,0.01865296,0.2904558
54.68,-2.86,High,0.69486314,0.69486314,0.02731447,0.2778224
54.68,-2.84,High,0.6166093,0.6166093,0.019901428,0.3634893
54.68,-2.82,Medium,0.5645352,0.31425133,0.12121344,0.5645352
54.68,-2.8000000000000003,Medium,0.56369084,0.33540788,0.10090126,0.56369084
54.68,-2.7800000000000002,Medium,0.63599944,0.15018024,0.21382032,0.63599944
54.68,-2.7600000000000002,High,0.99411005,0.99411005,0.0003422612,0.005547686
54.68,-2.74,High,0.5434217,0.5434217,0.0345037,0.42207462
54.68,-2.72,High,0.5639033,0.5639033,0.06201351,0.37408316
54.68,-2.7,High,0.8370349,0.8370349,0.02222087,0.14074425
54.68,-2.68,High,0.5242346,0.5242346,0.059588645,0.4161768
54.68,-2.66,Medium,0.5998466,0.07244042,0.3277129,0.5998466
54.68,-2.64,Low,0.6175855,0.019799115,0.6175855,0.3626154
54.68,-2.62,Medium,0.4404348,0.18345694,0.3761083,0.4404348
54.68,-2.6,Medium,0.46638864,0.3782455,0.15536591,0.46638864
54.68,-2.58,Low,0.5786145,0.031281278,0.5786145,0.39010426
54.68,-2.56,Low,0.8483302,0.009101228,0.8483302,0.14256859
54.68,-2.54,Low,0.7051131,0.006541442,0.7051131,0.28834543
54.68,-2.46,Low,0.6103866,0.018561237,0.6103866,0.37105212
54.7,-3.52,High,0.94427747,0.94427747,0.0016863507,0.054036207
54.7,-3.5,High,0.99577016,0.99577016,0.00041674764,0.0038131035
54.7,-3.48,High,0.9973084,0.9973084,0.00031851683,0.0023730975
54.7,-3.46,High,0.99717206,0.99717206,0.00038180948,0.0024462165
54.7,-3.44,High,0.6462988,0.6462988,0.027050182,0.32665098
54.7,-3.42,Medium,0.5935346,0.30967465,0.09679077,0.5935346
54.7,-3.4,High,0.5621345,0.5621345,0.04901249,0.388853
54.7,-3.38,High,0.689759,0.689759,0.009903879,0.30033705
54.7,-3.34,Medium,0.5190138,0.11181647,0.36916974,0.5190138
54.7,-3.3200000000000003,High,0.80520344,0.80520344,0.0031220352,0.19167453
54.7,-3.3000000000000003,Low,0.9065492,0.014911565,0.9065492,0.07853921
54.7,-3.2800000000000002,Medium,0.5420416,0.30402136,0.15393707,0.5420416
54.7,-3.2600000000000002,Low,0.5982312,0.021114642,0.5982312,0.38065416
54.7,-3.24,Medium,0.50604796,0.34969974,0.14425236,0.50604796
54.7,-3.22,Medium,0.5310207,0.042536963,0.42644235,0.5310207
54.7,-3.18,Medium,0.6736077,0.10495767,0.22143464,0.6736077
54.7,-3.16,Low,0.5565787,0.014796176,0.5565787,0.4286251
54.7,-3.0,Medium,0.45478147,0.41873592,0.12648255,0.45478147
54.7,-2.98,Medium,0.49122426,0.3333356,0.1754401,0.49122426
54.7,-2.96,Low,0.5727713,0.019077389,0.5727713,0.4081513
54.7,-2.92,Low,0.53961736,0.034597877,0.53961736,0.42578477
54.7,-2.9,Medium,0.51551026,0.16572809,0.31876162,0.51551026
54.7,-2.88,Medium,0.49451813,0.216552,0.28892982,0.49451813
54.7,-2.84,Medium,0.49908525,0.22508076,0.27583402,0.49908525
54.7,-2.82,Low,0.7488146,0.009795415,0.7488146,0.24138999
54.7,-2.8000000000000003,High,0.7482023,0.7482023,0.020991813,0.23080589
54.7,-2.7800000000000002,Medium,0.49028853,0.46726617,0.04244528,0.49028853
54.7,-2.7600000000000002,High,0.9215624,0.9215624,0.0071702586,0.07126734
54.7,-2.74,Medium,0.5604129,0.12263899,0.31694812,0.5604129
54.7,-2.72,Medium,0.4985085,0.19331062,0.3081808,0.4985085
54.7,-2.7,Medium,0.61288387,0.09060158,0.29651454,0.61288387
54.7,-2.68,High,0.7550953,0.7550953,0.005126982,0.23977776
54.7,-2.66,High,0.8891968,0.8891968,0.002530804,0.108272426
54.7,-2.64,Medium,0.55680704,0.26387835,0.17931461,0.55680704
54.7,-2.62,Medium,0.69586813,0.0740387,0.23009317,0.69586813
54.7,-2.6,High,0.7596125,0.7596125,0.004535585,0.23585197
54.7,-2.58,High,0.7179296,0.7179296,0.014706962,0.26736346
54.72,-3.5,High,0.9974903,0.9974903,0.0002685181,0.0022411929
54.72,-3.48,High,0.9976102,0.9976102,0.00022638375,0.002163414
54.72,-3.46,High,0.54910773,0.54910773,0.057709247,0.39318302
54.72,-3.44,High,0.9943499,0.9943499,0.00029228601,0.005357824
54.72,-3.42,Medium,0.7234198,0.17181441,0.104765765,0.7234198
54.72,-3.4,Medium,0.6652729,0.21289444,0.12183273,0.6652729
54.72,-3.38,Medium,0.5512161,0.36023995,0.088543914,0.5512161
54.72,-3.34,Low,0.5103972,0.04175858,0.5103972,0.44784418
54.72,-3.3200000000000003,Low,0.4884968,0.03502951,0.4884968,0.47647366
54.72,-3.3000000000000003,Low,0.51387215,0.0488239,0.51387215,0.43730393
54.72,-3.2800000000000002,Low,0.61218196,0.037017383,0.61218196,0.35080066
54.72,-3.2600000000000002,Low,0.68892056,0.024621578,0.68892056,0.28645787
54.72,-3.18,Medium,0.62925625,0.15975514,0.21098863,0.62925625
54.72,-3.16,Medium,0.5304482,0.32558978,0.14396198,0.5304482
54.72,-3.14,Medium,0.48919994,0.054567717,0.4562323,0.48919994
54.72,-3.12,Low,0.59049416,0.039387364,0.59049416,0.37011847
54.72,-3.1,Medium,0.53670967,0.12979145,0.33349892,0.53670967
54.72,-3.08,Medium,0.59775245,0.14916019,0.25308734,0.59775245
54.72,-3.06,Medium,0.55422807,0.050534666,0.3952372,0.55422807
54.72,-3.04,Medium,0.49956033,0.07781824,0.4226214,0.49956033
54.72,-3.02,Medium,0.47402516,0.31094366,0.21503119,0.47402516
54.72,-3.0,Medium,0.4588069,0.44139227,0.099800825,0.4588069
54.72,-2.98,Medium,0.5216026,0.24759923,0.23079818,0.5216026
54.72,-2.96,Medium,0.56400526,0.08075394,0.35524082,0.56400526
54.72,-2.94,Medium,0.49218228,0.2136438,0.29417393,0.49218228
54.72,-2.92,Medium,0.5217124,0.2417795,0.23650806,0.5217124
54.72,-2.9,Medium,0.55574054,0.2971005,0.1471589,0.55574054
54.72,-2.88,High,0.8934544,0.8934544,0.0045620906,0.10198359
54.72,-2.86,Medium,0.46924892,0.39729765,0.13345347,0.46924892
54.72,-2.84,High,0.77066773,0.77066773,0.050843704,0.17848854
54.72,-2.82,Medium,0.6830076,0.1445642,0.17242822,0.6830076
54.72,-2.8000000000000003,High,0.48110068,0.48110068,0.06888044,0.4500189
54.72,-2.7800000000000002,High,0.76977146,0.76977146,0.0102733085,0.21995531
54.72,-2.7600000000000002,Medium,0.49008498,0.1384485,0.37146655,0.49008498
54.72,-2.72,Medium,0.4739086,0.0666804,0.45941103,0.4739086
54.72,-2.7,High,0.8942113,0.8942113,0.0014857895,0.10430284
54.72,-2.68,High,0.76602477,0.76602477,0.0092667565,0.22470847
54.72,-2.66,High,0.65013987,0.65013987,0.034794725,0.3150654
54.72,-2.64,Medium,0.587661,0.106608115,0.30573085,0.587661
54.72,-2.62,Low,0.5413167,0.01339125,0.5413167,0.44529203
54.72,-2.6,High,0.70011556,0.70011556,0.018880107,0.2810044
54.72,-2.56,Low,0.74033105,0.011212317,0.74033105,0.24845667
54.74,-3.48,Medium,0.6469953,0.062163427,0.29084125,0.6469953
54.74,-3.44,High,0.9964819,0.9964819,0.00018808608,0.0033299495
54.74,-3.42,High,0.8830837,0.8830837,0.003834631,0.11308171
54.74,-3.4,Medium,0.57869536,0.38283134,0.03847328,0.57869536
54.74,-3.38,High,0.858357,0.858357,0.005604719,0.13603823
54.74,-3.36,Medium,0.58434343,0.24807534,0.1675812,0.58434343
54.74,-3.34,High,0.73912776,0.73912776,0.006915337,0.25395688
54.74,-3.3200000000000003,High,0.96550214,0.96550214,0.00049435516,0.034003504
54.74,-3.3000000000000003,Low,0.83469784,0.0034119727,0.83469784,0.16189018
54.74,-3.2800000000000002,High,0.9192706,0.9192706,0.004007105,0.07672232
54.74,-3.2600000000000002,Medium,0.56561047,0.18862787,0.24576163,0.56561047
54.74,-3.24,High,0.852927,0.852927,0.008875155,0.13819782
54.74,-3.22,Low,0.4993093,0.037493188,0.4993093,0.46319756
54.74,-3.2,Medium,0.51200444,0.16074541,0.32725018,0.51200444
54.74,-3.18,High,0.9311638,0.9311638,0.0017553875,0.067080855
54.74,-3.16,Medium,0.6002744,0.21764462,0.18208103,0.6002744
54.74,-3.14,Low,0.7511722,0.008824923,0.7511722,0.2400029
54.74,-3.12,Low,0.5334707,0.03394806,0.5334707,0.4325813
54.74,-3.1,Medium,0.44815356,0.117273904,0.43457255,0.44815356
54.74,-3.08,High,0.5149967,0.5149967,0.10196709,0.38303623
54.74,-3.06,High,0.7699111,0.7699111,0.00880361,0.22128533
54.74,-3.04,Low,0.4494288,0.121151336,0.4494288,0.42941993
54.74,-3.02,Medium,0.4698956,0.2903346,0.23976976,0.4698956
54.74,-3.0,Medium,0.5451225,0.3599295,0.094947994,0.5451225
54.74,-2.98,High,0.8767164,0.8767164,0.0047054444,0.11857817
54.74,-2.96,Low,0.47563586,0.14397684,0.47563586,0.3803873
54.74,-2.94,Medium,0.52051294,0.24932732,0.23015974,0.52051294
54.74,-2.92,Medium,0.50323224,0.24360907,0.25315866,0.50323224
54.74,-2.9,Medium,0.47246715,0.09355537,0.4339775,0.47246715
54.74,-2.88,Medium,0.52147776,0.054821603,0.4237006,0.52147776
54.74,-2.86,Medium,0.5789891,0.3640938,0.05691707,0.5789891
54.74,-2.84,High,0.9897323,0.9897323,0.0007121833,0.009555524
54.74,-2.82,High,0.85718554,0.85718554,0.005499499,0.13731495
54.74,-2.8000000000000003,Low,0.54956,0.061274763,0.54956,0.38916525
54.74,-2.72,High,0.5715293,0.5715293,0.03832983,0.39014086
54.74,-2.7,High,0.71935076,0.71935076,0.010759706,0.26988956
54.74,-2.68,High,0.9904563,0.9904563,0.00039185182,0.009151919
54.74,-2.66,High,0.67987764,0.67987764,0.017106945,0.30301538
54.74,-2.62,Medium,0.5548808,0.1614938,0.28362536,0.5548808
54.74,-2.6,High,0.7949807,0.7949807,0.010421087,0.19459815
54.74,-2.38,Low,0.48659337,0.028638294,0.48659337,0.4847683
54.76,-3.42,High,0.75706404,0.75706404,0.009262739,0.23367324
54.76,-3.4,Medium,0.5161683,0.3801588,0.1036729,0.5161683
54.76,-3.38,High,0.9911822,0.9911822,0.000469736,0.008348079
54.76,-3.36,High,0.6489727,0.6489727,0.07973458,0.27129275
54.76,-3.34,High,0.99660045,0.99660045,0.00016458042,0.0032349508
54.76,-3.3200000000000003,High,0.9917715,0.9917715,0.0024816855,0.0057467795
54.76,-3.3000000000000003,High,0.80506396,0.80506396,0.006982407,0.18795365
54.76,-3.2800000000000002,High,0.9014157,0.9014157,0.0066485433,0.09193574
54.76,-3.2600000000000002,Medium,0.58036023,0.32029328,0.09934645,0.58036023
54.76,-3.24,High,0.6482611,0.6482611,0.026451154,0.3252878
54.76,-3.22,High,0.5376316,0.5376316,0.025276644,0.4370918
54.76,-3.2,Medium,0.5806809,0.24712741,0.17219165,0.5806809
54.76,-3.18,Medium,0.4685237,0.46720955,0.06426668,0.4685237
54.76,-3.16,Medium,0.54392225,0.23174623,0.22433153,0.54392225
54.76,-3.14,Medium,0.5548016,0.1612563,0.28394213,0.5548016
54.76,-3.12,Low,0.69680226,0.011196864,0.69680226,0.29200092
54.76,-3.08,Medium,0.67712325,0.11206668,0.21081005,0.67712325
54.76,-3.06,High,0.48749357,0.48749357,0.113105044,0.39940143
54.76,-3.04,Medium,0.51035374,0.014850533,0.47479573,0.51035374
54.76,-3.02,Medium,0.66912663,0.137554,0.1933194,0.66912663
54.76,-3.0,High,0.85005873,0.85005873,0.0033081404,0.14663321
54.76,-2.98,High,0.6843946,0.6843946,0.030145729,0.2854597
54.76,-2.94,High,0.5745926,0.5745926,0.111248665,0.31415874
54.76,-2.92,Medium,0.56028354,0.14454219,0.2951743,0.56028354
54.76,-2.9,Medium,0.5261291,0.06498515,0.4088857,0.5261291
54.76,-2.88,Medium,0.5571641,0.24571982,0.19711612,0.5571641
54.76,-2.86,Medium,0.51117057,0.24185695,0.24697247,0.51117057
54.76,-2.84,High,0.64937794,0.64937794,0.043489672,0.3071324
54.76,-2.82,High,0.7157947,0.7157947,0.00568168,0.27852362
54.76,-2.8000000000000003,Medium,0.5398391,0.2753125,0.1848484,0.5398391
54.76,-2.7800000000000002,Low,0.56646895,0.013614648,0.56646895,0.4199164
54.76,-2.7600000000000002,Low,0.72119004,0.008919001,0.72119004,0.2698909
54.76,-2.74,Medium,0.6029984,0.09025463,0.306747,0.6029984
54.76,-2.72,High,0.58899534,0.58899534,0.023966089,0.38703856
54.76,-2.7,High,0.99418265,0.99418265,0.0007054925,0.0051118867
54.76,-2.68,Medium,0.6532511,0.19223508,0.15451378,0.6532511
54.76,-2.66,Medium,0.53415656,0.3835103,0.08233316,0.53415656
54.76,-2.6,Medium,0.52456796,0.08646998,0.3889621,0.52456796
54.76,-2.58,Low,0.5590072,0.108772695,0.5590072,0.33222008
54.76,-2.56,Low,0.6973349,0.03198467,0.6973349,0.27068043
54.76,-2.4,High,0.66482335,0.66482335,0.03915468,0.29602197
54.76,-2.38,Medium,0.52175343,0.16415034,0.3140962,0.52175343
54.76,-2.36,Low,0.7616809,0.006618362,0.7616809,0.23170076
54.78,-3.42,High,0.8898909,0.8898909,0.001767532,0.10834159
54.78,-3.4,Low,0.7319275,0.020509714,0.7319275,0.24756278
54.78,-3.38,Medium,0.6611711,0.08870805,0.2501209,0.6611711
54.78,-3.36,Medium,0.5126657,0.38107854,0.10625573,0.5126657
54.78,-3.34,High,0.99121195,0.99121195,0.00061213376,0.008175865
54.78,-3.3200000000000003,High,0.5238818,0.5238818,0.040600967,0.43551725
54.78,-3.3000000000000003,Medium,0.53563046,0.27018332,0.19418618,0.53563046
54.78,-3.2800000000000002,Low,0.5250873,0.04707027,0.5250873,0.4278424
54.78,-3.2600000000000002,Medium,0.54890287,0.35328785,0.097809315,0.54890287
54.78,-3.24,High,0.83773255,0.83773255,0.0020709028,0.16019653
54.78,-3.22,High,0.45674342,0.45674342,0.13228495,0.41097164
54.78,-3.2,High,0.49964407,0.49964407,0.055378824,0.44497707
54.78,-3.18,High,0.82577807,0.82577807,0.007868523,0.16635337
54.78,-3.16,Medium,0.55789053,0.38108847,0.06102098,0.55789053
54.78,-3.14,Low,0.6138404,0.02899939,0.6138404,0.3571602
54.78,-3.12,Low,0.55193925,0.041058753,0.55193925,0.40700203
54.78,-3.1,Medium,0.4863675,0.25395742,0.2596751,0.4863675
54.78,-3.08,Low,0.47160438,0.06430131,0.47160438,0.46409434
54.78,-3.04,Low,0.7299586,0.014801915,0.7299586,0.25523955
54.78,-3.02,Medium,0.4895022,0.4644597,0.046038076,0.4895022
54.78,-3.0,High,0.99150276,0.99150276,0.00092665275,0.007570628
54.78,-2.98,Medium,0.47612244,0.33137485,0.19250272,0.47612244
54.78,-2.96,Medium,0.4425523,0.43232572,0.125122,0.4425523
54.78,-2.94,High,0.5753708,0.5753708,0.031092023,0.3935372
54.78,-2.92,Low,0.42137167,0.18547167,0.42137167,0.39315668
54.78,-2.9,High,0.8987805,0.8987805,0.0029013003,0.09831821
54.78,-2.88,Medium,0.58095235,0.18194626,0.23710142,0.58095235
54.78,-2.86,Medium,0.60627407,0.12161614,0.2721098,0.60627407
54.78,-2.84,Medium,0.47956574,0.42971116,0.09072307,0.47956574
54.78,-2.82,High,0.7317002,0.7317002,0.018459763,0.24984005
54.78,-2.8000000000000003,Low,0.5121917,0.014061475,0.5121917,0.47374687
54.78,-2.7600000000000002,Low,0.80313057,0.025387822,0.80313057,0.17148162
54.78,-2.72,Medium,0.41819742,0.36755824,0.21424429,0.41819742
54.78,-2.7,Medium,0.5209327,0.34459287,0.13447446,0.5209327
54.78,-2.68,Medium,0.5292187,0.38978413,0.08099716,0.5292187
54.78,-2.66,Low,0.6549751,0.023183094,0.6549751,0.3218418
54.78,-2.64,Medium,0.48428163,0.28973207,0.22598629,0.48428163
54.78,-2.62,High,0.5299425,0.5299425,0.092590004,0.3774675
54.78,-2.6,Low,0.69382393,0.011370829,0.69382393,0.29480523
54.78,-2.48,Low,0.7112656,0.014311081,0.7112656,0.27442324
54.78,-2.46,Medium,0.5086458,0.37129104,0.12006323,0.5086458
54.78,-2.44,Medium,0.5622799,0.08575063,0.3519695,0.5622799
54.78,-2.42,Medium,0.5006595,0.3241926,0.17514785,0.5006595
54.78,-2.4,Medium,0.41470405,0.39385292,0.19144303,0.41470405
54.78,-2.36,Low,0.6900209,0.013645935,0.6900209,0.29633316
54.78,-2.34,High,0.5312445,0.5312445,0.11058532,0.35817015
54.800000000000004,-3.44,Medium,0.567073,0.04787693,0.38505006,0.567073
54.800000000000004,-3.42,High,0.8832438,0.8832438,0.0036729856,0.11308318
54.800000000000004,-3.4,High,0.5794101,0.5794101,0.048008792,0.37258115
54.800000000000004,-3.38,Low,0.4794447,0.049606577,0.4794447,0.4709487
54.800000000000004,-3.36,Medium,0.58805287,0.31957456,0.09237251,0.58805287
54.800000000000004,-3.34,Medium,0.66467935,0.15232854,0.18299215,0.66467935
54.800000000000004,-3.3200000000000003,Medium,0.7090267,0.24104813,0.049925175,0.7090267
54.800000000000004,-3.3000000000000003,High,0.548188,0.548188,0.030456629,0.4213554
54.800000000000004,-3.2800000000000002,High,0.4772834,0.4772834,0.08198379,0.44073275
54.800000000000004,-3.2600000000000002,High,0.6639549,0.6639549,0.011450218,0.3245949
54.800000000000004,-3.24,Low,0.49580616,0.11278304,0.49580616,0.3914108
54.800000000000004,-3.22,High,0.6603573,0.6603573,0.029291805,0.3103509
54.800000000000004,-3.2,Medium,0.65569663,0.20380478,0.14049864,0.65569663
54.800000000000004,-3.18,High,0.82898206,0.82898206,0.018272977,0.15274496
54.800000000000004,-3.16,High,0.4627038,0.4627038,0.19468094,0.34261522
54.800000000000004,-3.14,High,0.7898353,0.7898353,0.015907114,0.19425768
54.800000000000004,-3.12,Low,0.6523155,0.0037641835,0.6523155,0.3439203
54.800000000000004,-3.1,Medium,0.60132086,0.20540197,0.19327718,0.60132086
54.800000000000004,-3.08,Medium,0.5277633,0.085527875,0.3867088,0.5277633
54.800000000000004,-3.06,High,0.67122823,0.67122823,0.026941365,0.3018304
54.800000000000004,-3.04,Medium,0.57707506,0.037261028,0.3856639,0.57707506
54.800000000000004,-3.02,Medium,0.64921284,0.18116343,0.16962375,0.64921284
54.800000000000004,-3.0,High,0.8074337,0.8074337,0.008315617,0.18425071
54.800000000000004,-2.98,Medium,0.51569176,0.36869538,0.11561284,0.51569176
54.800000000000004,-2.96,High,0.9153757,0.9153757,0.0028807253,0.081743576
54.800000000000004,-2.94,Medium,0.5248559,0.124671094,0.35047302,0.5248559
54.800000000000004,-2.92,Medium,0.5084296,0.12135293,0.37021744,0.5084296
54.800000000000004,-2.9,Medium,0.59308946,0.15735635,0.24955417,0.59308946
54.800000000000004,-2.88,Medium,0.5670496,0.13648772,0.29646263,0.5670496
54.800000000000004,-2.86,High,0.82976305,0.82976305,0.011334725,0.15890226
54.800000000000004,-2.84,High,0.9266164,0.9266164,0.0027331298,0.07065045
54.800000000000004,-2.82,High,0.79993117,0.79993117,0.016633905,0.18343489
54.800000000000004,-2.8000000000000003,Medium,0.4369139,0.22979341,0.3332927,0.4369139
54.800000000000004,-2.7800000000000002,Medium,0.5265617,0.36825472,0.10518358,0.5265617
54.800000000000004,-2.7600000000000002,High,0.7264169,0.7264169,0.032899287,0.24068378
54.800000000000004,-2.74,Medium,0.45620796,0.3684312,0.17536087,0.45620796
54.800000000000004,-2.72,High,0.5191668,0.5191668,0.073928006,0.40690514
54.800000000000004,-2.7,Low,0.6493139,0.01740598,0.6493139,0.33328012
54.800000000000004,-2.68,Low,0.5009556,0.043760717,0.5009556,0.4552837
54.800000000000004,-2.66,Low,0.6855032,0.011278295,0.6855032,0.30321854
54.800000000000004,-2.64,Low,0.451642,0.12730487,0.451642,0.42105314
54.800000000000004,-2.46,High,0.89226216,0.89226216,0.01392002,0.093817845
54.800000000000004,-2.44,High,0.62206227,0.62206227,0.014517662,0.3634201
54.800000000000004,-2.42,High,0.44575524,0.44575524,0.21129568,0.3429491
54.800000000000004,-2.4,Low,0.7636678,0.011932055,0.7636678,0.22440009
54.800000000000004,-2.38,High,0.6064793,0.6064793,0.030770889,0.36274984
54.800000000000004,-2.36,Low,0.39276668,0.24938388,0.39276668,0.35784945
54.800000000000004,-2.34,Medium,0.43470228,0.36978343,0.19551425,0.43470228
54.82,-3.42,Medium,0.4670985,0.20372944,0.32917204,0.4670985
54.82,-3.4,Medium,0.5380317,0.13497746,0.32699084,0.5380317
54.82,-3.38,Medium,0.49538344,0.05527114,0.4493454,0.49538344
54.82,-3.36,Medium,0.59861416,0.17540038,0.22598547,0.59861416
54.82,-3.34,High,0.68302035,0.68302035,0.047769435,0.26921025
54.82,-3.3200000000000003,Low,0.50129753,0.053086802,0.50129753,0.4456157
54.82,-3.3000000000000003,Low,0.5939691,0.01992938,0.5939691,0.38610148
54.82,-3.2800000000000002,High,0.5974886,0.5974886,0.03798685,0.36452463
54.82,-3.2600000000000002,Medium,0.50763756,0.2707855,0.22157696,0.50763756
54.82,-3.24,High,0.8405786,0.8405786,0.026757894,0.13266352
54.82,-3.22,High,0.64960265,0.64960265,0.03030481,0.32009256
54.82,-3.2,High,0.6999854,0.6999854,0.024364823,0.2756498
54.82,-3.18,High,0.990359,0.990359,0.00028829346,0.009352751
54.82,-3.16,High,0.9974172,0.9974172,0.000327598,0.002255141
54.82,-3.14,Medium,0.60063803,0.24034636,0.1590156,0.60063803
54.82,-3.12,Medium,0.6162727,0.1590382,0.22468905,0.6162727
54.82,-3.1,High,0.46339,0.46339,0.07527763,0.46133232
54.82,-3.06,High,0.4949411,0.4949411,0.050726123,0.45433277
54.82,-3.04,Medium,0.4876345,0.42362475,0.08874071,0.4876345
54.82,-3.02,High,0.65802586,0.65802586,0.028179055,0.31379506
54.82,-3.0,High,0.87846285,0.87846285,0.0019775773,0.11955959
54.82,-2.98,Medium,0.5151097,0.44178647,0.043103788,0.5151097
54.82,-2.96,Medium,0.57232845,0.23990619,0.1877654,0.57232845
54.82,-2.94,High,0.4793715,0.4793715,0.06831206,0.4523165
54.82,-2.9,Low,0.5532898,0.024448734,0.5532898,0.42226145
54.82,-2.88,High,0.61693996,0.61693996,0.037440512,0.34561953
54.82,-2.86,Medium,0.5435993,0.3083845,0.14801618,0.5435993
54.82,-2.84,Medium,0.69684535,0.07693293,0.22622177,0.69684535
54.82,-2.82,Low,0.6223619,0.01619339,0.6223619,0.3614447
54.82,-2.8000000000000003,Low,0.52105755,0.03475997,0.52105755,0.44418246
54.82,-2.7800000000000002,Low,0.6435112,0.03926063,0.6435112,0.3172282
54.82,-2.7600000000000002,Medium,0.51473063,0.29338974,0.19187963,0.51473063
54.82,-2.74,Medium,0.45536682,0.45495722,0.08967598,0.45536682
54.82,-2.72,Low,0.56749123,0.0602092,0.56749123,0.37229958
54.82,-2.7,Low,0.5563175,0.036191165,0.5563175,0.4074913
54.82,-2.68,Medium,0.48700497,0.2644343,0.24856071,0.48700497
54.82,-2.66,Medium,0.6137271,0.2673354,0.118937485,0.6137271
54.82,-2.46,Medium,0.5294964,0.39234978,0.078153804,0.5294964
54.82,-2.44,High,0.9877081,0.9877081,0.00064160017,0.011650227
54.82,-2.42,High,0.75740933,0.75740933,0.023537852,0.21905282
54.82,-2.4,Medium,0.576026,0.22138083,0.20259318,0.576026
54.82,-2.38,Low,0.8494602,0.0055936086,0.8494602,0.14494622
54.84,-3.42,Medium,0.4427078,0.41289052,0.14440173,0.4427078
54.84,-3.4,Medium,0.57265157,0.3354166,0.091931865,0.57265157
54.84,-3.38,High,0.43634936,0.43634936,0.17273714,0.3909135
54.84,-3.36,High,0.5941973,0.5941973,0.02946722,0.37633553
54.84,-3.34,Medium,0.53457296,0.1019849,0.36344212,0.53457296
54.84,-3.3200000000000003,Medium,0.6140565,0.3024739,0.08346958,0.6140565
54.84,-3.3000000000000003,High,0.77350765,0.77350765,0.008999476,0.21749285
54.84,-3.2800000000000002,High,0.96880007,0.96880007,0.003985894,0.02721412
54.84,-3.2600000000000002,Medium,0.56201065,0.18276569,0.25522366,0.56201065
54.84,-3.24,Medium,0.5499962,0.36376268,0.08624113,0.5499962
54.84,-3.22,High,0.7468041,0.7468041,0.017608998,0.23558691
54.84,-3.18,High,0.8732629,0.8732629,0.003425947,0.12331113
54.84,-3.16,High,0.99562055,0.99562055,0.00037060183,0.004008876
54.84,-3.14,High,0.40195158,0.40195158,0.22788925,0.37015918
54.84,-3.12,High,0.60369444,0.60369444,0.05077408,0.34553143
54.84,-3.1,Medium,0.47308955,0.46571407,0.061196357,0.47308955
54.84,-3.08,High,0.9728457,0.9728457,0.0011254237,0.026028914
54.84,-3.06,High,0.98227984,0.98227984,0.00053726847,0.017182836
54.84,-3.04,High,0.68607575,0.68607575,0.009971254,0.30395293
54.84,-3.02,Medium,0.56778187,0.26552784,0.16669029,0.56778187
54.84,-3.0,High,0.9092864,0.9092864,0.0017744594,0.08893912
54.84,-2.98,High,0.99628395,0.99628395,0.00055612467,0.0031599663
54.84,-2.96,High,0.6593793,0.6593793,0.043048956,0.29757178
54.84,-2.94,High,0.82294494,0.82294494,0.0048956107,0.17215946
54.84,-2.92,High,0.47541973,0.47541973,0.073357955,0.45122236
54.84,-2.9,Medium,0.68386185,0.10908035,0.20705776,0.68386185
54.84,-2.88,High,0.6040204,0.6040204,0.041697245,0.35428232
54.84,-2.86,High,0.5241484,0.5241484,0.070918076,0.40493354
54.84,-2.84,Medium,0.4615447,0.44914848,0.08930685,0.4615447
54.84,-2.82,High,0.88893193,0.88893193,0.0038355393,0.10723248
54.84,-2.8000000000000003,Medium,0.49406838,0.07403636,0.4318953,0.49406838
54.84,-2.7800000000000002,Medium,0.50868785,0.24509344,0.24621873,0.50868785
54.84,-2.7600000000000002,High,0.8313741,0.8313741,0.011988096,0.1566378
54.84,-2.74,Medium,0.52902275,0.17314431,0.29783294,0.52902275
54.84,-2.7,High,0.5622775,0.5622775,0.08754544,0.35017705
54.84,-2.68,Medium,0.55281925,0.23486698,0.2123138,0.55281925
54.84,-2.42,Medium,0.56024325,0.18790947,0.25184733,0.56024325
54.86,-3.4,High,0.81148285,0.81148285,0.02036083,0.1681563
54.86,-3.38,High,0.99447846,0.99447846,0.00035670947,0.0051647923
54.86,-3.36,High,0.7791788,0.7791788,0.0022705982,0.21855062
54.86,-3.34,Medium,0.5514221,0.3178933,0.13068457,0.5514221
54.86,-3.3200000000000003,High,0.5111314,0.5111314,0.06258672,0.4262819
54.86,-3.3000000000000003,Medium,0.50613976,0.183569,0.31029123,0.50613976
54.86,-3.2800000000000002,Low,0.6725139,0.012342841,0.6725139,0.3151433
54.86,-3.2600000000000002,Medium,0.45935985,0.4249378,0.11570239,0.45935985
54.86,-3.2,Medium,0.5970705,0.13468312,0.26824632,0.5970705
54.86,-3.18,High,0.7020434,0.7020434,0.011368716,0.28658786
54.86,-3.16,High,0.9012198,0.9012198,0.0020793728,0.09670078
54.86,-3.14,Medium,0.6504926,0.3051336,0.044373747,0.6504926
54.86,-3.12,Medium,0.5950895,0.24368323,0.16122724,0.5950895
54.86,-3.1,High,0.51833916,0.51833916,0.05836733,0.4232935
54.86,-3.08,Medium,0.54416275,0.34536785,0.11046939,0.54416275
54.86,-3.06,Medium,0.629929,0.24239421,0.12767678,0.629929
54.86,-3.04,High,0.8848888,0.8848888,0.0067231273,0.10838808
54.86,-3.02,High,0.8839355,0.8839355,0.0052711596,0.110793315
54.86,-3.0,High,0.74552125,0.74552125,0.021609949,0.23286884
54.86,-2.98,High,0.7838997,0.7838997,0.0058284486,0.21027182
54.86,-2.96,High,0.62578225,0.62578225,0.010226843,0.36399087
54.86,-2.94,High,0.7555577,0.7555577,0.0049395384,0.23950274
54.86,-2.92,High,0.99357694,0.99357694,0.00037174995,0.0060512964
54.86,-2.9,High,0.8755718,0.8755718,0.0044347723,0.11999345
54.86,-2.88,High,0.69794405,0.69794405,0.026773456,0.2752825
54.86,-2.86,High,0.92741275,0.92741275,0.0013776427,0.07120964
54.86,-2.84,High,0.9214264,0.9214264,0.0027657095,0.07580793
54.86,-2.82,Medium,0.51602614,0.046217456,0.43775642,0.51602614
54.86,-2.8000000000000003,Low,0.6875706,0.0388134,0.6875706,0.27361605
54.86,-2.7800000000000002,Medium,0.56104153,0.25856346,0.180395,0.56104153
54.86,-2.7600000000000002,Medium,0.5904234,0.1323411,0.2772355,0.5904234
54.86,-2.74,Medium,0.6239135,0.12822433,0.24786212,0.6239135
54.86,-2.72,Low,0.6437801,0.034964,0.6437801,0.32125592
54.86,-2.7,Medium,0.5038314,0.046810713,0.44935787,0.5038314
54.88,-3.38,High,0.9961732,0.9961732,0.0002720438,0.0035548247
54.88,-3.36,High,0.8908162,0.8908162,0.002728307,0.10645545
54.88,-3.34,High,0.45219073,0.45219073,0.11453072,0.4332785
54.88,-3.2600000000000002,High,0.67658615,0.67658615,0.06284031,0.26057357
54.88,-3.24,Medium,0.44989833,0.4270049,0.123096816,0.44989833
54.88,-3.22,High,0.78330743,0.78330743,0.004804097,0.2118884
54.88,-3.2,High,0.72328466,0.72328466,0.010084177,0.2666311
54.88,-3.18,Medium,0.6765906,0.09052172,0.23288767,0.6765906
54.88,-3.16,Medium,0.51214874,0.2134817,0.2743696,0.51214874
54.88,-3.14,High,0.810612,0.810612,0.0147296665,0.17465834
54.88,-3.12,Medium,0.5383884,0.13901883,0.32259277,0.5383884
54.88,-3.04,High,0.77372074,0.77372074,0.010873813,0.21540543
54.88,-3.02,Medium,0.7170981,0.1478864,0.13501549,0.7170981
54.88,-3.0,High,0.46685192,0.46685192,0.14834967,0.38479844
54.88,-2.98,High,0.99571276,0.99571276,0.00044846206,0.0038388327
54.88,-2.96,High,0.9964833,0.9964833,0.0003843172,0.0031322995
54.88,-2.94,High,0.99407876,0.99407876,0.0003528199,0.0055684852
54.88,-2.92,High,0.9961796,0.9961796,0.0003038954,0.0035164997
54.88,-2.9,High,0.9956507,0.9956507,0.00048216476,0.0038670953
54.88,-2.88,High,0.95101774,0.95101774,0.00090083614,0.048081424
54.88,-2.86,Medium,0.42021367,0.3242569,0.25552943,0.42021367
54.88,-2.84,High,0.9972941,0.9972941,0.00021443289,0.0024914334
54.88,-2.82,High,0.9229143,0.9229143,0.0012415083,0.07584422
54.88,-2.8000000000000003,High,0.865933,0.865933,0.0034330715,0.1306339
54.88,-2.7800000000000002,High,0.9954585,0.9954585,0.00081942877,0.0037221585
54.88,-2.7600000000000002,Medium,0.59248304,0.21670066,0.19081631,0.59248304
54.88,-2.74,Medium,0.46244144,0.10002571,0.43753287,0.46244144
54.88,-2.72,Medium,0.56000644,0.09909326,0.3409003,0.56000644
54.88,-2.68,Low,0.56960243,0.019568073,0.56960243,0.4108295
54.9,-3.36,Medium,0.6228692,0.17985708,0.19727376,0.6228692
54.9,-3.2600000000000002,Medium,0.52925605,0.21826768,0.25247622,0.52925605
54.9,-3.24,Medium,0.514943,0.06482578,0.4202312,0.514943
54.9,-3.22,Medium,0.5044938,0.35846004,0.13704623,0.5044938
54.9,-3.2,High,0.9871471,0.9871471,0.000587568,0.012265365
54.9,-3.18,Medium,0.5255467,0.41433287,0.060120374,0.5255467
54.9,-3.16,Medium,0.4631276,0.3266972,0.21017525,0.4631276
54.9,-3.14,Low,0.553678,0.031216409,0.553678,0.41510564
54.9,-3.12,Medium,0.54288983,0.23627469,0.22083549,0.54288983
54.9,-3.1,Medium,0.47465482,0.42885506,0.096490085,0.47465482
54.9,-3.08,High,0.85664856,0.85664856,0.007957961,0.13539343
54.9,-3.06,High,0.8975852,0.8975852,0.004044746,0.09836999
54.9,-3.04,High,0.87862545,0.87862545,0.005223661,0.11615084
54.9,-3.02,High,0.62871504,0.62871504,0.027150013,0.34413493
54.9,-3.0,Medium,0.46060625,0.4600357,0.07935802,0.46060625
54.9,-2.98,High,0.9977059,0.9977059,0.0003322649,0.0019618946
54.9,-2.96,High,0.9922012,0.9922012,0.0007424071,0.0070563555
54.9,-2.94,High,0.99719954,0.99719954,0.00021801889,0.002582473
54.9,-2.92,High,0.99690264,0.99690264,0.00024629684,0.0028509882
54.9,-2.9,High,0.9966209,0.9966209,0.00022009888,0.0031589589
54.9,-2.88,High,0.9792157,0.9792157,0.00049891655,0.02028538
54.9,-2.86,High,0.8511508,0.8511508,0.008008818,0.14084037
54.9,-2.84,High,0.811235,0.811235,0.0043554725,0.1844095
54.9,-2.82,High,0.9923868,0.9923868,0.0026367174,0.004976473
54.9,-2.8000000000000003,High,0.8838413,0.8838413,0.0031637067,0.112995006
54.9,-2.7800000000000002,High,0.6200504,0.6200504,0.061373368,0.31857628
54.9,-2.7600000000000002,High,0.86217135,0.86217135,0.0034027626,0.13442592
54.9,-2.74,High,0.48172876,0.48172876,0.13024572,0.38802552
54.9,-2.72,High,0.79501307,0.79501307,0.0047079227,0.20027904
54.9,-2.7,High,0.49475121,0.49475121,0.07680672,0.4284421
54.9,-2.66,Low,0.6413401,0.014730191,0.6413401,0.34392974
54.92,-3.3000000000000003,Low,0.610265,0.059845537,0.610265,0.32988948
54.92,-3.2600000000000002,Low,0.651897,0.026175333,0.651897,0.32192764
54.92,-3.24,High,0.73534054,0.73534054,0.008717955,0.2559415
54.92,-3.22,Medium,0.5188064,0.40898335,0.072210215,0.5188064
54.92,-3.2,Medium,0.597379,0.2997632,0.102857776,0.597379
54.92,-3.18,Medium,0.50559783,0.3087753,0.18562685,0.50559783
54.92,-3.14,High,0.45486844,0.45486844,0.15238215,0.39274946
54.92,-3.12,Low,0.62907034,0.023418387,0.62907034,0.3475113
54.92,-3.1,High,0.8691544,0.8691544,0.011189085,0.11965655
54.92,-3.08,High,0.8833233,0.8833233,0.0047931313,0.11188355
54.92,-3.06,High,0.94892275,0.94892275,0.0012760343,0.04980119
54.92,-3.04,Medium,0.6376406,0.1942472,0.16811219,0.6376406
54.92,-3.02,High,0.9902383,0.9902383,0.00044114527,0.00932049
54.92,-3.0,High,0.95905286,0.95905286,0.0012303483,0.039716754
54.92,-2.98,High,0.6862768,0.6862768,0.032891415,0.2808318
54.92,-2.96,High,0.99774796,0.99774796,0.00055928517,0.001692727
54.92,-2.94,High,0.9953551,0.9953551,0.00037605703,0.0042688036
54.92,-2.92,High,0.99770135,0.99770135,0.00030083323,0.0019978418
54.92,-2.9,High,0.93487126,0.93487126,0.0028680607,0.06226068
54.92,-2.88,High,0.54014134,0.54014134,0.020581387,0.43927723
54.92,-2.86,High,0.9676799,0.9676799,0.00053827756,0.031781875
54.92,-2.84,Low,0.46304825,0.24532007,0.46304825,0.29163176
54.92,-2.82,Medium,0.5719427,0.3657375,0.062319793,0.5719427
54.92,-2.8000000000000003,Medium,0.5246933,0.39970642,0.075600274,0.5246933
54.92,-2.7800000000000002,High,0.9386947,0.9386947,0.0032152531,0.05809005
54.92,-2.7600000000000002,High,0.8981681,0.8981681,0.0011289561,0.10070295
54.92,-2.74,High,0.9960865,0.9960865,0.0003256959,0.003587866
54.92,-2.72,Medium,0.5499813,0.35315767,0.09686108,0.5499813
54.92,-2.7,Medium,0.61210656,0.2731364,0.11475709,0.61210656
54.92,-2.66,High,0.8508304,0.8508304,0.010579336,0.13859034
54.92,-2.64,High,0.5742475,0.5742475,0.048250075,0.37750244
54.92,-2.62,Low,0.7033006,0.008948399,0.7033006,0.287751
54.92,-2.6,Medium,0.52083004,0.15203404,0.32713592,0.52083004
54.92,-2.56,Medium,0.44946077,0.3146173,0.23592196,0.44946077
54.94,-3.2800000000000002,Low,0.82807875,0.030165814,0.82807875,0.14175549
54.94,-3.2600000000000002,Medium,0.56756216,0.117324725,0.3151131,0.56756216
54.94,-3.24,Medium,0.5609495,0.118943535,0.32010695,0.5609495
54.94,-3.22,Low,0.71101284,0.012416436,0.71101284,0.27657068
54.94,-3.2,Medium,0.5601314,0.07342288,0.36644575,0.5601314
54.94,-3.18,High,0.87245685,0.87245685,0.003947811,0.123595364
54.94,-3.16,Medium,0.46528915,0.08073185,0.453979,0.46528915
54.94,-3.04,Medium,0.725141,0.09634901,0.17851,0.725141
54.94,-3.02,Medium,0.5388788,0.36061502,0.10050618,0.5388788
54.94,-3.0,High,0.993911,0.993911,0.0002333875,0.0058555747
54.94,-2.98,High,0.65984917,0.65984917,0.012478552,0.32767227
54.94,-2.96,High,0.8691572,0.8691572,0.0030496146,0.12779322
54.94,-2.94,High,0.9970848,0.9970848,0.0003140461,0.0026011204
54.94,-2.92,High,0.9699516,0.9699516,0.0016192428,0.028429117
54.94,-2.9,Medium,0.4841886,0.42397422,0.09183715,0.4841886
54.94,-2.88,High,0.75699687,0.75699687,0.030608052,0.21239506
54.94,-2.86,Medium,0.60360587,0.0879952,0.30839893,0.60360587
54.94,-2.84,High,0.474992,0.474992,0.06317635,0.4618316
54.94,-2.82,Medium,0.54179704,0.21151243,0.24669057,0.54179704
54.94,-2.8000000000000003,High,0.50098354,0.50098354,0.057361998,0.4416544
54.94,-2.7800000000000002,High,0.72501796,0.72501796,0.03936373,0.23561826
54.94,-2.7600000000000002,Medium,0.58975315,0.30980697,0.100439906,0.58975315
54.94,-2.74,High,0.99678266,0.99678266,0.00034854392,0.0028687688
54.94,-2.72,High,0.9814373,0.9814373,0.00042032654,0.018142337
54.94,-2.7,High,0.7878061,0.7878061,0.011746293,0.20044757
54.94,-2.68,High,0.6842506,0.6842506,0.013060153,0.30268928
54.94,-2.66,Medium,0.5108898,0.09285992,0.39625022,0.5108898
54.94,-2.64,Medium,0.5753873,0.22793339,0.19667937,0.5753873
54.94,-2.62,Low,0.47969994,0.06757951,0.47969994,0.4527205
54.94,-2.6,Low,0.5410316,0.0431188,0.5410316,0.41584957
54.94,-2.56,Low,0.7387744,0.026934197,0.7387744,0.23429134
54.96,-3.22,Medium,0.5653692,0.08942701,0.34520385,0.5653692
54.96,-3.02,High,0.9438251,0.9438251,0.00083494076,0.055339977
54.96,-3.0,High,0.6352573,0.6352573,0.02664855,0.3380941
54.96,-2.98,High,0.9466446,0.9466446,0.004405502,0.048949864
54.96,-2.96,High,0.7475754,0.7475754,0.0044699977,0.24795464
54.96,-2.94,High,0.8578671,0.8578671,0.007716453,0.13441642
54.96,-2.92,High,0.5796977,0.5796977,0.069072224,0.35123006
54.96,-2.9,Medium,0.47992417,0.38071018,0.1393656,0.47992417
54.96,-2.88,High,0.8867318,0.8867318,0.0025638877,0.11070427
54.96,-2.86,High,0.9255099,0.9255099,0.003403845,0.07108627
54.96,-2.84,Medium,0.51904106,0.27910507,0.20185386,0.51904106
54.96,-2.82,High,0.86766034,0.86766034,0.0031589821,0.12918061
54.96,-2.8000000000000003,Medium,0.51547724,0.36891276,0.115610026,0.51547724
54.96,-2.7800000000000002,High,0.84527516,0.84527516,0.009754187,0.14497064
54.96,-2.7600000000000002,Medium,0.59323967,0.28027806,0.12648225,0.59323967
54.96,-2.74,Medium,0.81773096,0.10939561,0.07287345,0.81773096
54.96,-2.72,Medium,0.54419243,0.23699391,0.21881367,0.54419243
54.96,-2.7,Medium,0.4745072,0.45440963,0.07108314,0.4745072
54.96,-2.68,Medium,0.5963244,0.092030406,0.31164524,0.5963244
54.96,-2.66,High,0.523204,0.523204,0.11277985,0.36401615
54.96,-2.64,High,0.7619235,0.7619235,0.024603166,0.21347335
54.96,-2.6,Low,0.7456339,0.02549585,0.7456339,0.22887021
54.980000000000004,-3.04,Medium,0.53736144,0.13859095,0.32404757,0.53736144
54.980000000000004,-3.02,High,0.4846879,0.4846879,0.09214848,0.42316365
54.980000000000004,-3.0,Medium,0.51605755,0.3299096,0.15403287,0.51605755
54.980000000000004,-2.98,High,0.69764686,0.69764686,0.048801955,0.25355121
54.980000000000004,-2.96,High,0.9631175,0.9631175,0.00056931085,0.03631321
54.980000000000004,-2.94,High,0.994429,0.994429,0.00039479462,0.0051762434
54.980000000000004,-2.92,High,0.8557073,0.8557073,0.0034759366,0.14081682
54.980000000000004,-2.9,Medium,0.45100218,0.44862524,0.10037258,0.45100218
54.980000000000004,-2.88,High,0.9944062,0.9944062,0.00043852185,0.0051552323
54.980000000000004,-2.86,High,0.542629,0.542629,0.0572007,0.40017027
54.980000000000004,-2.84,Medium,0.5380214,0.21888503,0.24309358,0.5380214
54.980000000000004,-2.82,High,0.84612495,0.84612495,0.009894853,0.14398016
54.980000000000004,-2.8000000000000003,High,0.52131903,0.52131903,0.08254511,0.39613584
54.980000000000004,-2.7600000000000002,Medium,0.507275,0.17351222,0.3192128,0.507275
54.980000000000004,-2.74,Medium,0.53841573,0.36219117,0.09939313,0.53841573
54.980000000000004,-2.72,Medium,0.4922648,0.38116893,0.12656617,0.4922648
54.980000000000004,-2.7,Medium,0.5388783,0.1812281,0.27989355,0.5388783
54.980000000000004,-2.68,Medium,0.5387262,0.23125686,0.23001696,0.5387262
54.980000000000004,-2.66,Low,0.66186315,0.008508104,0.66186315,0.3296287
54.980000000000004,-2.64,Medium,0.57899386,0.1773157,0.24369049,0.57899386
54.980000000000004,-2.62,Medium,0.472492,0.17048569,0.35702226,0.472492
54.980000000000004,-2.6,Low,0.6664699,0.022073163,0.6664699,0.31145704
54.980000000000004,-2.58,Medium,0.60792774,0.26930535,0.122766964,0.60792774
55.0,-3.04,High,0.61643094,0.61643094,0.022012696,0.36155635
55.0,-3.02,High,0.73947227,0.73947227,0.0137903895,0.24673732
55.0,-3.0,High,0.9241164,0.9241164,0.0027751315,0.07310855
55.0,-2.98,High,0.8490929,0.8490929,0.006358041,0.14454906
55.0,-2.96,High,0.99674004,0.99674004,0.00028015353,0.002979764
55.0,-2.94,Medium,0.68428576,0.23604207,0.07967217,0.68428576
55.0,-2.92,High,0.8624078,0.8624078,0.0105525935,0.12703963
55.0,-2.9,Medium,0.518916,0.32505646,0.15602753,0.518916
55.0,-2.88,High,0.6159697,0.6159697,0.04013971,0.34389058
55.0,-2.86,Medium,0.50164306,0.20647404,0.29188293,0.50164306
55.0,-2.84,High,0.8582412,0.8582412,0.0065972847,0.13516156
55.0,-2.82,High,0.86473596,0.86473596,0.0063728616,0.12889123
55.0,-2.8000000000000003,Medium,0.5483619,0.11141736,0.34022072,0.5483619
55.0,-2.7800000000000002,Medium,0.45261025,0.11209859,0.43529114,0.45261025
55.0,-2.74,High,0.49809694,0.49809694,0.061858624,0.4400444
55.0,-2.72,Medium,0.74430114,0.0375262,0.2181727,0.74430114
55.0,-2.7,Medium,0.5146559,0.3975903,0.087753795,0.5146559
55.0,-2.68,Medium,0.5755831,0.3923211,0.032095786,0.5755831
55.0,-2.66,Low,0.525352,0.09212385,0.525352,0.38252416
55.0,-2.64,Low,0.7278904,0.01810369,0.7278904,0.254006
55.0,-2.6,Medium,0.507742,0.036435936,0.4558221,0.507742
55.0,-2.58,Medium,0.5992941,0.31271818,0.08798766,0.5992941
55.02,-3.0,High,0.5885846,0.5885846,0.029448487,0.38196692
55.02,-2.98,High,0.99169886,0.99169886,0.00028248903,0.008018661
55.02,-2.96,High,0.97256607,0.97256607,0.00041828206,0.027015626
55.02,-2.94,Medium,0.66340953,0.28536683,0.051223632,0.66340953
55.02,-2.92,High,0.8541041,0.8541041,0.0036584502,0.14223745
55.02,-2.9,Medium,0.6490166,0.26578677,0.0851966,0.6490166
55.02,-2.88,Medium,0.6182762,0.3351398,0.046584044,0.6182762
55.02,-2.86,Medium,0.5045498,0.17202964,0.32342052,0.5045498
55.02,-2.84,Medium,0.5232809,0.10508882,0.37163025,0.5232809
55.02,-2.82,High,0.5201955,0.5201955,0.051655315,0.42814922
55.02,-2.8000000000000003,Low,0.50842583,0.08525678,0.50842583,0.4063174
55.02,-2.7800000000000002,Medium,0.6878516,0.014130083,0.29801834,0.6878516
55.02,-2.7600000000000002,Medium,0.51667315,0.23064522,0.25268158,0.51667315
55.02,-2.74,Low,0.46996465,0.107430845,0.46996465,0.42260444
55.02,-2.72,Medium,0.62878245,0.25910756,0.112110026,0.62878245
55.02,-2.7,High,0.9889142,0.9889142,0.00058871834,0.010497081
55.02,-2.68,Medium,0.6745806,0.05828618,0.26713318,0.6745806
55.02,-2.66,Low,0.7249707,0.011323445,0.7249707,0.2637058
55.02,-2.6,High,0.9855817,0.9855817,0.00083725154,0.013581072
55.04,-2.98,High,0.51299924,0.51299924,0.029347856,0.4576529
55.04,-2.96,High,0.5158625,0.5158625,0.12054361,0.3635939
55.04,-2.94,Medium,0.5602433,0.34289283,0.096863866,0.5602433
55.04,-2.9,High,0.99385935,0.99385935,0.0008099738,0.0053306767
55.04,-2.88,Low,0.6307859,0.18544154,0.6307859,0.18377262
55.04,-2.86,Medium,0.5133162,0.20391981,0.28276405,0.5133162
55.04,-2.84,Medium,0.6084752,0.20098956,0.19053523,0.6084752
55.04,-2.82,Medium,0.45177186,0.42184418,0.12638403,0.45177186
55.04,-2.8000000000000003,Medium,0.49127305,0.19411658,0.3146104,0.49127305
55.04,-2.7800000000000002,High,0.5780537,0.5780537,0.039398745,0.38254756
55.04,-2.7600000000000002,Low,0.5623839,0.081437744,0.5623839,0.3561784
55.04,-2.74,Low,0.47732404,0.0811718,0.47732404,0.44150418
55.04,-2.68,Medium,0.5931512,0.074866064,0.33198273,0.5931512
55.06,-2.94,Low,0.672721,0.03097034,0.672721,0.29630864
55.06,-2.92,High,0.66659766,0.66659766,0.01989404,0.3135083
55.06,-2.9,High,0.5946515,0.5946515,0.08536441,0.31998408
55.06,-2.88,Medium,0.59484965,0.30061302,0.1045373,0.59484965
55.06,-2.86,High,0.4892114,0.4892114,0.08802871,0.4227599
55.06,-2.84,Medium,0.56664866,0.10291108,0.33044025,0.56664866
55.06,-2.82,Medium,0.562283,0.11357435,0.3241426,0.562283
55.06,-2.8000000000000003,Medium,0.5605091,0.15352762,0.28596324,0.5605091
55.06,-2.7800000000000002,High,0.9873281,0.9873281,0.0010311641,0.011640748
55.06,-2.7600000000000002,High,0.6823657,0.6823657,0.027751556,0.28988278
55.06,-2.74,Low,0.7343601,0.009385145,0.7343601,0.2562548
55.06,-2.72,Medium,0.5503776,0.0786198,0.37100255,0.5503776
55.06,-2.7,Low,0.633784,0.028876854,0.633784,0.33733913
55.06,-2.68,Medium,0.56819814,0.14905587,0.28274602,0.56819814
55.08,-2.92,Low,0.6647598,0.028973375,0.6647598,0.30626684
55.08,-2.9,Low,0.570138,0.013846975,0.570138,0.41601506
55.08,-2.88,Medium,0.45152527,0.41969594,0.12877874,0.45152527
55.08,-2.86,Medium,0.5500987,0.32623413,0.12366711,0.5500987
55.08,-2.84,Medium,0.4553631,0.35749543,0.18714146,0.4553631
55.08,-2.82,Low,0.6993216,0.014259447,0.6993216,0.28641886
55.08,-2.7800000000000002,Low,0.46358168,0.106548384,0.46358168,0.42986995
55.08,-2.7600000000000002,Medium,0.48535118,0.36722246,0.14742638,0.48535118
55.08,-2.74,Low,0.6152582,0.037245885,0.6152582,0.34749588
55.08,-2.7,Medium,0.5327312,0.19664635,0.27062243,0.5327312
55.08,-2.68,Medium,0.55705893,0.059167884,0.38377315,0.55705893
55.1,-2.88,Low,0.4809612,0.07724271,0.4809612,0.44179603
55.1,-2.86,High,0.57596713,0.57596713,0.040081743,0.3839511
55.1,-2.84,Medium,0.4877882,0.40976375,0.10244806,0.4877882
55.1,-2.82,Medium,0.51407665,0.166946,0.31897736,0.51407665
55.1,-2.8000000000000003,Low,0.7955305,0.0077469307,0.7955305,0.19672257
55.1,-2.7600000000000002,Medium,0.5315793,0.31867927,0.14974138,0.5315793
55.1,-2.74,Low,0.5456541,0.023050474,0.5456541,0.43129537
55.1,-2.72,Low,0.45390308,0.09575429,0.45390308,0.4503426
55.120000000000005,-2.82,Medium,0.46982875,0.06432843,0.46584287,0.46982875
55.120000000000005,-2.7600000000000002,Medium,0.48870707,0.10336288,0.40793005,0.48870707
55.14,-2.82,Medium,0.5136377,0.031084375,0.45527792,0.5136377
55.14,-2.7800000000000002,Low,0.8252678,0.009215293,0.8252678,0.16551685
