lat,lon,risk_level,confidence,prob_high,prob_low,prob_medium
53.18,-2.22,Medium,0.49710351335874525,0.3928703483066736,0.11002613833458127,0.49710351335874525
53.18,-2.2,High,0.9466486538455864,0.9466486538455864,0.0017268667109688418,0.05162447944344436
53.18,-2.14,Low,0.5447509721190104,0.045815189465967465,0.5447509721190104,0.40943383841502273
53.18,-2.12,High,0.6117561833430407,0.6117561833430407,0.04637352611495288,0.34187029054200613
53.18,-2.1,Medium,0.5434722154933032,0.11742224818433332,0.33910553632236323,0.5434722154933032
53.18,-2.08,Low,0.5551583120960443,0.055971471965990414,0.5551583120960443,0.38887021593796606
53.18,-2.06,Medium,0.5203112990037553,0.21357652715321485,0.26611217384303004,0.5203112990037553
53.2,-2.2600000000000002,Low,0.5536770141841805,0.06329039767643647,0.5536770141841805,0.383032588139383
53.2,-2.24,Low,0.6181136602792077,0.0335633345527385,0.6181136602792077,0.3483230051680535
53.2,-2.22,High,0.490209879588093,0.490209879588093,0.07064074513933681,0.4391493752725703
53.2,-2.2,High,0.8277012872638321,0.8277012872638321,0.009036978208468221,0.1632617345276996
53.2,-2.18,High,0.8417858770342712,0.8417858770342712,0.01019678879004875,0.14801733417568005
53.2,-2.16,High,0.6041436849564823,0.6041436849564823,0.038887849758021356,0.35696846528549636
53.2,-2.14,High,0.585442388731883,0.585442388731883,0.04926392482930574,0.36529368643881127
53.2,-2.12,High,0.8199562061913614,0.8199562061913614,0.010148469804667892,0.16989532400397084
53.2,-2.1,Low,0.566572955584449,0.04842761252508244,0.566572955584449,0.38499943189046854
53.2,-2.08,High,0.5438912809357652,0.5438912809357652,0.05967250022379082,0.396436218840444
53.2,-2.06,Medium,0.5117858642024778,0.1561425897216768,0.33207154607584527,0.5117858642024778
53.2,-2.04,Medium,0.5106190004064459,0.29956141137872333,0.18981958821483075,0.5106190004064459
53.2,-2.02,Medium,0.4777179670309741,0.1306206544863602,0.3916613784826656,0.4777179670309741
53.2,-2.0,Low,0.532671141960654,0.08568449187690398,0.532671141960654,0.3816443661624421
53.22,-2.2800000000000002,High,0.8369706976926818,0.8369706976926818,0.008550351504719923,0.15447895080259777
53.22,-2.2600000000000002,High,0.6303779071011647,0.6303779071011647,0.03356907840405169,0.33605301449478353
53.22,-2.24,Medium,0.49018418892707527,0.3922254606577981,0.11759035041512672,0.49018418892707527
53.22,-2.22,High,0.8270383747038262,0.8270383747038262,0.008703540809366004,0.16425808448680776
53.22,-2.2,Medium,0.5346028939565821,0.24004301247587687,0.22535409356754116,0.5346028939565821
53.22,-2.18,High,0.7533594059406035,0.7533594059406035,0.018526645938302923,0.22811394812109373
53.22,-2.16,High,0.6689545576920901,0.6689545576920901,0.031758300708129364,0.2992871415997805
53.22,-2.14,High,0.5703206461100685,0.5703206461100685,0.05653123441017174,0.37314811947975945
53.22,-2.12,High,0.6316199752707565,0.6316199752707565,0.034357288904671206,0.3340227358245724
53.22,-2.1,High,0.6743402648282472,0.6743402648282472,0.021437711203185925,0.3042220239685667
53.22,-2.08,High,0.6332994340933277,0.6332994340933277,0.03663876608098124,0.33006179982569106
53.22,-2.06,Medium,0.5285094884451113,0.23128280868610163,0.2402077028687875,0.5285094884451113
53.22,-2.02,Medium,0.5421581166723648,0.1813617821874782,0.27648010114015686,0.5421581166723648
53.24,-2.3000000000000003,High,0.676966138850932,0.676966138850932,0.035830233529529215,0.28720362761953916
53.24,-2.2800000000000002,Medium,0.5094787409361261,0.19736418405793374,0.29315707500593985,0.5094787409361261
53.24,-2.2600000000000002,High,0.597122905304899,0.597122905304899,0.04526003822910658,0.3576170564659946
53.24,-2.24,High,0.8576061540444492,0.8576061540444492,0.00908977172656711,0.1333040742289841
53.24,-2.22,Medium,0.5244679592742131,0.3828571412273088,0.09267489949847847,0.5244679592742131
53.24,-2.2,High,0.4829000854363075,0.4829000854363075,0.08634440185861986,0.4307555127050727
53.24,-2.18,High,0.7295658725026992,0.7295658725026992,0.012249387732690898,0.2581847397646099
53.24,-2.16,High,0.9620754972997007,0.9620754972997007,0.0042698196448871795,0.03365468305541285
53.24,-2.14,High,0.968171099845281,0.968171099845281,0.004084325779544741,0.027744574375174746
53.24,-2.12,High,0.9340765698502627,0.9340765698502627,0.0008091783263372148,0.0651142518233992
53.24,-2.1,High,0.9647224719795788,0.9647224719795788,0.0011192959727153403,0.03415823204770597
53.24,-2.08,High,0.48878763599434855,0.48878763599434855,0.0836693250544107,0.4275430389512408
53.24,-2.06,Medium,0.5100610375103724,0.13059608638620746,0.35934287610342047,0.5100610375103724
53.24,-2.04,Low,0.6948982455068837,0.02004235789090096,0.6948982455068837,0.28505939660221513
53.24,-2.02,Low,0.5744162625272411,0.04868635939025292,0.5744162625272411,0.3768973780825056
53.24,-2.0,Low,0.6878941362267509,0.020628799030641867,0.6878941362267509,0.29147706474260704
53.24,-1.94,High,0.7719410316250177,0.7719410316250177,0.009557389610869297,0.21850157876411302
53.24,-1.92,Medium,0.5093837774640309,0.17140268558407212,0.31921353695189725,0.5093837774640309
53.24,-1.9000000000000001,High,0.9664436347811034,0.9664436347811034,0.0012567833664123055,0.03229958185248505
53.26,-2.3000000000000003,High,0.6533626104048998,0.6533626104048998,0.043156053335548526,0.30348133625955165
53.26,-2.2800000000000002,High,0.8498128136974384,0.8498128136974384,0.0078316853937467,0.1423555009088148
53.26,-2.2600000000000002,High,0.9441867249808661,0.9441867249808661,0.0017539200937473397,0.05405935492538625
53.26,-2.24,Medium,0.49515897068315434,0.4278579753732398,0.07698305394360626,0.49515897068315434
53.26,-2.22,Medium,0.4871368790145192,0.24628360518104914,0.2665795158044316,0.4871368790145192
53.26,-2.2,High,0.5027477322836854,0.5027477322836854,0.06091413705823443,0.4363381306580804
53.26,-2.18,High,0.9216193660434188,0.9216193660434188,0.009996641020808045,0.06838399293577296
53.26,-2.16,High,0.9603788416617667,0.9603788416617667,0.0038540080821528443,0.03576715025608074
53.26,-2.14,High,0.9261390349503351,0.9261390349503351,0.0007020572393123701,0.07315890781035189
53.26,-2.12,High,0.9449275385614178,0.9449275385614178,0.0006939874988276454,0.05437847393975377
53.26,-2.1,High,0.9663755529763468,0.9663755529763468,0.004320883062574475,0.029303563961079086
53.26,-2.08,High,0.7718461341151821,0.7718461341151821,0.007761771135865303,0.2203920947489523
53.26,-2.06,Medium,0.5086611877720031,0.22605482706973884,0.26528398515825824,0.5086611877720031
53.26,-2.04,Medium,0.5497655946135549,0.1292922097745716,0.32094219561187365,0.5497655946135549
53.26,-2.02,Medium,0.5241435854144327,0.26698678066482534,0.20886963392074193,0.5241435854144327
53.26,-2.0,Low,0.7373310554245184,0.020152907532646747,0.7373310554245184,0.24251603704283453
53.26,-1.94,High,0.9154665929802372,0.9154665929802372,0.005374887503600346,0.07915851951616239
53.26,-1.92,High,0.9383268406721196,0.9383268406721196,0.002169867353719823,0.059503291974160995
53.26,-1.9000000000000001,High,0.9502960052423819,0.9502960052423819,0.0004949622680262758,0.04920903248959133
53.26,-1.8800000000000001,Low,0.5168324651279983,0.060032108748252384,0.5168324651279983,0.4231354261237493
53.26,-1.86,Low,0.482297093618651,0.07311270683700637,0.482297093618651,0.4445901995443428
53.26,-1.84,Medium,0.5144714449339485,0.079097502377861,0.4064310526881906,0.5144714449339485
53.26,-1.82,High,0.5113333185178788,0.5113333185178788,0.08101622465057125,0.4076504568315504
53.26,-1.8,Medium,0.5276043798187745,0.1900479397590169,0.2823476804222084,0.5276043798187745
53.28,-2.3000000000000003,Medium,0.5412757903234418,0.11469376308643973,0.3440304465901183,0.5412757903234418
53.28,-2.2800000000000002,High,0.9067970936605869,0.9067970936605869,0.005483169576815363,0.0877197367625982
53.28,-2.2600000000000002,High,0.8541967032006684,0.8541967032006684,0.008468373080305784,0.1373349237190252
53.28,-2.24,High,0.9170594336183255,0.9170594336183255,0.00501102633148113,0.07792954005019245
53.28,-2.22,High,0.7893311888028873,0.7893311888028873,0.013289124494365862,0.19737968670274697
53.28,-2.2,High,0.8629624447621156,0.8629624447621156,0.00821988319060147,0.1288176720472831
53.28,-2.18,High,0.903270089488536,0.903270089488536,0.012058261019864376,0.0846716494915994
53.28,-2.16,High,0.9696549108307748,0.9696549108307748,0.0006715310293311926,0.02967355813989417
53.28,-2.14,High,0.9598644094241844,0.9598644094241844,0.0009711341601936072,0.03916445641562228
53.28,-2.12,High,0.9770177086885954,0.9770177086885954,0.0005067192213962147,0.02247557209000834
53.28,-2.1,High,0.9158394776484177,0.9158394776484177,0.00554944616491967,0.07861107618666291
53.28,-2.08,High,0.9713072161238268,0.9713072161238268,0.0010037920764084808,0.027688991799765153
53.28,-2.06,Medium,0.5069945014513163,0.3495338681452946,0.14347163040338917,0.5069945014513163
53.28,-2.04,Medium,0.4604836547135516,0.4248223906569789,0.11469395462946946,0.4604836547135516
53.28,-2.02,Low,0.6804825878098483,0.025903462750702946,0.6804825878098483,0.2936139494394483
53.28,-1.98,Low,0.7823655255588966,0.008967141769336572,0.7823655255588966,0.20866733267176657
53.28,-1.96,Medium,0.5633066948349899,0.22026979851136125,0.2164235066536489,0.5633066948349899
53.28,-1.9000000000000001,High,0.6760317538938082,0.6760317538938082,0.03525321175334543,0.28871503435284634
53.28,-1.8800000000000001,High,0.9331194044016848,0.9331194044016848,0.002166236050753906,0.06471435954756105
53.28,-1.86,High,0.7951895314095383,0.7951895314095383,0.011040910538261683,0.19376955805220056
53.28,-1.84,Low,0.467830912595997,0.0810885521975994,0.467830912595997,0.45108053520640357
53.28,-1.82,Medium,0.5032664115056119,0.3195185676610851,0.177215020833303,0.5032664115056119
53.300000000000004,-2.3000000000000003,High,0.5024510387790833,0.5024510387790833,0.08948790978196242,0.4080610514389546
53.300000000000004,-2.2800000000000002,High,0.8894736789541833,0.8894736789541833,0.006628958765940353,0.10389736227987602
53.300000000000004,-2.2600000000000002,High,0.8943765620394178,0.8943765620394178,0.008293874029062277,0.09732956393151979
53.300000000000004,-2.24,High,0.9723656116671817,0.9723656116671817,0.0005395899953100935,0.027094798337508233
53.300000000000004,-2.22,High,0.9213035427113663,0.9213035427113663,0.0012942410418635391,0.07740221624676932
53.300000000000004,-2.2,High,0.6553361856970605,0.6553361856970605,0.037751425301998515,0.30691238900094114
53.300000000000004,-2.18,High,0.9651891266754496,0.9651891266754496,0.0011278468649368774,0.03368302645961379
53.300000000000004,-2.16,High,0.9583105481116304,0.9583105481116304,0.0042934424708192,0.03739600941755032
53.300000000000004,-2.14,High,0.9754811478999941,0.9754811478999941,0.0004660994458445426,0.024052752654161146
53.300000000000004,-2.12,High,0.9701711737882338,0.9701711737882338,0.004029515620783249,0.025799310590983213
53.300000000000004,-2.1,High,0.948597871614657,0.948597871614657,0.000518647109027697,0.050883481276315035
53.300000000000004,-2.08,High,0.9676891399931676,0.9676891399931676,0.0010755315560966592,0.03123532845073569
53.300000000000004,-2.06,High,0.6397081105854582,0.6397081105854582,0.04157597364499981,0.31871591576954184
53.300000000000004,-2.04,Low,0.6033015425666783,0.04513106450883919,0.6033015425666783,0.35156739292448225
53.300000000000004,-2.02,High,0.6647218480831115,0.6647218480831115,0.03733051022587432,0.2979476416910143
53.300000000000004,-2.0,Low,0.4829027296818997,0.13758004838057641,0.4829027296818997,0.3795172219375241
53.300000000000004,-1.98,High,0.7283353890910869,0.7283353890910869,0.018240594184796236,0.2534240167241167
53.300000000000004,-1.96,Low,0.4778259515700207,0.12647237708428846,0.4778259515700207,0.39570167134569106
53.300000000000004,-1.94,High,0.900622010163739,0.900622010163739,0.008868536223753417,0.09050945361250727
53.300000000000004,-1.92,High,0.46386304145368373,0.46386304145368373,0.11099959352206243,0.42513736502425364
53.300000000000004,-1.9000000000000001,High,0.7608672849871648,0.7608672849871648,0.01776115537992987,0.22137155963290517
53.300000000000004,-1.8800000000000001,High,0.9113619573371153,0.9113619573371153,0.008401997434521968,0.08023604522836285
53.300000000000004,-1.86,Medium,0.4933142195092836,0.07480913750253106,0.43187664298818534,0.4933142195092836
53.300000000000004,-1.84,High,0.8634415996420935,0.8634415996420935,0.007755940160205208,0.1288024601977018
53.300000000000004,-1.82,High,0.7977935579149983,0.7977935579149983,0.012985848059614977,0.18922059402538674
53.300000000000004,-1.8,Medium,0.5331653654752521,0.16116276726338186,0.3056718672613659,0.5331653654752521
53.32,-2.2600000000000002,High,0.9729398913473836,0.9729398913473836,0.0006782304115842269,0.026381878241032344
53.32,-2.24,High,0.9384412475989926,0.9384412475989926,0.0010860908800747638,0.06047266152093183
53.32,-2.22,High,0.9670150892104408,0.9670150892104408,0.0013406283157831856,0.0316442824737764
53.32,-2.2,High,0.8949720473078281,0.8949720473078281,0.006976459767821207,0.0980514929243508
53.32,-2.18,High,0.9120271240060882,0.9120271240060882,0.003568840038514804,0.08440403595539678
53.32,-2.16,High,0.6359766717446846,0.6359766717446846,0.03908159144515678,0.32494173681015887
53.32,-2.14,High,0.8522070538428375,0.8522070538428375,0.01718410340663498,0.13060884275052742
53.32,-2.12,High,0.7544426135547178,0.7544426135547178,0.016633941883000755,0.22892344456228103
53.32,-2.1,High,0.8901325827520509,0.8901325827520509,0.008782261918817995,0.10108515532913137
53.32,-2.08,High,0.958712048266608,0.958712048266608,0.0013414507598876679,0.03994650097350469
53.32,-2.06,Medium,0.5180460092295393,0.08070333811009331,0.4012506526603677,0.5180460092295393
53.32,-2.02,High,0.8392427508258996,0.8392427508258996,0.010381545422168084,0.15037570375193227
53.32,-2.0,High,0.9435186133317752,0.9435186133317752,0.0068651245106204,0.04961626215760414
53.32,-1.98,High,0.9800110001624325,0.9800110001624325,0.0005560739421491624,0.0194329258954182
53.32,-1.96,High,0.8149905955626735,0.8149905955626735,0.022096686458464146,0.16291271797886225
53.32,-1.94,High,0.8112988534015527,0.8112988534015527,0.019023237068281452,0.16967790953016565
53.32,-1.92,High,0.9244704519658202,0.9244704519658202,0.0010186403924887135,0.07451090764168974
53.32,-1.9000000000000001,High,0.9706158119539036,0.9706158119539036,0.004034413468337842,0.025349774577758884
53.32,-1.8800000000000001,High,0.6944145874338856,0.6944145874338856,0.03653798422527227,0.2690474283408422
53.32,-1.86,High,0.5897534392280401,0.5897534392280401,0.05379581207402148,0.35645074869793836
53.32,-1.84,Medium,0.4787614644949983,0.38468326912141637,0.1365552663835852,0.4787614644949983
53.32,-1.82,Medium,0.5287008251611737,0.2550865970605074,0.2162125777783188,0.5287008251611737
53.34,-2.3000000000000003,Medium,0.47763619408468977,0.05622668101748265,0.46613712489782755,0.47763619408468977
53.34,-2.2800000000000002,Medium,0.5041747523020916,0.3473192302682107,0.14850601742969766,0.5041747523020916
53.34,-2.2600000000000002,High,0.9424369684837814,0.9424369684837814,0.007427541312158563,0.0501354902040596
53.34,-2.24,High,0.9711295993339061,0.9711295993339061,0.0006665612624933996,0.028203839403600682
53.34,-2.22,High,0.9543330037997039,0.9543330037997039,0.0006602882587219886,0.04500670794157318
53.34,-2.2,High,0.9692068158731574,0.9692068158731574,0.004030704654081479,0.0267624794727615
53.34,-2.18,High,0.8784042001766692,0.8784042001766692,0.008492114578148104,0.11310368524518287
53.34,-2.16,High,0.9721732933172242,0.9721732933172242,0.0006352816255363846,0.02719142505723931
53.34,-2.14,High,0.9754056776668424,0.9754056776668424,0.00045397629386103433,0.024140346039296393
53.34,-2.12,High,0.9553675669960675,0.9553675669960675,0.0006496345071376354,0.0439827984967943
53.34,-2.1,High,0.9729815323830082,0.9729815323830082,0.0005943186336877587,0.026424148983304065
53.34,-2.08,High,0.9544359951462755,0.9544359951462755,0.004569945906178293,0.04099405894754553
53.34,-2.06,Medium,0.5266565520201911,0.2065239467979776,0.26681950118183134,0.5266565520201911
53.34,-2.04,Medium,0.5249034341359176,0.33093129808589844,0.14416526777818425,0.5249034341359176
53.34,-2.02,Medium,0.5173980925753492,0.19066149471095464,0.29194041271369586,0.5173980925753492
53.34,-2.0,High,0.9707897126684151,0.9707897126684151,0.000888566285353283,0.02832172104623191
53.34,-1.98,High,0.972785764784565,0.972785764784565,0.0039011000253144097,0.023313135190120748
53.34,-1.96,High,0.8702841231979344,0.8702841231979344,0.010249477402009122,0.11946639940005634
53.34,-1.94,High,0.9600626778724418,0.9600626778724418,0.001306233539310869,0.038631088588247244
53.34,-1.92,High,0.6914790011994265,0.6914790011994265,0.02345010288572904,0.2850708959148445
53.34,-1.9000000000000001,High,0.6237600607452037,0.6237600607452037,0.038228947553120125,0.33801099170167603
53.34,-1.8800000000000001,Medium,0.5366577006196994,0.18315019325447487,0.2801921061258259,0.5366577006196994
53.34,-1.86,Low,0.6953121815807968,0.023489584673185654,0.6953121815807968,0.28119823374601766
53.34,-1.84,Low,0.7179766178406913,0.016959002925617486,0.7179766178406913,0.26506437923369136
53.36,-2.36,High,0.857766278728637,0.857766278728637,0.012002295845576693,0.13023142542578692
53.36,-2.34,High,0.7110670532224322,0.7110670532224322,0.026154111052656987,0.2627788357249105
53.36,-2.32,High,0.9512928819846427,0.9512928819846427,0.0048373629798341864,0.043869755035523685
53.36,-2.2800000000000002,Medium,0.6345165680014593,0.15491661403848403,0.21056681796005694,0.6345165680014593
53.36,-2.2600000000000002,High,0.9784316521318531,0.9784316521318531,0.000531471880838877,0.021036875987307982
53.36,-2.24,High,0.72067289817319,0.72067289817319,0.01499347339640564,0.26433362843040387
53.36,-2.22,High,0.9739499511490266,0.9739499511490266,0.0038765292236358816,0.022173519627337854
53.36,-2.2,High,0.9731108748200396,0.9731108748200396,0.0005005209695959864,0.026388604210364392
53.36,-2.18,High,0.9757433328046224,0.9757433328046224,0.0004693572594542323,0.023787309935923227
53.36,-2.16,High,0.9682058823227565,0.9682058823227565,0.000591632200079433,0.031202485477163838
53.36,-2.14,High,0.9669450942238528,0.9669450942238528,0.0006692367835391082,0.032385668992608224
53.36,-2.12,High,0.952098689340271,0.952098689340271,0.0005776465930919599,0.04732366406663667
53.36,-2.1,High,0.9113961049435139,0.9113961049435139,0.006025278323053801,0.08257861673343203
53.36,-2.08,High,0.970410981186578,0.970410981186578,0.004008465664773117,0.025580553148649092
53.36,-2.06,High,0.9719918911469155,0.9719918911469155,0.0005551300721291643,0.02745297878095548
53.36,-2.04,High,0.97465528903204,0.97465528903204,0.00048040746439708944,0.024864303503562734
53.36,-2.02,High,0.9673266002741744,0.9673266002741744,0.0011434646729505614,0.031529935052875574
53.36,-2.0,High,0.9552365369905753,0.9552365369905753,0.0008696023952338623,0.043893860614190844
53.36,-1.98,High,0.9076805285719675,0.9076805285719675,0.0010489682301757927,0.0912705031978558
53.36,-1.96,Low,0.4879230527423302,0.17158129403007624,0.4879230527423302,0.3404956532275935
53.36,-1.94,High,0.6779655904926077,0.6779655904926077,0.022888171190504077,0.2991462383168881
53.36,-1.92,High,0.6182048029211058,0.6182048029211058,0.024233756105062912,0.3575614409738314
53.38,-2.4,Medium,0.5229516450365578,0.17474284647602625,0.3023055084874158,0.5229516450365578
53.38,-2.38,High,0.919508295688253,0.919508295688253,0.005885635033968895,0.0746060692777777
53.38,-2.36,High,0.9570263012657463,0.9570263012657463,0.0006263187266135197,0.042347380007640066
53.38,-2.34,High,0.9741203123775832,0.9741203123775832,0.0005352845595608725,0.025344403062855913
53.38,-2.32,High,0.8932624326408292,0.8932624326408292,0.002576039432866993,0.10416152792630384
53.38,-2.3000000000000003,Medium,0.5148736608638332,0.3333119288823155,0.1518144102538512,0.5148736608638332
53.38,-2.2800000000000002,High,0.9328131644566143,0.9328131644566143,0.0022102198574000405,0.06497661568598552
53.38,-2.2600000000000002,High,0.954810221153526,0.954810221153526,0.0004977835733950995,0.04469199527307875
53.38,-2.24,High,0.955355604156284,0.955355604156284,0.0009856058791254962,0.043658789964590966
53.38,-2.22,High,0.962338692892198,0.962338692892198,0.0007119549032654515,0.036949352204536254
53.38,-2.2,High,0.9663818854916094,0.9663818854916094,0.000764883916043096,0.03285323059234721
53.38,-2.18,High,0.9691797346168012,0.9691797346168012,0.0005464711677019937,0.03027379421549652
53.38,-2.16,High,0.9628123920113013,0.9628123920113013,0.0006346629822906341,0.036552945006407746
53.38,-2.14,High,0.9585299297716794,0.9585299297716794,0.0005219935867063186,0.04094807664161396
53.38,-2.12,High,0.9065168884896484,0.9065168884896484,0.0019537065644309732,0.09152940494592018
53.38,-2.1,High,0.9691979972781515,0.9691979972781515,0.0007847837121858828,0.030017219009662678
53.38,-2.08,High,0.9733676757254777,0.9733676757254777,0.0005518965611580172,0.026080427713364242
53.38,-2.06,High,0.9050017535765185,0.9050017535765185,0.001427116969602083,0.09357112945387935
53.38,-2.04,High,0.959591331956167,0.959591331956167,0.0007963074927386235,0.0396123605510937
53.38,-2.02,High,0.6268494733915222,0.6268494733915222,0.037901565187401204,0.3352489614210766
53.38,-2.0,High,0.9756202680082927,0.9756202680082927,0.0005128502905740999,0.023866881701132877
53.38,-1.98,High,0.9745185896944265,0.9745185896944265,0.004086266127056223,0.021395144178517213
53.38,-1.96,High,0.9603172353497371,0.9603172353497371,0.003248403388367034,0.0364343612618963
53.38,-1.94,High,0.9479880494873782,0.9479880494873782,0.0020503351251537484,0.0499616153874681
53.38,-1.92,Medium,0.5187323150443206,0.33238865092246883,0.1488790340332108,0.5187323150443206
53.38,-1.9000000000000001,Low,0.7092313614893594,0.020723047496446097,0.7092313614893594,0.27004559101419473
53.4,-2.5,High,0.4768178393959973,0.4768178393959973,0.09174968775898597,0.43143247284501673
53.4,-2.48,Medium,0.4900060761468245,0.4113562177350768,0.09863770611809838,0.4900060761468245
53.4,-2.46,High,0.6989366686418644,0.6989366686418644,0.03323545862593014,0.2678278727322054
53.4,-2.4,Medium,0.5281912123266398,0.2685404535917545,0.20326833408160558,0.5281912123266398
53.4,-2.38,High,0.8423342416415547,0.8423342416415547,0.0064123530229863125,0.15125340533545953
53.4,-2.36,High,0.8773809964694539,0.8773809964694539,0.002562272933489162,0.12005673059705634
53.4,-2.34,High,0.9704608122704188,0.9704608122704188,0.004039964646474942,0.025499223083106676
53.4,-2.32,High,0.9655812813976568,0.9655812813976568,0.000505101330600789,0.03391361727174272
53.4,-2.3000000000000003,High,0.9474192742416898,0.9474192742416898,0.0009046928684402966,0.05167603288986904
53.4,-2.2800000000000002,High,0.9354611695126092,0.9354611695126092,0.0032584722143836732,0.061280358273007304
53.4,-2.2600000000000002,High,0.9654448921692136,0.9654448921692136,0.0005484165769256641,0.03400669125386056
53.4,-2.24,High,0.9638595130418328,0.9638595130418328,0.0007095289438151642,0.035430958014351484
53.4,-2.22,High,0.9751493063250565,0.9751493063250565,0.0005010346348270639,0.024349659040116264
53.4,-2.2,High,0.9668562771638599,0.9668562771638599,0.0005340423706575477,0.03260968046548229
53.4,-2.18,High,0.9520008260294084,0.9520008260294084,0.0006719411893574743,0.0473272327812335
53.4,-2.16,High,0.9507390120857884,0.9507390120857884,0.0004996188386687202,0.048761369075542974
53.4,-2.14,High,0.9651564613619302,0.9651564613619302,0.0006445908612910821,0.03419894777677819
53.4,-2.12,High,0.9759604257961265,0.9759604257961265,0.0005588632145497613,0.02348071098932373
53.4,-2.1,High,0.947349709760699,0.947349709760699,0.0008225257848090785,0.051827764454491894
53.4,-2.08,High,0.9688895021561001,0.9688895021561001,0.0005573788184631974,0.03055311902543637
53.4,-2.06,High,0.9559712453970218,0.9559712453970218,0.00046856049095294076,0.04356019411202492
53.4,-2.04,High,0.9701713732571744,0.9701713732571744,0.0004585734186344987,0.02937005332419095
53.4,-2.02,High,0.9633803213643874,0.9633803213643874,0.0012804082302638408,0.0353392704053492
53.4,-2.0,High,0.5866067170836751,0.5866067170836751,0.061962416817363926,0.351430866098961
53.4,-1.98,High,0.5256524521105137,0.5256524521105137,0.07549516576293185,0.3988523821265541
53.4,-1.96,Low,0.4757799031518955,0.12414945262539336,0.4757799031518955,0.400070644222711
53.4,-1.94,High,0.5861528230879088,0.5861528230879088,0.07218568637654334,0.34166149053554773
53.42,-2.54,High,0.9739724148468047,0.9739724148468047,0.0007709112546385992,0.025256673898557024
53.42,-2.52,High,0.962602792550404,0.962602792550404,0.0038912282765204225,0.03350597917307552
53.42,-2.5,High,0.9657522901585577,0.9657522901585577,0.0008937175601742604,0.033353992281268334
53.42,-2.48,High,0.5938686979900015,0.5938686979900015,0.048920269354611634,0.35721103265538706
53.42,-2.46,High,0.9695198095564543,0.9695198095564543,0.0011298998758879609,0.029350290567658227
53.42,-2.44,High,0.9684188076313113,0.9684188076313113,0.0005545783748890497,0.03102661399379947
53.42,-2.42,High,0.9656418088972226,0.9656418088972226,0.0007124873822266489,0.0336457037205504
53.42,-2.4,Medium,0.48290870591539203,0.06827022713588053,0.44882106694872737,0.48290870591539203
53.42,-2.38,Medium,0.5036312090550669,0.3632622644598618,0.13310652648507165,0.5036312090550669
53.42,-2.36,High,0.9704809672556591,0.9704809672556591,0.0041732684417687725,0.025345764302572404
53.42,-2.34,High,0.9696095598502317,0.9696095598502317,0.0005424175111165133,0.029848022638651675
53.42,-2.32,High,0.9754072275564237,0.9754072275564237,0.0004686017536417144,0.02412417068993416
53.42,-2.3000000000000003,High,0.9738027010248466,0.9738027010248466,0.0005086009671748037,0.025688698007978766
53.42,-2.2800000000000002,High,0.9258194099120756,0.9258194099120756,0.0032056531903271244,0.07097493689759692
53.42,-2.2600000000000002,High,0.9635194653784694,0.9635194653784694,0.0005425707789359079,0.03593796384259458
53.42,-2.24,High,0.9715997091922641,0.9715997091922641,0.0004996069661802453,0.027900683841555512
53.42,-2.22,High,0.9646520174641651,0.9646520174641651,0.0005340235154680134,0.03481395902036641
53.42,-2.2,High,0.975004742494165,0.975004742494165,0.0005092753255902568,0.02448598218024464
53.42,-2.18,High,0.9642743879961416,0.9642743879961416,0.0006031297111685903,0.035122482292689515
53.42,-2.16,High,0.947566758285639,0.947566758285639,0.0009257209683126686,0.05150752074604759
53.42,-2.14,High,0.9651094892264872,0.9651094892264872,0.003876892406906253,0.031013618366606554
53.42,-2.12,High,0.9721371878602325,0.9721371878602325,0.0004996893950149087,0.027363122744752503
53.42,-2.1,High,0.8763410087977301,0.8763410087977301,0.0024457236990513163,0.1212132675032179
53.42,-2.08,High,0.9715219732123291,0.9715219732123291,0.000494955384419695,0.027983071403250827
53.42,-2.06,High,0.9565991891008874,0.9565991891008874,0.00058179336839148,0.04281901753072133
53.42,-2.04,High,0.9522760087338454,0.9522760087338454,0.008671671450687559,0.03905231981546725
53.42,-2.02,High,0.458324976801409,0.458324976801409,0.09418169081858632,0.44749333238000516
53.42,-2.0,High,0.7285489099171325,0.7285489099171325,0.0171791164082717,0.2542719736745959
53.42,-1.98,Low,0.5359166247056398,0.11306814349159292,0.5359166247056398,0.35101523180276734
53.42,-1.96,Medium,0.53768779191407,0.2811620885632323,0.18115011952269794,0.53768779191407
53.42,-1.94,Medium,0.5492493285082014,0.30730258681228345,0.14344808467951534,0.5492493285082014
53.44,-2.7,Medium,0.49274565184267466,0.13055431248198135,0.37670003567534416,0.49274565184267466
53.44,-2.66,High,0.6374843949532323,0.6374843949532323,0.036514713705471685,0.32600089134129606
53.44,-2.64,High,0.9741650968066563,0.9741650968066563,0.0004855436797911965,0.025349359513552362
53.44,-2.62,High,0.9674297903572991,0.9674297903572991,0.0005977031032034593,0.03197250653949723
53.44,-2.6,Medium,0.5173137713942807,0.25068616840598557,0.23200006019973374,0.5173137713942807
53.44,-2.58,Low,0.44927526624215863,0.11280087756479638,0.44927526624215863,0.43792385619304514
53.44,-2.56,Medium,0.48503909773614795,0.3662592726722645,0.1487016295915878,0.48503909773614795
53.44,-2.54,Medium,0.48827033040339524,0.29748216804446426,0.21424750155214045,0.48827033040339524
53.44,-2.52,High,0.9179535268276297,0.9179535268276297,0.0016303195522219083,0.08041615362014794
53.44,-2.5,High,0.8762873501855819,0.8762873501855819,0.007480846605633332,0.11623180320878493
53.44,-2.48,Medium,0.4728288739474603,0.4426083375893619,0.08456278846317751,0.4728288739474603
53.44,-2.46,High,0.8999273388788178,0.8999273388788178,0.005235038180537115,0.09483762294064507
53.44,-2.44,High,0.9451367644905291,0.9451367644905291,0.0010250237408754971,0.05383821176859515
53.44,-2.42,High,0.9645199204750066,0.9645199204750066,0.0007629504247365672,0.03471712910025625
53.44,-2.4,High,0.9539601992452369,0.9539601992452369,0.0004882094860087522,0.04555159126875428
53.44,-2.38,High,0.9697440993787054,0.9697440993787054,0.004021725277860369,0.026234175343434765
53.44,-2.36,High,0.9692840666060006,0.9692840666060006,0.0006798778766170361,0.030036055517382122
53.44,-2.34,High,0.972186881106285,0.972186881106285,0.0006108504104468767,0.027202268483268167
53.44,-2.32,High,0.9755670254098169,0.9755670254098169,0.00047243512956811345,0.02396053946061496
53.44,-2.3000000000000003,High,0.9676090718658752,0.9676090718658752,0.004093322153461181,0.028297605980663935
53.44,-2.2800000000000002,High,0.9368756367430631,0.9368756367430631,0.0023880725118620395,0.06073629074507483
53.44,-2.2600000000000002,High,0.9687472418172624,0.9687472418172624,0.0006105383870859873,0.030642219795651567
53.44,-2.24,High,0.961025882797612,0.961025882797612,0.0038634657615945873,0.03511065144079339
53.44,-2.22,High,0.958127616148971,0.958127616148971,0.0006337728620827724,0.04123861098894608
53.44,-2.2,High,0.9530507268192295,0.9530507268192295,0.0005259290410539398,0.046423344139716154
53.44,-2.18,High,0.969959415280152,0.969959415280152,0.0005121081478958598,0.02952847657195228
53.44,-2.16,High,0.9658530139700078,0.9658530139700078,0.0005335095660649933,0.03361347646392732
53.44,-2.14,High,0.9064285445946811,0.9064285445946811,0.002451356771862575,0.09112009863345588
53.44,-2.12,High,0.9710443803007149,0.9710443803007149,0.000597115341924383,0.028358504357360585
53.44,-2.1,High,0.9700606798487743,0.9700606798487743,0.00391551929196358,0.026023800859262272
53.44,-2.08,High,0.9636016078108227,0.9636016078108227,0.004019051399157427,0.032379340790020014
53.44,-2.06,High,0.9701061990326969,0.9701061990326969,0.003918813665225852,0.025974987302077528
53.44,-2.04,High,0.9394745534013612,0.9394745534013612,0.0074386864285483105,0.05308676017009082
53.44,-2.02,High,0.9732695409821898,0.9732695409821898,0.0005735465024309431,0.026156912515379285
53.44,-2.0,High,0.9661819513686147,0.9661819513686147,0.00048478360596204093,0.033333265025422686
53.44,-1.98,High,0.9744372177119592,0.9744372177119592,0.0005151095474137557,0.02504767274062703
53.44,-1.96,High,0.9408271324229794,0.9408271324229794,0.0006604946276674879,0.05851237294935241
53.44,-1.94,High,0.9627498841368864,0.9627498841368864,0.0038866103586737977,0.03336350550443962
53.44,-1.92,High,0.7654678952418219,0.7654678952418219,0.01510664555143571,0.2194254592067423
53.46,-2.7,High,0.9724070535526872,0.9724070535526872,0.000845842071158126,0.026747104376155
53.46,-2.68,High,0.9679484236287721,0.9679484236287721,0.0005659240365813947,0.03148565233464666
53.46,-2.66,High,0.9690320353343523,0.9690320353343523,0.0005404070643594117,0.03042755760128817
53.46,-2.64,High,0.9592956092506911,0.9592956092506911,0.00047509537087452215,0.04022929537843389
53.46,-2.62,High,0.9739064956597061,0.9739064956597061,0.0004719579648571299,0.025621546375436722
53.46,-2.6,High,0.9011968753736916,0.9011968753736916,0.004453316484227401,0.09434980814208092
53.46,-2.58,High,0.9393684980503751,0.9393684980503751,0.0027600510641275465,0.057871450885497805
53.46,-2.56,High,0.9550134292801563,0.9550134292801563,0.0014425216992057894,0.043544049020637535
53.46,-2.54,Medium,0.46066147667218904,0.45253086091226424,0.08680766241554652,0.46066147667218904
53.46,-2.52,High,0.8803156043652048,0.8803156043652048,0.004347274737206611,0.11533712089758819
53.46,-2.5,High,0.8500040394177418,0.8500040394177418,0.007255933158722547,0.14274002742353523
53.46,-2.48,Medium,0.5620438233595852,0.2434400909890321,0.19451608565138276,0.5620438233595852
53.46,-2.46,High,0.6942738719761986,0.6942738719761986,0.03399727295331193,0.2717288550704894
53.46,-2.44,High,0.6973272392387726,0.6973272392387726,0.02122806038086153,0.2814447003803655
53.46,-2.42,High,0.9664724331687853,0.9664724331687853,0.004149182636908968,0.029378384194306283
53.46,-2.4,High,0.9733023859967025,0.9733023859967025,0.0007161362171092176,0.025981477786188437
53.46,-2.38,High,0.9718261511874179,0.9718261511874179,0.0008620551228372026,0.027311793689745217
53.46,-2.36,High,0.9756353189647206,0.9756353189647206,0.0005026144796579585,0.023862066555621383
53.46,-2.34,High,0.9655205558398172,0.9655205558398172,0.0007027952599856665,0.03377664890019659
53.46,-2.32,High,0.9481742088732033,0.9481742088732033,0.0011442137813425072,0.050681577345453546
53.46,-2.3000000000000003,High,0.9561673626967115,0.9561673626967115,0.0009431374871224541,0.04288949981616527
53.46,-2.2800000000000002,High,0.9318786696592971,0.9318786696592971,0.0024583986311974147,0.06566293170950507
53.46,-2.2600000000000002,High,0.9501024798421527,0.9501024798421527,0.0004946184195167419,0.0494029017383306
53.46,-2.24,High,0.9530595353273839,0.9530595353273839,0.0005152740029731539,0.04642519066964267
53.46,-2.22,High,0.9359737499381889,0.9359737499381889,0.0005117878043331846,0.06351446225747727
53.46,-2.2,High,0.9579488513892404,0.9579488513892404,0.0004945095119135713,0.041556639098846
53.46,-2.18,High,0.9635151028458668,0.9635151028458668,0.0005238005023070519,0.03596109665182602
53.46,-2.16,High,0.9677643485540597,0.9677643485540597,0.003871816600419046,0.028363834845521393
53.46,-2.14,High,0.9523215973667744,0.9523215973667744,0.0007942198285299795,0.04688418280469486
53.46,-2.12,High,0.9681826441269719,0.9681826441269719,0.0005018236305176139,0.03131553224251038
53.46,-2.1,High,0.9641035729009136,0.9641035729009136,0.0008018810157423406,0.035094546083344315
53.46,-2.08,High,0.9498541365299021,0.9498541365299021,0.0008862800916903575,0.04925958337840658
53.46,-2.06,High,0.9692962310197727,0.9692962310197727,0.0005303248622704662,0.030173444117956607
53.46,-2.04,High,0.9547194085737806,0.9547194085737806,0.00168578148735973,0.04359480993885966
53.46,-2.02,High,0.8838573978767886,0.8838573978767886,0.002570671044745688,0.11357193107846547
53.46,-2.0,High,0.9711792285148921,0.9711792285148921,0.0005454276281087371,0.02827534385699926
53.46,-1.98,High,0.9062531974182731,0.9062531974182731,0.0015519474417692708,0.09219485513995734
53.46,-1.96,High,0.9707745003026166,0.9707745003026166,0.003899948615768346,0.025325551081615112
53.46,-1.94,High,0.9697580273394975,0.9697580273394975,0.001070367908284462,0.029171604752218142
53.46,-1.92,Low,0.4322862703048511,0.15459765503168021,0.4322862703048511,0.4131160746634691
53.480000000000004,-2.72,High,0.9698498319825984,0.9698498319825984,0.0010469643091347508,0.02910320370826671
53.480000000000004,-2.7,High,0.8397974555249881,0.8397974555249881,0.021137250353527263,0.13906529412148416
53.480000000000004,-2.68,High,0.9743707052002756,0.9743707052002756,0.0007248747028215373,0.02490442009690302
53.480000000000004,-2.66,High,0.9705729070547396,0.9705729070547396,0.0004990218583065812,0.028928071086953423
53.480000000000004,-2.64,High,0.9145538930478209,0.9145538930478209,0.0020147828285931846,0.08343132412358553
53.480000000000004,-2.62,High,0.9747949166038068,0.9747949166038068,0.00047623336780987734,0.02472885002838329
53.480000000000004,-2.6,High,0.9103410233773761,0.9103410233773761,0.0017936262671093956,0.08786535035551404
53.480000000000004,-2.58,High,0.9775841421577295,0.9775841421577295,0.0005351771490979737,0.0218806806931723
53.480000000000004,-2.56,High,0.9743811799208913,0.9743811799208913,0.00048376845352660135,0.025135051625582053
53.480000000000004,-2.54,High,0.9764808889523333,0.9764808889523333,0.0005780764515248854,0.022941034596141715
53.480000000000004,-2.52,High,0.9682455244007471,0.9682455244007471,0.004162989615994195,0.02759148598325897
53.480000000000004,-2.5,High,0.9708030140001012,0.9708030140001012,0.00048164497957700294,0.028715341020321795
53.480000000000004,-2.48,High,0.5380544613214346,0.5380544613214346,0.06105295000209222,0.4008925886764734
53.480000000000004,-2.46,High,0.8783915877256095,0.8783915877256095,0.014168368085613779,0.10744004418877609
53.480000000000004,-2.44,High,0.7266447470282753,0.7266447470282753,0.02520612965977896,0.2481491233119457
53.480000000000004,-2.42,Medium,0.5212232823932095,0.32738628802749953,0.15139042957929097,0.5212232823932095
53.480000000000004,-2.4,Medium,0.5846779968046323,0.2322456418949988,0.18307636130036894,0.5846779968046323
53.480000000000004,-2.38,High,0.938857792828172,0.938857792828172,0.007222449756182276,0.0539197574156459
53.480000000000004,-2.36,High,0.9610482365335994,0.9610482365335994,0.000886181263263921,0.03806558220313561
53.480000000000004,-2.34,High,0.9667371822506334,0.9667371822506334,0.004042735245632459,0.02922008250373453
53.480000000000004,-2.32,High,0.8787984613790982,0.8787984613790982,0.0027601643982946562,0.11844137422260717
53.480000000000004,-2.3000000000000003,High,0.9669874700103759,0.9669874700103759,0.000510930584738875,0.03250159940488516
53.480000000000004,-2.2800000000000002,High,0.9304458893918514,0.9304458893918514,0.0021500281829405395,0.06740408242520765
53.480000000000004,-2.2600000000000002,High,0.9474745585643389,0.9474745585643389,0.0010493357811688577,0.051476105654491226
53.480000000000004,-2.24,High,0.9578415334782173,0.9578415334782173,0.0005935375318143889,0.041564928989968136
53.480000000000004,-2.22,High,0.9577913753623597,0.9577913753623597,0.0006230470464706938,0.04158557759116942
53.480000000000004,-2.2,High,0.9500453819096027,0.9500453819096027,0.0008777549425002466,0.049076863147896194
53.480000000000004,-2.18,High,0.9548077632613632,0.9548077632613632,0.0005770389507732306,0.04461519778786335
53.480000000000004,-2.16,High,0.9734442147152048,0.9734442147152048,0.0005228000414570219,0.026032985243338164
53.480000000000004,-2.14,High,0.952335752888455,0.952335752888455,0.0005259416226478823,0.047138305488896866
53.480000000000004,-2.12,High,0.9648408476086969,0.9648408476086969,0.0007247707320236284,0.034434381659278784
53.480000000000004,-2.1,High,0.9669518410676647,0.9669518410676647,0.0005016219285207857,0.032546537003814525
53.480000000000004,-2.08,High,0.9139719950078539,0.9139719950078539,0.0015786199115115508,0.08444938508063418
53.480000000000004,-2.06,High,0.9600809249338718,0.9600809249338718,0.00046897418502464555,0.039450100881103546
53.480000000000004,-2.04,High,0.974271343320488,0.974271343320488,0.0005580870222213124,0.025170569657290615
53.480000000000004,-2.02,High,0.9517539233843259,0.9517539233843259,0.0012549524991439342,0.04699112411653048
53.480000000000004,-2.0,Low,0.46412435713425565,0.09111045474624832,0.46412435713425565,0.4447651881194962
53.480000000000004,-1.98,High,0.7552277421424364,0.7552277421424364,0.016866275509174484,0.2279059823483897
53.480000000000004,-1.96,High,0.532140713516493,0.532140713516493,0.08328822934628284,0.3845710571372241
53.480000000000004,-1.94,Low,0.519901207048053,0.15072420041407303,0.519901207048053,0.32937459253787393
53.480000000000004,-1.92,Medium,0.5157900539121648,0.1289674532113806,0.35524249287645465,0.5157900539121648
53.5,-2.84,Medium,0.5141784657462355,0.07078471642150917,0.41503681783225493,0.5141784657462355
53.5,-2.72,High,0.9761532076174031,0.9761532076174031,0.0005640106634562522,0.0232827817191407
53.5,-2.7,High,0.9728994114621465,0.9728994114621465,0.0005183686620632111,0.02658221987579016
53.5,-2.68,High,0.9308854808739288,0.9308854808739288,0.007248373732701094,0.06186614539337033
53.5,-2.66,High,0.9657693972994157,0.9657693972994157,0.0005019961766008633,0.03372860652398361
53.5,-2.64,High,0.9495961646753384,0.9495961646753384,0.0005584884594313297,0.049845346865229824
53.5,-2.62,High,0.9717097449059213,0.9717097449059213,0.0006175485498963094,0.02767270654418247
53.5,-2.6,High,0.9661711794654337,0.9661711794654337,0.004314880289242444,0.029513940245324544
53.5,-2.58,High,0.9341235243334518,0.9341235243334518,0.0011132461635983944,0.06476322950294951
53.5,-2.56,High,0.8204849349953924,0.8204849349953924,0.011793336950277926,0.16772172805432958
53.5,-2.54,High,0.9645210775038977,0.9645210775038977,0.0005139109445291231,0.03496501155157321
53.5,-2.52,High,0.8452483417520494,0.8452483417520494,0.0030601885600759927,0.15169146968787403
53.5,-2.5,High,0.9580382090073998,0.9580382090073998,0.003841940033122212,0.038119850959478015
53.5,-2.48,High,0.9731029990437243,0.9731029990437243,0.0009563452106425086,0.025940655745633482
53.5,-2.46,High,0.9607318066427345,0.9607318066427345,0.0008682338377472896,0.038399959519517905
53.5,-2.44,High,0.9705826893090778,0.9705826893090778,0.0005035948580301753,0.028913715832892338
53.5,-2.42,High,0.9630536636651776,0.9630536636651776,0.004030565997695894,0.0329157703371267
53.5,-2.4,High,0.8115293867549279,0.8115293867549279,0.017007536326529266,0.17146307691854304
53.5,-2.38,High,0.9755497631705741,0.9755497631705741,0.0004543559970174885,0.02399588083240832
53.5,-2.36,High,0.9697361360592595,0.9697361360592595,0.0006421535117293681,0.029621710429011003
53.5,-2.34,High,0.9386427235102955,0.9386427235102955,0.0008663221202112849,0.0604909543694923
53.5,-2.32,High,0.9670278996906623,0.9670278996906623,0.00048394889236067135,0.032488151416976786
53.5,-2.3000000000000003,High,0.955412193483078,0.955412193483078,0.0009272583281396693,0.043660548188781484
53.5,-2.2800000000000002,High,0.9302666072801332,0.9302666072801332,0.0027554358133617084,0.06697795690650495
53.5,-2.2600000000000002,High,0.97090636125117,0.97090636125117,0.0005140570118035751,0.028579581737026193
53.5,-2.24,High,0.9509883744661097,0.9509883744661097,0.0005413434651815984,0.04847028206870841
53.5,-2.22,High,0.9446185010975913,0.9446185010975913,0.0008608334270700465,0.05452066547533801
53.5,-2.2,High,0.963751606402478,0.963751606402478,0.00048005672499248106,0.03576833687252931
53.5,-2.18,High,0.9543331169639524,0.9543331169639524,0.0004977835733950995,0.04516909946265235
53.5,-2.16,High,0.9675468798507947,0.9675468798507947,0.0005445488788891233,0.03190857127031598
53.5,-2.14,High,0.9710544176339259,0.9710544176339259,0.0005776141266779707,0.028367968239396236
53.5,-2.12,High,0.9685351354602593,0.9685351354602593,0.004044611906899227,0.027420252632841927
53.5,-2.1,High,0.8590633721024807,0.8590633721024807,0.0031511783521723552,0.13778544954534624
53.5,-2.08,High,0.9528937851954808,0.9528937851954808,0.0005242564895271694,0.04658195831499162
53.5,-2.06,High,0.962759188818251,0.962759188818251,0.003970185142936314,0.033270626038813055
53.5,-2.04,High,0.8468159485301571,0.8468159485301571,0.002225749591686401,0.15095830187815604
53.5,-2.02,High,0.954780792476514,0.954780792476514,0.002490651997598817,0.04272855552588694
53.5,-1.86,Low,0.8251947145486348,0.006111207544414703,0.8251947145486348,0.16869407790695048
53.52,-2.88,High,0.7039387294060159,0.7039387294060159,0.022990698567695148,0.2730705720262889
53.52,-2.86,High,0.6138622898260142,0.6138622898260142,0.04779271601751334,0.33834499415647235
53.52,-2.84,High,0.726426649926357,0.726426649926357,0.022283154280659807,0.2512901957929834
53.52,-2.82,Medium,0.5405963094578285,0.12097062932043938,0.3384330612217321,0.5405963094578285
53.52,-2.8000000000000003,Medium,0.5421355971099316,0.2673151745486038,0.19054922834146445,0.5421355971099316
53.52,-2.7800000000000002,Low,0.4996079632692149,0.08167818274371934,0.4996079632692149,0.41871385398706584
53.52,-2.7600000000000002,High,0.8432732286726677,0.8432732286726677,0.008216013616308913,0.14851075771102337
53.52,-2.74,High,0.4825587464735785,0.4825587464735785,0.12305749692040058,0.39438375660602054
53.52,-2.72,High,0.9632027420141107,0.9632027420141107,0.0006323687693503932,0.03616488921653865
53.52,-2.7,High,0.9434587976097536,0.9434587976097536,0.007001106194903058,0.04954009619534364
53.52,-2.68,High,0.9682545357043417,0.9682545357043417,0.0005098149992866771,0.031235649296371414
53.52,-2.66,High,0.9702083468515483,0.9702083468515483,0.000534248545876034,0.029257404602575483
53.52,-2.64,High,0.9667689571552615,0.9667689571552615,0.0005129897643045801,0.032718053080433684
53.52,-2.62,High,0.9730729766819161,0.9730729766819161,0.0004959374341131271,0.026431085883970647
53.52,-2.6,High,0.9607266656480812,0.9607266656480812,0.0038989237082379257,0.03537441064368093
53.52,-2.58,High,0.9754988231628279,0.9754988231628279,0.004092439715741565,0.020408737121430952
53.52,-2.56,High,0.7671938706771491,0.7671938706771491,0.005635760680178847,0.22717036864267187
53.52,-2.54,High,0.9638894664926478,0.9638894664926478,0.0005080419988802802,0.03560249150847197
53.52,-2.52,High,0.9556323427373434,0.9556323427373434,0.0009858321565818851,0.04338182510607413
53.52,-2.5,High,0.8533777793086328,0.8533777793086328,0.0038606135085436626,0.14276160718282302
53.52,-2.48,High,0.9660497413905443,0.9660497413905443,0.00046935817019264753,0.033480900439262926
53.52,-2.46,High,0.968619092142172,0.968619092142172,0.0005634765979860928,0.030817431259841755
53.52,-2.44,High,0.9710529056965054,0.9710529056965054,0.0004892810112351425,0.02845781329225932
53.52,-2.42,High,0.9739783115882313,0.9739783115882313,0.0007505675151524911,0.02527112089661605
53.52,-2.4,High,0.8859734007618514,0.8859734007618514,0.0015941913517368564,0.11243240788641112
53.52,-2.38,High,0.9722356827898198,0.9722356827898198,0.0006001317038531904,0.027164185506327407
53.52,-2.36,High,0.9719800636597127,0.9719800636597127,0.00046240206802383553,0.027557534272263456
53.52,-2.34,High,0.9648700442992657,0.9648700442992657,0.0005095598731937671,0.03462039582754057
53.52,-2.32,High,0.8865756616979028,0.8865756616979028,0.0027286498405165952,0.11069568846158029
53.52,-2.3000000000000003,High,0.966115824158305,0.966115824158305,0.0006200874402134315,0.03326408840148124
53.52,-2.2800000000000002,High,0.941858476608911,0.941858476608911,0.002439747440658533,0.05570177595043031
53.52,-2.2600000000000002,High,0.9656878830435093,0.9656878830435093,0.0005084894134299851,0.03380362754306074
53.52,-2.24,High,0.9520978847049949,0.9520978847049949,0.0006286726786777374,0.047273442616326766
53.52,-2.22,High,0.9710276026283187,0.9710276026283187,0.0005242327221093271,0.02844816464957186
53.52,-2.2,High,0.9666821006510122,0.9666821006510122,0.0005248119949920493,0.03279308735399584
53.52,-2.18,High,0.9633117255999085,0.9633117255999085,0.0006545828817631844,0.03603369151832816
53.52,-2.16,High,0.9583103053105181,0.9583103053105181,0.0004983160322058412,0.04119137865727589
53.52,-2.14,High,0.9485322575112063,0.9485322575112063,0.00045349011049735754,0.05101425237829607
53.52,-2.12,High,0.9612150522442932,0.9612150522442932,0.0005805499577405832,0.03820439779796623
53.52,-2.1,High,0.9656364083258009,0.9656364083258009,0.0007080545328972876,0.033655537141301275
53.52,-2.08,High,0.9610800245015634,0.9610800245015634,0.0004893071148008546,0.0384306683836359
53.52,-2.06,High,0.9585745800584284,0.9585745800584284,0.004249132886136119,0.0371762870554358
53.52,-2.04,High,0.8436167732543426,0.8436167732543426,0.002286054476666391,0.1540971722689907
53.52,-2.02,High,0.9594468055848592,0.9594468055848592,0.0009394643459442168,0.039613730069196974
53.52,-2.0,Medium,0.48478670848743094,0.10119543590640179,0.41401785560616744,0.48478670848743094
53.52,-1.98,Medium,0.4995314281139761,0.1752088165981515,0.32525975528787243,0.4995314281139761
53.54,-2.88,High,0.7672359877064278,0.7672359877064278,0.015055127905503753,0.2177088843880684
53.54,-2.86,High,0.8448009920918242,0.8448009920918242,0.012626039370655017,0.1425729685375204
53.54,-2.84,High,0.9132321873120735,0.9132321873120735,0.0028126619092080757,0.08395515077871817
53.54,-2.82,High,0.907750780797216,0.907750780797216,0.003490433649470785,0.08875878555331321
53.54,-2.8000000000000003,High,0.9365999932147209,0.9365999932147209,0.0033302015949652746,0.06006980519031407
53.54,-2.7800000000000002,High,0.923889308783626,0.923889308783626,0.0031677478990926157,0.07294294331728121
53.54,-2.7600000000000002,High,0.9533328050958795,0.9533328050958795,0.0008331384215263833,0.04583405648259333
53.54,-2.74,High,0.9523052517962504,0.9523052517962504,0.0006922828785162686,0.04700246532523284
53.54,-2.72,High,0.9021104411708102,0.9021104411708102,0.0018683572892902556,0.09602120153989903
53.54,-2.7,High,0.9671368713209053,0.9671368713209053,0.003915129601948005,0.028947999077146794
53.54,-2.68,High,0.9477325264563716,0.9477325264563716,0.0005434486113327876,0.05172402493229538
53.54,-2.66,High,0.9693847378529893,0.9693847378529893,0.0005248733982701302,0.030090388748740753
53.54,-2.64,High,0.9566744929984687,0.9566744929984687,0.000459185343347037,0.042866321658183805
53.54,-2.62,High,0.924539334826739,0.924539334826739,0.0005595577196664692,0.07490110745359407
53.54,-2.6,High,0.9750019463187022,0.9750019463187022,0.0005080705664285879,0.02448998311486915
53.54,-2.58,High,0.9678903406012336,0.9678903406012336,0.0004914431645110568,0.0316182162342553
53.54,-2.56,High,0.9691167034919509,0.9691167034919509,0.003978698292870563,0.026904598215178783
53.54,-2.54,High,0.9691957726015096,0.9691957726015096,0.0040493614188998,0.026754865979590935
53.54,-2.52,High,0.9633824882931665,0.9633824882931665,0.00046958908091475034,0.03614792262591865
53.54,-2.5,High,0.9751110552205162,0.9751110552205162,0.000470174478394994,0.024418770301088504
53.54,-2.48,High,0.9774271928225511,0.9774271928225511,0.0005053854413991542,0.022067421736049607
53.54,-2.46,High,0.9281466122041855,0.9281466122041855,0.00784590094384934,0.06400748685196522
53.54,-2.44,High,0.9665837022196644,0.9665837022196644,0.000582621772188018,0.0328336760081475
53.54,-2.42,High,0.9541451430830716,0.9541451430830716,0.0006702611840162605,0.04518459573291166
53.54,-2.4,High,0.9547322794724954,0.9547322794724954,0.0006748303726140195,0.04459289015489014
53.54,-2.38,High,0.9669744209115244,0.9669744209115244,0.0005429019395752861,0.03248267714890027
53.54,-2.36,High,0.8541162403166702,0.8541162403166702,0.0023908929130007904,0.14349286677032924
53.54,-2.34,High,0.6469885857695432,0.6469885857695432,0.04076216532448859,0.31224924890596817
53.54,-2.32,High,0.9398715172277319,0.9398715172277319,0.007542630383487926,0.05258585238878049
53.54,-2.3000000000000003,High,0.9466891061572873,0.9466891061572873,0.0008289395922561679,0.05248195425045567
53.54,-2.2800000000000002,High,0.931964175883091,0.931964175883091,0.0023436336706556715,0.06569219044625278
53.54,-2.2600000000000002,High,0.9589190658858976,0.9589190658858976,0.004162903345778749,0.036918030768323964
53.54,-2.24,High,0.9677708383634617,0.9677708383634617,0.007887065548940532,0.02434209608759773
53.54,-2.22,High,0.9736427759687111,0.9736427759687111,0.0005424687694658804,0.025814755261823117
53.54,-2.2,High,0.9701427461807107,0.9701427461807107,0.0005255735951343062,0.029331680224155058
53.54,-2.18,High,0.9522357107047938,0.9522357107047938,0.0009016415904115423,0.04686264770479379
53.54,-2.16,High,0.955370704603604,0.955370704603604,0.0007855797543616214,0.04384371564203364
53.54,-2.14,High,0.9543633294818883,0.9543633294818883,0.0004735742991837826,0.0451630962189278
53.54,-2.12,High,0.9426691662661271,0.9426691662661271,0.0004764659512449672,0.05685436778262785
53.54,-2.1,High,0.9476697430219765,0.9476697430219765,0.0005983178109921655,0.05173193916703089
53.54,-2.08,High,0.9524266093985684,0.9524266093985684,0.0005811276684121608,0.04699226293301929
53.54,-2.06,High,0.9560525543703485,0.9560525543703485,0.003886938062133355,0.04006050756751807
53.54,-2.04,High,0.9719643532706043,0.9719643532706043,0.0005325080848271949,0.027503138644568624
53.54,-2.02,High,0.8551866879917288,0.8551866879917288,0.002355345544841857,0.14245796646342898
53.54,-2.0,High,0.9610325506698806,0.9610325506698806,0.003944762940462056,0.035022686389657914
53.54,-1.98,Medium,0.4625249912391824,0.4196115030162077,0.11786350574460983,0.4625249912391824
53.54,-1.96,Low,0.6592849773965633,0.017644065343796964,0.6592849773965633,0.3230709572596393
53.56,-2.94,High,0.4665831662621463,0.4665831662621463,0.07983355042722297,0.45358328331063086
53.56,-2.9,High,0.6334378391386138,0.6334378391386138,0.060991107237661754,0.3055710536237247
53.56,-2.88,High,0.9416623027697962,0.9416623027697962,0.000705422598279807,0.05763227463192314
53.56,-2.86,High,0.9231481037301876,0.9231481037301876,0.001961867074760173,0.07489002919505204
53.56,-2.84,High,0.9631764404329951,0.9631764404329951,0.004454282319665979,0.03236927724733957
53.56,-2.82,High,0.9659573098548566,0.9659573098548566,0.0014871896267457077,0.032555500518397486
53.56,-2.8000000000000003,High,0.9254224790956989,0.9254224790956989,0.0015852195300066435,0.07299230137429372
53.56,-2.7800000000000002,High,0.9361106131569072,0.9361106131569072,0.0033766403009827706,0.06051274654211016
53.56,-2.7600000000000002,High,0.9687970128539586,0.9687970128539586,0.0008496112429300868,0.03035337590311159
53.56,-2.74,High,0.8479309066153572,0.8479309066153572,0.0023205302684131944,0.14974856311622992
53.56,-2.72,High,0.9656568728547127,0.9656568728547127,0.00066733296887364,0.03367579417641309
53.56,-2.7,High,0.9691969514858776,0.9691969514858776,0.0005186095323816632,0.03028443898174054
53.56,-2.68,High,0.9106326439577365,0.9106326439577365,0.011172344919080172,0.07819501112318297
53.56,-2.66,High,0.9709639967634739,0.9709639967634739,0.00048112238672815027,0.028554880849797643
53.56,-2.64,High,0.9410454649343833,0.9410454649343833,0.0005047618706150337,0.05844977319500104
53.56,-2.62,High,0.9671632503697707,0.9671632503697707,0.0004899512933210555,0.03234679833690789
53.56,-2.6,High,0.9704269633973054,0.9704269633973054,0.0007473444731064371,0.028825692129587997
53.56,-2.58,High,0.9633194939039638,0.9633194939039638,0.004073771530641623,0.03260673456539505
53.56,-2.56,High,0.9663687879372443,0.9663687879372443,0.004144878802370281,0.029486333260385748
53.56,-2.54,High,0.937029247562092,0.937029247562092,0.005282213877818348,0.057688538560089285
53.56,-2.52,High,0.8835299666557016,0.8835299666557016,0.001817071611860178,0.1146529617324375
53.56,-2.5,High,0.9660421280411805,0.9660421280411805,0.003909062337905636,0.03004880962091419
53.56,-2.48,High,0.9720434906467329,0.9720434906467329,0.003977391064479968,0.02397911828878709
53.56,-2.46,High,0.9661506882598576,0.9661506882598576,0.0004978934883114192,0.03335141825183087
53.56,-2.44,High,0.9533177022424453,0.9533177022424453,0.0005148813419212656,0.04616741641563297
53.56,-2.42,High,0.9671954752070796,0.9671954752070796,0.0005642968932089528,0.03224022789971115
53.56,-2.4,High,0.9636597259420181,0.9636597259420181,0.0005471555607616096,0.035793118497219896
53.56,-2.38,High,0.9732923036664576,0.9732923036664576,0.0005551356368353074,0.026152560696707038
53.56,-2.36,High,0.9651628820671482,0.9651628820671482,0.0005202540064679409,0.03431686392638408
53.56,-2.34,High,0.8494848065719505,0.8494848065719505,0.0024520073914890057,0.14806318603655982
53.56,-2.32,High,0.9716488456865219,0.9716488456865219,0.000499192967694829,0.027851961345783226
53.56,-2.3000000000000003,High,0.9019743744871885,0.9019743744871885,0.0022265226677826,0.09579910284502842
53.56,-2.2800000000000002,High,0.930920287796428,0.930920287796428,0.002426614986790915,0.06665309721678113
53.56,-2.2600000000000002,Medium,0.47857781647792985,0.10475527256594282,0.4166669109561268,0.47857781647792985
53.56,-2.24,High,0.8573488126656464,0.8573488126656464,0.012338245413527831,0.1303129419208258
53.56,-2.22,High,0.9660666534271624,0.9660666534271624,0.0039601985624761575,0.02997314801036162
53.56,-2.2,High,0.9448462411134492,0.9448462411134492,0.000857064778031484,0.0542966941085186
53.56,-2.18,High,0.9678073639137093,0.9678073639137093,0.0004984764425111664,0.03169415964377917
53.56,-2.16,High,0.972982751069755,0.972982751069755,0.0006786179140373928,0.026338631016207467
53.56,-2.14,High,0.9659707449808296,0.9659707449808296,0.000551668884661777,0.033477586134508595
53.56,-2.12,High,0.9502612103679832,0.9502612103679832,0.0005666968878717148,0.049172092744144844
53.56,-2.1,High,0.9559991624363893,0.9559991624363893,0.0006512248242302436,0.043349612739379983
53.56,-2.08,High,0.9612406777288167,0.9612406777288167,0.003855868626197307,0.03490345364498602
53.56,-2.06,High,0.9630383318743293,0.9630383318743293,0.0009710130635097784,0.03599065506216103
53.56,-2.04,High,0.9017994285787511,0.9017994285787511,0.010418791190209347,0.08778178023103926
53.56,-2.02,High,0.967192518780481,0.967192518780481,0.0038903794248140145,0.02891710179470503
53.56,-2.0,High,0.9661824998549574,0.9661824998549574,0.00047024957396925434,0.033347250571073205
53.56,-1.98,High,0.6369158635641832,0.6369158635641832,0.033851632512473875,0.32923250392334247
53.58,-3.02,Low,0.7587907432716409,0.012878529658674611,0.7587907432716409,0.22833072706968444
53.58,-2.98,Medium,0.4833392603979741,0.3599870619379078,0.15667367766411794,0.4833392603979741
53.58,-2.96,High,0.9556759991131943,0.9556759991131943,0.0012853000090433985,0.0430387008777629
53.58,-2.94,High,0.9076856658544717,0.9076856658544717,0.012377327906022459,0.07993700623950552
53.58,-2.92,High,0.7710410014651743,0.7710410014651743,0.013278241183795584,0.21568075735103004
53.58,-2.9,High,0.9489770437692638,0.9489770437692638,0.007093714604744062,0.043929241625992786
53.58,-2.88,High,0.954147937303356,0.954147937303356,0.0009527782646816609,0.044899284431962366
53.58,-2.86,High,0.9644393044836167,0.9644393044836167,0.004014196834098229,0.0315464986822851
53.58,-2.84,High,0.8235064465636819,0.8235064465636819,0.0225898787389917,0.1539036746973259
53.58,-2.82,High,0.7888347257763495,0.7888347257763495,0.017860425051786224,0.1933048491718644
53.58,-2.8000000000000003,Medium,0.5203437690076872,0.3052550652185228,0.1744011657737901,0.5203437690076872
53.58,-2.7800000000000002,High,0.9033321190788207,0.9033321190788207,0.0056055435806506015,0.09106233734052878
53.58,-2.7600000000000002,High,0.912521972195298,0.912521972195298,0.004564970984708092,0.08291305681999356
53.58,-2.74,High,0.8389779312764943,0.8389779312764943,0.012383448311655547,0.14863862041185047
53.58,-2.72,High,0.9711972379560936,0.9711972379560936,0.0007277358600977788,0.02807502618380826
53.58,-2.7,High,0.966898647027829,0.966898647027829,0.0006100393628721743,0.032491313609298564
53.58,-2.68,High,0.9753659843999052,0.9753659843999052,0.000491849692245234,0.024142165907849313
53.58,-2.66,High,0.9503689707325438,0.9503689707325438,0.0007320823200906285,0.0488989469473646
53.58,-2.64,High,0.9721641799090603,0.9721641799090603,0.0005566941659562296,0.027279125924983334
53.58,-2.62,High,0.824864100465392,0.824864100465392,0.007513101562802303,0.16762279797180593
53.58,-2.6,High,0.9153517844762823,0.9153517844762823,0.00385223132690965,0.08079598419680777
53.58,-2.58,High,0.9706718949369051,0.9706718949369051,0.004053176363131573,0.025274928699964044
53.58,-2.56,High,0.9474483571672527,0.9474483571672527,0.001651795173110166,0.05089984765963708
53.58,-2.54,High,0.9594633207238265,0.9594633207238265,0.004839342502957906,0.0356973367732156
53.58,-2.52,High,0.8730331625660586,0.8730331625660586,0.0032172213450199928,0.12374961608892106
53.58,-2.5,High,0.9700306850784827,0.9700306850784827,0.00402075226615205,0.025948562655365614
53.58,-2.48,High,0.9685042740768375,0.9685042740768375,0.004115585365214043,0.027380140557948768
53.58,-2.46,High,0.9625565662658687,0.9625565662658687,0.0005174927155263045,0.03692594101860449
53.58,-2.44,High,0.9535492572647968,0.9535492572647968,0.0005706937804127468,0.04588004895478993
53.58,-2.42,High,0.9679094497952897,0.9679094497952897,0.0005243969947653048,0.031566153209944846
53.58,-2.4,High,0.9707914267101286,0.9707914267101286,0.0005208198612174616,0.02868775342865382
53.58,-2.38,High,0.9606437022634329,0.9606437022634329,0.003899052774104624,0.03545724496246228
53.58,-2.36,High,0.9779498392855995,0.9779498392855995,0.000547123069202617,0.021503037645197776
53.58,-2.34,High,0.976617681360771,0.976617681360771,0.0005126217873581771,0.022869696851870614
53.58,-2.32,High,0.97099176680392,0.97099176680392,0.00045777600409334824,0.02855045719198662
53.58,-2.3000000000000003,High,0.9646926112784204,0.9646926112784204,0.0005045897509474788,0.03480279897063218
53.58,-2.2800000000000002,High,0.9337329818131447,0.9337329818131447,0.002737651358127385,0.06352936682872827
53.58,-2.2600000000000002,High,0.7912536750291531,0.7912536750291531,0.009042187498594735,0.1997041374722523
53.58,-2.24,High,0.9557410345378534,0.9557410345378534,0.0007778062633874704,0.043481159198759105
53.58,-2.22,High,0.9144822807364466,0.9144822807364466,0.0019270610241345699,0.08359065823941854
53.58,-2.2,High,0.9696524088169076,0.9696524088169076,0.0006312573934932847,0.02971633378959902
53.58,-2.18,High,0.9708967144844197,0.9708967144844197,0.0008300808411167221,0.028273204674463894
53.58,-2.16,High,0.5055276889755459,0.5055276889755459,0.05578427505025364,0.4386880359742002
53.58,-2.14,High,0.9661058189679173,0.9661058189679173,0.00413845169642718,0.029755729335655904
53.58,-2.12,High,0.9699833527733326,0.9699833527733326,0.0005540244727174937,0.029462622753950073
53.58,-2.1,High,0.9620031594402495,0.9620031594402495,0.003908820165622731,0.034088020394127984
53.58,-2.08,High,0.9494922060441812,0.9494922060441812,0.000609224763252569,0.049898569192565814
53.58,-2.06,High,0.7948063161845039,0.7948063161845039,0.022058704318747412,0.18313497949674842
53.58,-2.04,High,0.914000114063233,0.914000114063233,0.00229765946461313,0.08370222647215408
53.58,-2.02,High,0.9209641037866486,0.9209641037866486,0.003092554997970329,0.075943341215381
53.58,-2.0,High,0.6026367272941588,0.6026367272941588,0.04833781498911447,0.34902545771672633
53.58,-1.98,High,0.920656410229316,0.920656410229316,0.004727412064298524,0.0746161777063849
53.6,-3.0,Low,0.5008247072187028,0.06883960685511366,0.5008247072187028,0.4303356859261837
53.6,-2.98,High,0.6296046585034957,0.6296046585034957,0.044132953712743006,0.3262623877837615
53.6,-2.96,High,0.8917750881116392,0.8917750881116392,0.00810191663207883,0.10012299525628152
53.6,-2.94,High,0.9423091942861193,0.9423091942861193,0.0009613246924161686,0.056729481021463524
53.6,-2.92,High,0.8875529347019883,0.8875529347019883,0.0027081178660477954,0.10973894743196475
53.6,-2.9,High,0.9421823946165744,0.9421823946165744,0.0015129090315532862,0.056304696351872685
53.6,-2.88,High,0.9758120402718437,0.9758120402718437,0.0005401888720972999,0.023647770856058938
53.6,-2.86,High,0.9743052764537188,0.9743052764537188,0.00050397135104158,0.02519075219523927
53.6,-2.84,High,0.9508746413351831,0.9508746413351831,0.0006730595718854039,0.04845229909293112
53.6,-2.82,High,0.9730076255635136,0.9730076255635136,0.004008831152218056,0.02298354328426815
53.6,-2.8000000000000003,High,0.9343419540509755,0.9343419540509755,0.0017534423466810806,0.06390460360234344
53.6,-2.7800000000000002,High,0.9139751418196456,0.9139751418196456,0.003945209940700311,0.08207964823965451
53.6,-2.7600000000000002,High,0.9362875054158154,0.9362875054158154,0.003982743399926704,0.05972975118425797
53.6,-2.74,High,0.5863090886684188,0.5863090886684188,0.05782468519917956,0.35586622613240165
53.6,-2.72,High,0.9174798745673169,0.9174798745673169,0.005716283332285324,0.07680384210039726
53.6,-2.7,High,0.9503666633903898,0.9503666633903898,0.0034149250963676726,0.04621841151324236
53.6,-2.68,High,0.9756448051937384,0.9756448051937384,0.0005261708835615065,0.023829023922699956
53.6,-2.66,High,0.9659190886819671,0.9659190886819671,0.007886904846679879,0.026194006471353493
53.6,-2.64,High,0.8299007550784553,0.8299007550784553,0.012605430676934195,0.15749381424461067
53.6,-2.62,High,0.9406786392100528,0.9406786392100528,0.004469026555721587,0.054852334234226044
53.6,-2.6,High,0.8825377565665202,0.8825377565665202,0.008751563411103617,0.10871068002237609
53.6,-2.58,High,0.9690217983978517,0.9690217983978517,0.00047903500857063893,0.030499166593577133
53.6,-2.56,High,0.9344265911724295,0.9344265911724295,0.0007477555757573391,0.06482565325181225
53.6,-2.54,High,0.9679852911624413,0.9679852911624413,0.0005572839942202534,0.031457424843338216
53.6,-2.52,High,0.9662171060281195,0.9662171060281195,0.004080971258484364,0.029701922713396268
53.6,-2.5,High,0.7888110553535626,0.7888110553535626,0.012956173255866088,0.19823277139057122
53.6,-2.48,High,0.9549167493141598,0.9549167493141598,0.0013565865202049858,0.04372666416563567
53.6,-2.46,High,0.9723905988374177,0.9723905988374177,0.0008166815517926524,0.02679271961079035
53.6,-2.44,High,0.9485331898287355,0.9485331898287355,0.0005255892130168024,0.050941220958247414
53.6,-2.42,High,0.9456638831815845,0.9456638831815845,0.0007840953547598328,0.05355202146365487
53.6,-2.4,High,0.9428847493576308,0.9428847493576308,0.000572385400748501,0.056542865241620346
53.6,-2.38,High,0.972628286429885,0.972628286429885,0.0038685330079738234,0.02350318056214138
53.6,-2.36,High,0.9286269249393517,0.9286269249393517,0.003664565284965116,0.06770850977568314
53.6,-2.34,High,0.9659930363236129,0.9659930363236129,0.0006521428271305897,0.03335482084925632
53.6,-2.32,High,0.9540838171606845,0.9540838171606845,0.0005933524313359778,0.04532283040797914
53.6,-2.3000000000000003,High,0.9296904176544113,0.9296904176544113,0.0006102966384814289,0.06969928570710661
53.6,-2.2800000000000002,High,0.9256498457236405,0.9256498457236405,0.004767360328989055,0.06958279394737032
53.6,-2.2600000000000002,High,0.971514427467473,0.971514427467473,0.0005031426691752288,0.02798242986335195
53.6,-2.24,High,0.9635323889710579,0.9635323889710579,0.0006630337840251306,0.03580457724491679
53.6,-2.22,High,0.970947077743388,0.970947077743388,0.0005148174602570774,0.02853810479635495
53.6,-2.2,High,0.9765475850817493,0.9765475850817493,0.00042950558832828236,0.02302290932992206
53.6,-2.18,High,0.9286486752492535,0.9286486752492535,0.0013479982722101296,0.0700033264785362
53.6,-2.16,High,0.9737981994555015,0.9737981994555015,0.0005158341579193217,0.025685966386578874
53.6,-2.14,High,0.9425543590638976,0.9425543590638976,0.0010428200722262075,0.05640282086387531
53.6,-2.12,High,0.9587824504269417,0.9587824504269417,0.0006797006489682594,0.04053784892409008
53.6,-2.1,High,0.9620535757734332,0.9620535757734332,0.0076615603657792745,0.030284863860787388
53.6,-2.08,High,0.9379338682127998,0.9379338682127998,0.0016134533323129232,0.06045267845488767
53.6,-2.06,High,0.7430944461810368,0.7430944461810368,0.01437316127461417,0.2425323925443489
53.6,-2.04,High,0.8990525641618241,0.8990525641618241,0.009687507054197691,0.09125992878397775
53.620000000000005,-3.0,High,0.9352865574603882,0.9352865574603882,0.0025468564255857824,0.062166586114025646
53.620000000000005,-2.98,Medium,0.5480284570516285,0.29780474145293967,0.15416680149543244,0.5480284570516285
53.620000000000005,-2.96,High,0.9487169540415692,0.9487169540415692,0.0015434524513303829,0.04973959350710094
53.620000000000005,-2.94,High,0.9083854248964895,0.9083854248964895,0.012395833127898014,0.07921874197561199
53.620000000000005,-2.92,High,0.9624977094609467,0.9624977094609467,0.004249944882962204,0.033252345656091316
53.620000000000005,-2.9,High,0.9342381961783924,0.9342381961783924,0.002504370136660183,0.06325743368494806
53.620000000000005,-2.88,Medium,0.5253053095449685,0.3073219489724551,0.16737274148257658,0.5253053095449685
53.620000000000005,-2.86,High,0.9683241557219877,0.9683241557219877,0.0004969764542140469,0.031178867823797717
53.620000000000005,-2.84,High,0.8272398698584563,0.8272398698584563,0.0104197783964433,0.1623403517451005
53.620000000000005,-2.82,High,0.9729995898954982,0.9729995898954982,0.0004961165096643463,0.02650429359483707
53.620000000000005,-2.8000000000000003,High,0.9033124786200311,0.9033124786200311,0.0045113565289774645,0.09217616485099127
53.620000000000005,-2.7800000000000002,High,0.9217455676819729,0.9217455676819729,0.003092582457205577,0.07516184986082144
53.620000000000005,-2.7600000000000002,High,0.9378827531371395,0.9378827531371395,0.0030584039446203857,0.059058842918240255
53.620000000000005,-2.74,High,0.8830955667176599,0.8830955667176599,0.004966461976472094,0.11193797130586854
53.620000000000005,-2.72,High,0.8712783855217974,0.8712783855217974,0.008664460666497962,0.12005715381170484
53.620000000000005,-2.7,High,0.8606202164212248,0.8606202164212248,0.0024683749173871807,0.13691140866138737
53.620000000000005,-2.68,High,0.9482952955728778,0.9482952955728778,0.0005979438490245701,0.051106760578097495
53.620000000000005,-2.66,High,0.9582749984331304,0.9582749984331304,0.003845467766894282,0.03787953379997535
53.620000000000005,-2.64,High,0.6426538414288996,0.6426538414288996,0.04467356965810039,0.3126725889130001
53.620000000000005,-2.62,High,0.9377310723122675,0.9377310723122675,0.0070039176151826775,0.05526501007254994
53.620000000000005,-2.6,High,0.9665290957630891,0.9665290957630891,0.0005120983322764304,0.0329588059046341
53.620000000000005,-2.58,High,0.9092284996557857,0.9092284996557857,0.0127551633211407,0.07801633702307322
53.620000000000005,-2.56,High,0.8429962010520533,0.8429962010520533,0.005577759916130937,0.15142603903181534
53.620000000000005,-2.52,Medium,0.5442376952386089,0.0712148749347974,0.38454742982659373,0.5442376952386089
53.620000000000005,-2.5,Medium,0.4433751647797306,0.43905390982472414,0.11757092539554499,0.4433751647797306
53.620000000000005,-2.48,Low,0.5443322762114376,0.10019378279782144,0.5443322762114376,0.3554739409907411
53.620000000000005,-2.46,High,0.911129994791408,0.911129994791408,0.0025351178669206957,0.08633488734167155
53.620000000000005,-2.44,High,0.9653826796221646,0.9653826796221646,0.0006116656343841552,0.034005654743450936
53.620000000000005,-2.42,High,0.9122069433443258,0.9122069433443258,0.001595523094330199,0.08619753356134342
53.620000000000005,-2.4,High,0.973349712385369,0.973349712385369,0.000755226282980359,0.025895061331650888
53.620000000000005,-2.38,High,0.8054321684943961,0.8054321684943961,0.014473500854143586,0.18009433065146
53.620000000000005,-2.36,High,0.9676439422758336,0.9676439422758336,0.0005961460172469175,0.03175991170691944
53.620000000000005,-2.34,High,0.9705882069114434,0.9705882069114434,0.000502979712825765,0.028908813375730546
53.620000000000005,-2.32,High,0.9588759513795977,0.9588759513795977,0.0005916683834863421,0.04053238023691594
53.620000000000005,-2.3000000000000003,High,0.9664481267519988,0.9664481267519988,0.0005353241308798819,0.033016549117121416
53.620000000000005,-2.2800000000000002,High,0.824216133466701,0.824216133466701,0.009967345360770246,0.16581652117252862
53.620000000000005,-2.2600000000000002,High,0.6425954298003808,0.6425954298003808,0.027037108807356575,0.330367461392263
53.620000000000005,-2.24,High,0.5813041224879825,0.5813041224879825,0.04291780504948393,0.3757780724625334
53.620000000000005,-2.22,High,0.9467046103845591,0.9467046103845591,0.0005778977094459055,0.0527174919059945
53.620000000000005,-2.2,High,0.9558318563947376,0.9558318563947376,0.0006009349811167998,0.04356720862414558
53.620000000000005,-2.18,High,0.9522606582257171,0.9522606582257171,0.000857329613765301,0.0468820121605169
53.620000000000005,-2.16,High,0.9265496618735279,0.9265496618735279,0.00053108565540246,0.07291925247106906
53.620000000000005,-2.14,High,0.9402109239143508,0.9402109239143508,0.0006496667207435812,0.059139409364904874
53.620000000000005,-2.12,High,0.9473229633685676,0.9473229633685676,0.0007605591665461574,0.05191647746488525
53.620000000000005,-2.1,High,0.9748447725341947,0.9748447725341947,0.0007391671875184101,0.024416060278287445
53.620000000000005,-2.08,High,0.7714242954533692,0.7714242954533692,0.018657993809949237,0.20991771073668086
53.64,-2.96,Medium,0.4691694812620571,0.4196250033582889,0.11120551537965424,0.4691694812620571
53.64,-2.94,High,0.8317709102922857,0.8317709102922857,0.012966485521092556,0.15526260418662224
53.64,-2.92,Medium,0.5230354173523789,0.12416547154786245,0.3527991110997582,0.5230354173523789
53.64,-2.9,Medium,0.47106728760026667,0.10654410685528334,0.4223886055444496,0.47106728760026667
53.64,-2.88,High,0.9273195432629077,0.9273195432629077,0.0038324613708870608,0.068847995366205
53.64,-2.86,High,0.9399762193966491,0.9399762193966491,0.0017178573930917774,0.05830592321025835
53.64,-2.84,High,0.7770598442094726,0.7770598442094726,0.01983707747538703,0.20310307831514066
53.64,-2.82,High,0.9510023750683361,0.9510023750683361,0.001778460762006994,0.04721916416965704
53.64,-2.8000000000000003,High,0.8662579764784744,0.8662579764784744,0.006876652602186551,0.12686537091933847
53.64,-2.7800000000000002,Low,0.8011157553628494,0.010246723444979768,0.8011157553628494,0.18863752119217078
53.64,-2.7600000000000002,Medium,0.536111915798064,0.1646904200792596,0.2991976641226764,0.536111915798064
53.64,-2.74,High,0.968845793945585,0.968845793945585,0.0011749055680795924,0.029979300486336364
53.64,-2.72,High,0.9365950375457074,0.9365950375457074,0.0028951899555094713,0.06050977249878312
53.64,-2.7,High,0.7545757039651051,0.7545757039651051,0.017280270503838666,0.228144025531056
53.64,-2.68,High,0.8234101620070422,0.8234101620070422,0.00899004206031941,0.16759979593263835
53.64,-2.66,High,0.969465711141892,0.969465711141892,0.004006916445162601,0.026527372412945668
53.64,-2.64,High,0.9647312434311449,0.9647312434311449,0.0005347108316597602,0.034734045737195254
53.64,-2.62,High,0.9343534131129014,0.9343534131129014,0.0010463705677455656,0.06460021631935182
53.64,-2.6,High,0.8423785191472407,0.8423785191472407,0.0070567583568737135,0.150564722495885
53.64,-2.58,Medium,0.5164580939510243,0.36209237911036934,0.12144952693860685,0.5164580939510243
53.64,-2.56,Low,0.631375287978758,0.025077527837155084,0.631375287978758,0.34354718418408675
53.64,-2.5,High,0.9336169911396811,0.9336169911396811,0.0023103109257048035,0.06407269793461352
53.64,-2.48,High,0.9264192409357831,0.9264192409357831,0.002496613146488267,0.07108414591772814
53.64,-2.46,High,0.4893801920161658,0.4893801920161658,0.06792538883124336,0.4426944191525913
53.64,-2.44,High,0.9480462820751192,0.9480462820751192,0.0021229719759093147,0.049830745948971265
53.64,-2.42,High,0.8171583515418481,0.8171583515418481,0.005919854576816901,0.17692179388133508
53.64,-2.4,High,0.9404020504160485,0.9404020504160485,0.0017981654838960528,0.057799784100055124
53.64,-2.38,High,0.953907984862498,0.953907984862498,0.0015674094239968579,0.044524605713505847
53.64,-2.36,High,0.9644293823310147,0.9644293823310147,0.0009011420709010945,0.03466947559808322
53.64,-2.34,High,0.9688373753190391,0.9688373753190391,0.0005598176747349115,0.03060280700622553
53.64,-2.32,High,0.9315452679294697,0.9315452679294697,0.0008974083021558797,0.06755732376837344
53.64,-2.3000000000000003,High,0.9591045195981778,0.9591045195981778,0.0012289646828072486,0.03966651571901537
53.64,-2.2800000000000002,High,0.5337268350694532,0.5337268350694532,0.06335810389218392,0.40291506103836316
53.64,-2.2600000000000002,High,0.6341588116603174,0.6341588116603174,0.040683536888455246,0.32515765145122727
53.64,-2.24,High,0.8595765018786103,0.8595765018786103,0.006712628703255239,0.13371086941813423
53.64,-2.22,High,0.757125525057843,0.757125525057843,0.019414016590046223,0.22346045835211073
53.64,-2.2,High,0.8203895283640528,0.8203895283640528,0.006694711305105068,0.17291576033084194
53.64,-2.18,High,0.9708689606842804,0.9708689606842804,0.0004756077366429977,0.02865543157907643
53.64,-2.16,High,0.8777094467713645,0.8777094467713645,0.002469406724485172,0.11982114650414985
53.64,-2.14,High,0.9711935831346676,0.9711935831346676,0.00048799434081241584,0.02831842252451973
53.64,-2.12,High,0.9628654366490832,0.9628654366490832,0.003978292512812928,0.03315627083810406
53.64,-2.1,High,0.9381692668317497,0.9381692668317497,0.0006347725739201973,0.06119596059432946
53.64,-2.08,High,0.9758273530036551,0.9758273530036551,0.0008918930981366567,0.023280753898208856
53.64,-2.06,Low,0.4510905921278436,0.09927167677887314,0.4510905921278436,0.44963773109328303
53.660000000000004,-2.94,Medium,0.5418263480206936,0.26220609060004363,0.19596756137926277,0.5418263480206936
53.660000000000004,-2.92,High,0.9271052886125388,0.9271052886125388,0.0018056137172781555,0.0710890976701827
53.660000000000004,-2.9,High,0.8923909467961534,0.8923909467961534,0.002722558622606902,0.10488649458124007
53.660000000000004,-2.88,High,0.9752852633064762,0.9752852633064762,0.0006791317334239957,0.024035604960099963
53.660000000000004,-2.86,High,0.9571201056932587,0.9571201056932587,0.004305348131389474,0.03857454617535191
53.660000000000004,-2.84,Low,0.5181050970871646,0.1345926285530617,0.5181050970871646,0.3473022743597737
53.660000000000004,-2.82,High,0.9686437980371694,0.9686437980371694,0.0007059533760466323,0.030650248586784046
53.660000000000004,-2.8000000000000003,High,0.6799637668044884,0.6799637668044884,0.039625693879876446,0.28041053931563487
53.660000000000004,-2.7800000000000002,High,0.9326229088319822,0.9326229088319822,0.002516492380569604,0.06486059878744829
53.660000000000004,-2.7600000000000002,High,0.9252928785165524,0.9252928785165524,0.003996639657745723,0.07071048182570172
53.660000000000004,-2.74,High,0.9387400209849673,0.9387400209849673,0.0017041292190698167,0.05955584979596343
53.660000000000004,-2.72,High,0.8733077859366587,0.8733077859366587,0.008033127878862772,0.11865908618447815
53.660000000000004,-2.7,High,0.7131668645135495,0.7131668645135495,0.020587516296961744,0.2662456191894887
53.660000000000004,-2.68,High,0.965718484305021,0.965718484305021,0.003982337496211214,0.03029917819876825
53.660000000000004,-2.66,High,0.971310819689615,0.971310819689615,0.0005032466397522735,0.02818593367063266
53.660000000000004,-2.64,High,0.9411679228735944,0.9411679228735944,0.0005634222865990748,0.05826865483980608
53.660000000000004,-2.62,High,0.9411976416368989,0.9411976416368989,0.0005602263773628972,0.05824213198573777
53.660000000000004,-2.6,High,0.6181646654421035,0.6181646654421035,0.030684377463168225,0.35115095709472827
53.660000000000004,-2.58,High,0.860163918903188,0.860163918903188,0.0059546822367718645,0.1338813988600397
53.660000000000004,-2.5,Low,0.5947705335609815,0.03849249419197217,0.5947705335609815,0.36673697224704627
53.660000000000004,-2.44,High,0.5854348097593783,0.5854348097593783,0.058657074376478054,0.35590811586414345
53.660000000000004,-2.42,High,0.8818070647492021,0.8818070647492021,0.002559854845021885,0.11563308040577641
53.660000000000004,-2.4,High,0.9773651245441017,0.9773651245441017,0.0005457449313400076,0.02208913052455788
53.660000000000004,-2.38,High,0.9682292669776729,0.9682292669776729,0.0008711883414239456,0.030899544680903713
53.660000000000004,-2.36,Medium,0.5036406585410116,0.17177665349576393,0.3245826879632245,0.5036406585410116
53.660000000000004,-2.34,High,0.5123450805077431,0.5123450805077431,0.0661041707358852,0.42155074875637166
53.660000000000004,-2.32,High,0.9340366463089866,0.9340366463089866,0.0010638461988478974,0.06489950749216473
53.660000000000004,-2.3000000000000003,High,0.9423669873151168,0.9423669873151168,0.0005684271381218225,0.05706458554676101
53.660000000000004,-2.2800000000000002,High,0.906917350652943,0.906917350652943,0.004114266297125615,0.08896838304993192
53.660000000000004,-2.18,High,0.9491164740629497,0.9491164740629497,0.0006194812203072292,0.05026404471674282
53.660000000000004,-2.16,High,0.9635681258012001,0.9635681258012001,0.004014403122497005,0.032417471076303446
53.660000000000004,-2.14,High,0.9065204430938205,0.9065204430938205,0.004741828972428223,0.0887377279337516
53.660000000000004,-2.12,Low,0.5359195519407243,0.08316678710578364,0.5359195519407243,0.3809136609534921
53.660000000000004,-2.1,High,0.9700604861075445,0.9700604861075445,0.0005202626802723628,0.029419251212182803
53.660000000000004,-2.08,High,0.9756712408916797,0.9756712408916797,0.004036433208805264,0.02029232589951545
53.660000000000004,-2.06,Medium,0.5428120633503416,0.11161596074012943,0.3455719759095289,0.5428120633503416
53.660000000000004,-2.04,Low,0.5245679212422061,0.0735423484898892,0.5245679212422061,0.4018897302679052
53.68,-2.94,High,0.747503477117605,0.747503477117605,0.018435783377162167,0.23406073950523232
53.68,-2.92,High,0.9323101355474348,0.9323101355474348,0.0022288866520806293,0.06546097780048447
53.68,-2.9,High,0.6011691789716159,0.6011691789716159,0.03579595635237328,0.36303486467601076
53.68,-2.88,High,0.9378448952563521,0.9378448952563521,0.004155461234803823,0.0579996435088437
53.68,-2.86,High,0.8858401983136146,0.8858401983136146,0.005453476675286085,0.10870632501109898
53.68,-2.84,High,0.9671687171830365,0.9671687171830365,0.0005387639800278748,0.03229251883693551
53.68,-2.82,High,0.9646979477588081,0.9646979477588081,0.001055834391527163,0.034246217849665285
53.68,-2.8000000000000003,High,0.8950121313988599,0.8950121313988599,0.005451287890761381,0.09953658071037848
53.68,-2.7800000000000002,High,0.7569283616007825,0.7569283616007825,0.01705084784516215,0.22602079055405558
53.68,-2.7600000000000002,Medium,0.5391021638909649,0.15396104106696035,0.30693679504207483,0.5391021638909649
53.68,-2.74,High,0.959260061486258,0.959260061486258,0.0006347784774784635,0.04010516003626357
53.68,-2.72,High,0.9353391288290017,0.9353391288290017,0.0006272534495844551,0.06403361772141274
53.68,-2.7,High,0.9750191878338632,0.9750191878338632,0.0005130861540518144,0.024467726012084943
53.68,-2.68,High,0.9714714826446686,0.9714714826446686,0.0005480338074385949,0.027980483547892777
53.68,-2.66,High,0.8961817581361466,0.8961817581361466,0.0029303698913933462,0.1008878719724597
53.68,-2.64,High,0.9081805391367982,0.9081805391367982,0.0015149792767268273,0.09030448158647447
53.68,-2.62,High,0.9640856387914024,0.9640856387914024,0.007950322067288402,0.02796403914130928
53.68,-2.6,High,0.9717396630544161,0.9717396630544161,0.0013331508653644094,0.026927186080219833
53.68,-2.58,High,0.9228856061245416,0.9228856061245416,0.003656239475945541,0.07345815439951274
53.68,-2.56,High,0.949057598884531,0.949057598884531,0.0018719014368444422,0.04907049967862473
53.68,-2.52,Medium,0.48166430620311695,0.04867919658269658,0.46965649721418645,0.48166430620311695
53.68,-2.5,Medium,0.525998804008882,0.2896758823991609,0.18432531359195667,0.525998804008882
53.68,-2.48,High,0.5536898016156088,0.5536898016156088,0.066616855928629,0.37969334245576236
53.68,-2.46,High,0.9714162199852542,0.9714162199852542,0.000506781844501574,0.02807699817024427
53.68,-2.44,High,0.9628544067079584,0.9628544067079584,0.0014705902849481273,0.03567500300709328
53.68,-2.42,High,0.7931605075718743,0.7931605075718743,0.016783560621442227,0.19005593180668318
53.68,-2.4,High,0.8089406745849087,0.8089406745849087,0.012237977438214573,0.17882134797687732
53.68,-2.38,High,0.8344298746132073,0.8344298746132073,0.008203091570193298,0.15736703381659953
53.68,-2.36,Low,0.48046552807968923,0.09905203428234166,0.48046552807968923,0.42048243763796905
53.68,-2.34,High,0.9779968834227507,0.9779968834227507,0.0005226062963768097,0.02148051028087228
53.68,-2.32,High,0.9585409654633251,0.9585409654633251,0.000518121004303851,0.04094091353237068
53.68,-2.3000000000000003,High,0.940045230216395,0.940045230216395,0.005300556837333762,0.05465421294627124
53.68,-2.2800000000000002,Medium,0.4617594354915265,0.41924656524282156,0.11899399926565209,0.4617594354915265
53.68,-2.2600000000000002,High,0.8674684684412154,0.8674684684412154,0.004567426123610983,0.12796410543517342
53.68,-2.24,High,0.9049493328273444,0.9049493328273444,0.013656420955467026,0.08139424621718834
53.68,-2.22,High,0.8912436553035059,0.8912436553035059,0.005278302963528293,0.1034780417329651
53.68,-2.18,High,0.9684361599259198,0.9684361599259198,0.001095414550854712,0.030468425523226116
53.68,-2.16,High,0.9644006580031639,0.9644006580031639,0.001437024585559487,0.03416231741127735
53.7,-2.92,Medium,0.4776455176771781,0.12597299680876756,0.3963814855140542,0.4776455176771781
53.7,-2.9,High,0.8319429576087518,0.8319429576087518,0.0070336356587498315,0.16102340673249832
53.7,-2.88,High,0.8655089405607518,0.8655089405607518,0.006644452220943133,0.12784660721830512
53.7,-2.86,High,0.935122557733966,0.935122557733966,0.007354434920320627,0.057523007345713605
53.7,-2.84,High,0.9197448607915077,0.9197448607915077,0.0006550333366189472,0.07960010587187269
53.7,-2.82,Medium,0.4994521345541972,0.4047515415615729,0.0957963238842301,0.4994521345541972
53.7,-2.8000000000000003,High,0.9449004400916955,0.9449004400916955,0.0026785903752495023,0.05242096953305553
53.7,-2.7800000000000002,High,0.8983842487317562,0.8983842487317562,0.0069027022342137805,0.09471304903403023
53.7,-2.7600000000000002,High,0.8271375161220209,0.8271375161220209,0.021073863450046148,0.15178862042793256
53.7,-2.74,High,0.9683248435905942,0.9683248435905942,0.003955439541576598,0.02771971686782928
53.7,-2.72,High,0.969888184885329,0.969888184885329,0.0005013617039390654,0.029610453410731857
53.7,-2.7,High,0.9753297946746945,0.9753297946746945,0.0005118519246931422,0.02415835340061218
53.7,-2.68,High,0.954704651005829,0.954704651005829,0.0006784404290767959,0.04461690856509373
53.7,-2.66,High,0.969886394145112,0.969886394145112,0.0039307462709061314,0.026182859583981838
53.7,-2.64,High,0.9663035375156613,0.9663035375156613,0.0005550658845954498,0.033141396599743314
53.7,-2.62,High,0.7774163180063064,0.7774163180063064,0.013924985579530258,0.20865869641416349
53.7,-2.6,High,0.9264642713106064,0.9264642713106064,0.004109500562340863,0.06942622812705287
53.7,-2.58,High,0.9651991701698666,0.9651991701698666,0.0013675524474722647,0.033433277382661525
53.7,-2.56,High,0.9672009905830012,0.9672009905830012,0.007759718157190867,0.025039291259807958
53.7,-2.54,High,0.8778614173103945,0.8778614173103945,0.005393863856336664,0.11674471883326877
53.7,-2.52,High,0.9494900611469869,0.9494900611469869,0.004462711242048524,0.04604722761096473
53.7,-2.5,High,0.5893715567754254,0.5893715567754254,0.05022990652507981,0.36039853669949484
53.7,-2.48,High,0.9452850081934023,0.9452850081934023,0.0004711056888546876,0.05424388611774291
53.7,-2.46,High,0.9424918482833681,0.9424918482833681,0.00044390854799217493,0.05706424316863944
53.7,-2.44,High,0.957271260421887,0.957271260421887,0.002706817282371273,0.04002192229574158
53.7,-2.42,High,0.8076450154695491,0.8076450154695491,0.015926704429031106,0.1764282801014197
53.7,-2.36,High,0.5690780626405519,0.5690780626405519,0.05768008167620846,0.3732418556832394
53.7,-2.34,High,0.9694425926293778,0.9694425926293778,0.000596916759841245,0.029960490610780596
53.7,-2.32,High,0.9492297132260334,0.9492297132260334,0.000559097646784953,0.05021118912718112
53.7,-2.3000000000000003,High,0.9640742209650546,0.9640742209650546,0.0004880787893508049,0.03543770024559422
53.7,-2.2800000000000002,High,0.9364227610786657,0.9364227610786657,0.002420667161246613,0.06115657176008764
53.7,-2.2600000000000002,High,0.9041743077493798,0.9041743077493798,0.0013471264995925738,0.09447856575102724
53.7,-2.24,High,0.9618655306745074,0.9618655306745074,0.0005169313942458082,0.037617537931246996
53.7,-2.22,High,0.9615925443024571,0.9615925443024571,0.0005196540802852907,0.03788780161725763
53.7,-2.2,High,0.9383923968812669,0.9383923968812669,0.0005182567868421372,0.0610893463318906
53.7,-2.18,High,0.9670056278174185,0.9670056278174185,0.0008568294265239472,0.03213754275605811
53.72,-2.86,Low,0.4796773155288785,0.1210799796921941,0.4796773155288785,0.39924270477892754
53.72,-2.84,Medium,0.520351628832008,0.11897050273222996,0.36067786843576227,0.520351628832008
53.72,-2.82,Medium,0.49591564870379573,0.3557425168029432,0.14834183449326088,0.49591564870379573
53.72,-2.8000000000000003,High,0.9469221085169555,0.9469221085169555,0.002086171393958476,0.05099172008908583
53.72,-2.7800000000000002,High,0.9375701122497152,0.9375701122497152,0.0026942841388473706,0.059735603611437885
53.72,-2.7600000000000002,High,0.964903716352347,0.964903716352347,0.004083566167582305,0.031012717480070826
53.72,-2.74,High,0.9747301686395131,0.9747301686395131,0.000572107615630071,0.024697723744856542
53.72,-2.72,High,0.9527103108128107,0.9527103108128107,0.0007707889697392002,0.046518900217449845
53.72,-2.7,High,0.9406227178170917,0.9406227178170917,0.0006973723593609941,0.05867990982354649
53.72,-2.68,High,0.964584584925204,0.964584584925204,0.0005095659270108715,0.03490584914778497
53.72,-2.66,High,0.963890366693029,0.963890366693029,0.00390243926448801,0.03220719404248292
53.72,-2.64,High,0.9640825385773857,0.9640825385773857,0.004062555653739385,0.031854905768875084
53.72,-2.62,High,0.7007443901956674,0.7007443901956674,0.016906393975688775,0.28234921582864403
53.72,-2.6,High,0.8510655531625301,0.8510655531625301,0.0176995596191593,0.1312348872183104
53.72,-2.58,High,0.8541384616951981,0.8541384616951981,0.007930316624468248,0.13793122168033378
53.72,-2.56,High,0.8203499763441363,0.8203499763441363,0.012477833539857985,0.16717219011600626
53.72,-2.54,High,0.9643253902233055,0.9643253902233055,0.0005689462808095053,0.03510566349588469
53.72,-2.52,High,0.9657861771394178,0.9657861771394178,0.0005075541435357167,0.03370626871704664
53.72,-2.5,High,0.9446388922816279,0.9446388922816279,0.0004654079634354186,0.054895699754936474
53.72,-2.48,High,0.9551629406067701,0.9551629406067701,0.0008825650600889025,0.043954494333141116
53.72,-2.46,High,0.948682613059402,0.948682613059402,0.0009651275155911794,0.05035225942500599
53.72,-2.44,High,0.9542207972825909,0.9542207972825909,0.0017129554446713028,0.04406624727273756
53.72,-2.42,High,0.8145194229541065,0.8145194229541065,0.01644823529415271,0.16903234175174112
53.72,-2.4,Medium,0.4700046485528414,0.4193346671188531,0.11066068432830567,0.4700046485528414
53.72,-2.38,Medium,0.47357937924172744,0.4297378869313746,0.09668273382689768,0.47357937924172744
53.72,-2.36,Medium,0.4971962937714302,0.28795966485275803,0.21484404137581176,0.4971962937714302
53.72,-2.34,High,0.972556617597388,0.972556617597388,0.000464297743046325,0.026979084659565365
53.72,-2.32,High,0.9698316682193139,0.9698316682193139,0.003975236022595631,0.02619309575809073
53.72,-2.3000000000000003,High,0.9334762296383176,0.9334762296383176,0.007126512260560995,0.05939725810112165
53.72,-2.2800000000000002,High,0.9330427705136572,0.9330427705136572,0.002679836370872846,0.06427739311547001
53.72,-2.2600000000000002,High,0.8693802717156197,0.8693802717156197,0.0034773719058194207,0.12714235637856128
53.72,-2.24,High,0.917661319342505,0.917661319342505,0.0036983271586158023,0.07864035349887871
53.72,-2.22,High,0.752418844332376,0.752418844332376,0.014690569718516091,0.23289058594910814
53.72,-2.2,High,0.9595513336362123,0.9595513336362123,0.000925585215716407,0.039523081148071834
53.72,-2.18,High,0.7307300511457155,0.7307300511457155,0.02126643956489749,0.24800350928938644
53.74,-3.04,High,0.8037379104422011,0.8037379104422011,0.008221585621181283,0.18804050393661728
53.74,-3.02,High,0.974239409472447,0.974239409472447,0.0006709735072526093,0.025089617020300457
53.74,-3.0,High,0.9666703106530222,0.9666703106530222,0.0005795788958633396,0.032750110451114194
53.74,-2.98,High,0.9570187250707023,0.9570187250707023,0.0015051989700666955,0.04147607595923107
53.74,-2.96,High,0.9741614724892114,0.9741614724892114,0.0005147226046664866,0.025323804906121915
53.74,-2.94,High,0.9770038894937118,0.9770038894937118,0.0005236807986609927,0.022472429707627032
53.74,-2.92,High,0.7093018653978719,0.7093018653978719,0.020750435339959697,0.2699476992621684
53.74,-2.9,High,0.9622153987856963,0.9622153987856963,0.0007463840973284906,0.03703821711697526
53.74,-2.88,High,0.6612928075395339,0.6612928075395339,0.03190685804720978,0.3068003344132565
53.74,-2.86,High,0.722302239018584,0.722302239018584,0.016719057925150983,0.26097870305626464
53.74,-2.84,Medium,0.5242580873029719,0.27896531404494207,0.19677659865208605,0.5242580873029719
53.74,-2.8000000000000003,Medium,0.5274446811579713,0.1574788373960303,0.3150764814459983,0.5274446811579713
53.74,-2.7800000000000002,High,0.908008499372037,0.908008499372037,0.0052643450812137884,0.08672715554674948
53.74,-2.7600000000000002,High,0.9738501331606275,0.9738501331606275,0.0006231525387476115,0.02552671430062485
53.74,-2.74,High,0.9588326024002163,0.9588326024002163,0.0004983560528550778,0.040669041546928436
53.74,-2.72,High,0.9639944602209833,0.9639944602209833,0.003915725035948284,0.0320898147430684
53.74,-2.7,High,0.9635606034707814,0.9635606034707814,0.0038669359170751343,0.03257246061214375
53.74,-2.68,High,0.9738590315964207,0.9738590315964207,0.0004838831122162462,0.025657085291363107
53.74,-2.66,High,0.9528023915413957,0.9528023915413957,0.0010868831754216792,0.04611072528318197
53.74,-2.64,High,0.9301817696491083,0.9301817696491083,0.001085061399752399,0.06873316895113835
53.74,-2.62,High,0.9782547499996593,0.9782547499996593,0.0005311494959258052,0.02121410050441479
53.74,-2.6,High,0.7977918504631717,0.7977918504631717,0.00969450731477487,0.19251364222205325
53.74,-2.58,High,0.9293012729886595,0.9293012729886595,0.003359104859344663,0.0673396221519955
53.74,-2.56,High,0.8144637895435486,0.8144637895435486,0.016676035585656133,0.16886017487079488
53.74,-2.54,High,0.9613722416154533,0.9613722416154533,0.0011328601811053795,0.03749489820344135
53.74,-2.52,High,0.9769933814413676,0.9769933814413676,0.0005563783846043449,0.022450240174027757
53.74,-2.5,High,0.9454961052938538,0.9454961052938538,0.0004596390520563972,0.054044255654089435
53.74,-2.48,High,0.9490684452529166,0.9490684452529166,0.0004925846942671995,0.05043897005281606
53.74,-2.46,High,0.9537061477625852,0.9537061477625852,0.0005015522136374653,0.04579230002377698
53.74,-2.44,High,0.9632217053772227,0.9632217053772227,0.000496578792490455,0.03628171583028672
53.74,-2.42,High,0.6049070739175931,0.6049070739175931,0.04670269245547645,0.34839023362693067
53.74,-2.4,High,0.9383301429097669,0.9383301429097669,0.0005251024348352425,0.06114475465539727
53.74,-2.38,High,0.9663394993958471,0.9663394993958471,0.0005372875011294923,0.03312321310302352
53.74,-2.36,High,0.9685378665765253,0.9685378665765253,0.0005211654081618147,0.030940968015312886
53.74,-2.34,High,0.9709851217410305,0.9709851217410305,0.0005613829636603683,0.02845349529530888
53.74,-2.32,Medium,0.4951716571939268,0.3442917220780255,0.16053662072804772,0.4951716571939268
53.74,-2.3000000000000003,High,0.802082310919058,0.802082310919058,0.012267577643859683,0.18565011143708238
53.74,-2.2800000000000002,High,0.9249791411196243,0.9249791411196243,0.003466779246670175,0.07155407963370557
53.74,-2.2600000000000002,Medium,0.5194793282677069,0.08727375145626837,0.3932469202760251,0.5194793282677069
53.74,-2.24,High,0.5495026129804,0.5495026129804,0.05663552974912582,0.3938618572704742
53.74,-2.22,Medium,0.5182791057994431,0.1351004528609858,0.34662044133957115,0.5182791057994431
53.74,-2.2,Medium,0.5555946461515949,0.22861789686469042,0.2157874569837145,0.5555946461515949
53.74,-2.18,Medium,0.5198415409303326,0.27976518123667177,0.20039327783299585,0.5198415409303326
53.74,-2.16,Medium,0.5116049335054674,0.0956404775023194,0.3927545889922132,0.5116049335054674
53.76,-3.04,High,0.9678143794506012,0.9678143794506012,0.0005891966388796923,0.03159642391051884
53.76,-3.02,High,0.9608456037843112,0.9608456037843112,0.0038771490270436077,0.035277247188645056
53.76,-3.0,High,0.9665607420090241,0.9665607420090241,0.0011288855626694575,0.03231037242830645
53.76,-2.98,High,0.8714717005239769,0.8714717005239769,0.012122699095262852,0.11640560038076014
53.76,-2.96,Medium,0.45077206490010474,0.44033023032201885,0.10889770477787641,0.45077206490010474
53.76,-2.94,High,0.4860880250186163,0.4860880250186163,0.08382183992739681,0.43009013505398686
53.76,-2.92,High,0.6465364999616946,0.6465364999616946,0.028818337386332975,0.32464516265197246
53.76,-2.9,High,0.9655547849706282,0.9655547849706282,0.00782130702932847,0.02662390800004372
53.76,-2.88,High,0.9367679507535465,0.9367679507535465,0.0008069047581198172,0.06242514448833322
53.76,-2.86,High,0.9757659756202621,0.9757659756202621,0.0005723626914812069,0.02366166168825666
53.76,-2.84,High,0.780027556943915,0.780027556943915,0.01144141471726929,0.208531028338816
53.76,-2.82,High,0.8482999201320257,0.8482999201320257,0.005098775670177897,0.1466013041977966
53.76,-2.8000000000000003,High,0.748700184883161,0.748700184883161,0.021497876055843575,0.2298019390609956
53.76,-2.7800000000000002,High,0.6625852346170205,0.6625852346170205,0.0312828226119469,0.3061319427710327
53.76,-2.7600000000000002,High,0.9687181920339463,0.9687181920339463,0.0004860283446574985,0.03079577962139604
53.76,-2.74,High,0.9685807017972781,0.9685807017972781,0.0006358495708201444,0.03078344863190166
53.76,-2.72,High,0.9250263413172461,0.9250263413172461,0.0007745792975371559,0.07419907938521574
53.76,-2.7,High,0.94988958974846,0.94988958974846,0.000525929511736128,0.049584480739803496
53.76,-2.68,High,0.9482242568736878,0.9482242568736878,0.00046465838011369454,0.051311084746198124
53.76,-2.66,High,0.9696895144227886,0.9696895144227886,0.004109474410134503,0.026201011167077147
53.76,-2.64,High,0.9076084194315055,0.9076084194315055,0.00413491085854548,0.08825666970994858
53.76,-2.62,High,0.934451374337917,0.934451374337917,0.003963150253694637,0.06158547540838809
53.76,-2.6,High,0.8149375803275466,0.8149375803275466,0.020039396083898,0.16502302358855508
53.76,-2.58,High,0.9353154242334796,0.9353154242334796,0.0021721271979631127,0.06251244856855755
53.76,-2.56,High,0.8820259081281021,0.8820259081281021,0.00845790999128989,0.10951618188060794
53.76,-2.54,High,0.7789575380602503,0.7789575380602503,0.018908103274830123,0.20213435866491955
53.76,-2.52,High,0.9710705023992651,0.9710705023992651,0.003946702379490743,0.02498279522124417
53.76,-2.5,High,0.9586894447203966,0.9586894447203966,0.0005106192029834751,0.04079993607661999
53.76,-2.48,High,0.9501365756273213,0.9501365756273213,0.00044526867041243126,0.04941815570226584
53.76,-2.46,High,0.9615132823096446,0.9615132823096446,0.0004997811278986808,0.03798693656245673
53.76,-2.44,High,0.8767580127626644,0.8767580127626644,0.002601917901205104,0.12064006933613015
53.76,-2.42,High,0.9658539971616854,0.9658539971616854,0.0007969698943910548,0.03334903294392377
53.76,-2.4,High,0.9658650041903388,0.9658650041903388,0.004051328843516091,0.030083666966145412
53.76,-2.38,High,0.9596114808673974,0.9596114808673974,0.00046056782072402715,0.0399279513118781
53.76,-2.36,High,0.9589877804575009,0.9589877804575009,0.00046909599530920896,0.04054312354718956
53.76,-2.34,High,0.9689754914578924,0.9689754914578924,0.0006160420341691361,0.03040846650793833
53.76,-2.32,High,0.5486377279829756,0.5486377279829756,0.06263684139124277,0.3887254306257819
53.76,-2.3000000000000003,Medium,0.5255946303032238,0.24082160380194728,0.23358376589482877,0.5255946303032238
53.76,-2.2800000000000002,Medium,0.4937395431889947,0.11920508907407903,0.3870553677369265,0.4937395431889947
53.76,-2.2600000000000002,High,0.7712181534962241,0.7712181534962241,0.01978176357551405,0.20900008292826172
53.76,-2.24,Medium,0.5104352665881989,0.40451757308251685,0.08504716032928455,0.5104352665881989
53.76,-2.22,Medium,0.5468760310622625,0.2970064571192599,0.15611751181847786,0.5468760310622625
53.76,-2.2,High,0.9641290922631708,0.9641290922631708,0.00443130057646749,0.03143960716036251
53.76,-2.18,High,0.7064703182110827,0.7064703182110827,0.018831848990347507,0.27469783279856985
53.78,-3.06,High,0.9684989421376307,0.9684989421376307,0.0006104520339491266,0.030890605828420303
53.78,-3.04,High,0.965189066226379,0.965189066226379,0.000568918517972094,0.034242015255648704
53.78,-3.02,High,0.9719931728450978,0.9719931728450978,0.000500433582674259,0.027506393572227818
53.78,-3.0,High,0.9660468704310959,0.9660468704310959,0.0006448206484936081,0.0333083089204102
53.78,-2.98,High,0.9785085173689958,0.9785085173689958,0.0007185225979087198,0.020772960033095426
53.78,-2.96,High,0.7854649666811155,0.7854649666811155,0.013398493771077009,0.20113653954780694
53.78,-2.94,Medium,0.5133884778867841,0.3957487050556873,0.09086281705752851,0.5133884778867841
53.78,-2.92,High,0.9647713045804001,0.9647713045804001,0.0009827576429956558,0.034245937776604556
53.78,-2.9,High,0.8914523363631752,0.8914523363631752,0.008416475911445478,0.10013118772537874
53.78,-2.88,High,0.9725411947156622,0.9725411947156622,0.0005140605131362501,0.026944744771201436
53.78,-2.86,High,0.9647821374991142,0.9647821374991142,0.001242403437206929,0.033975459063679214
53.78,-2.84,High,0.9754674973519358,0.9754674973519358,0.0011036561088009417,0.02342884653926306
53.78,-2.82,High,0.9110808519873252,0.9110808519873252,0.005724291619049403,0.08319485639362564
53.78,-2.8000000000000003,High,0.8686456464972666,0.8686456464972666,0.006361993714560188,0.12499235978817298
53.78,-2.7800000000000002,High,0.6594962235700224,0.6594962235700224,0.028821987324363904,0.31168178910561384
53.78,-2.7600000000000002,High,0.9636594403835779,0.9636594403835779,0.00393868214623003,0.03240187747019231
53.78,-2.74,High,0.9662656725440912,0.9662656725440912,0.0005569488648901285,0.03317737859101843
53.78,-2.72,High,0.9532926284164683,0.9532926284164683,0.000463335171353334,0.046244036412177954
53.78,-2.7,High,0.9613544113166402,0.9613544113166402,0.0004816293751546496,0.038163959308205125
53.78,-2.68,High,0.9648901340202073,0.9648901340202073,0.00047173592387013874,0.03463813005592234
53.78,-2.66,High,0.9540902643030311,0.9540902643030311,0.0005997042935775307,0.04531003140339087
53.78,-2.64,High,0.9711028533494668,0.9711028533494668,0.0005102580408024607,0.028386888609730553
53.78,-2.62,High,0.675116832340409,0.675116832340409,0.023428983210938104,0.301454184448653
53.78,-2.6,High,0.5052056721333729,0.5052056721333729,0.06410557760220549,0.43068875026442177
53.78,-2.58,High,0.7864329341508025,0.7864329341508025,0.011957318354565174,0.20160974749463187
53.78,-2.56,High,0.8582785093951965,0.8582785093951965,0.00901312418913023,0.13270836641567407
53.78,-2.54,High,0.97088572990556,0.97088572990556,0.0005157042503120461,0.02859856584412795
53.78,-2.52,High,0.9773814864732151,0.9773814864732151,0.0004865535538973105,0.022131959972887444
53.78,-2.5,High,0.9565036941125915,0.9565036941125915,0.006420461444937221,0.0370758444424719
53.78,-2.48,High,0.9622074878271262,0.9622074878271262,0.004013381239334637,0.03377913093353932
53.78,-2.46,High,0.7411661531831569,0.7411661531831569,0.010403665657078637,0.24843018115976462
53.78,-2.44,Medium,0.5088053296194983,0.30712773714387703,0.18406693323662465,0.5088053296194983
53.78,-2.42,High,0.9660636555563922,0.9660636555563922,0.0005126898992112955,0.03342365454439628
53.78,-2.4,High,0.9603918748855281,0.9603918748855281,0.0005091637409596333,0.03909896137351201
53.78,-2.38,High,0.9714844487585006,0.9714844487585006,0.0004691727842500794,0.02804637845724904
53.78,-2.36,High,0.76621064131856,0.76621064131856,0.012750038291557735,0.22103932038988247
53.78,-2.34,High,0.8846809397510816,0.8846809397510816,0.0023141737434052394,0.11300488650551312
53.78,-2.32,High,0.9715418289563137,0.9715418289563137,0.000763995290172135,0.02769417575351423
53.78,-2.3000000000000003,High,0.9530326612991312,0.9530326612991312,0.001808461881409832,0.045158876819459286
53.78,-2.2800000000000002,High,0.9138661045700788,0.9138661045700788,0.003384916904879137,0.08274897852504245
53.78,-2.2600000000000002,High,0.9532342697202205,0.9532342697202205,0.0006319962252399067,0.04613373405453906
53.78,-2.24,High,0.9703399845959484,0.9703399845959484,0.0005351883828919244,0.029124827021159597
53.78,-2.22,High,0.9512701609230535,0.9512701609230535,0.0005721003364253498,0.0481577387405204
53.78,-2.2,High,0.9688984694292851,0.9688984694292851,0.003995627821490073,0.027105902749224607
53.78,-2.18,High,0.920316091066684,0.920316091066684,0.0030068987350738412,0.07667701019824254
53.800000000000004,-3.06,High,0.969312886105631,0.969312886105631,0.0006327786476039272,0.030054335246764884
53.800000000000004,-3.04,High,0.9704385155424826,0.9704385155424826,0.0004830331138004534,0.029078451343716793
53.800000000000004,-3.02,High,0.9479457200756548,0.9479457200756548,0.0006685013128805962,0.05138577861146372
53.800000000000004,-3.0,High,0.9631195015078339,0.9631195015078339,0.00056024322033109,0.036320255271834696
53.800000000000004,-2.98,High,0.8490299656195037,0.8490299656195037,0.003813975526651034,0.14715605885384486
53.800000000000004,-2.96,High,0.8723933966777213,0.8723933966777213,0.00444644148583944,0.12316016183643906
53.800000000000004,-2.94,High,0.8894562165593685,0.8894562165593685,0.0050491497834664065,0.10549463365716465
53.800000000000004,-2.92,High,0.48339645749217164,0.48339645749217164,0.07255275658927202,0.4440507859185564
53.800000000000004,-2.9,Medium,0.4754857793780364,0.4179716513862858,0.10654256923567748,0.4754857793780364
53.800000000000004,-2.88,High,0.9627066976829651,0.9627066976829651,0.004513492058995554,0.03277981025803999
53.800000000000004,-2.86,Medium,0.5332455690534527,0.262470689229742,0.204283741716805,0.5332455690534527
53.800000000000004,-2.84,High,0.8456638322853591,0.8456638322853591,0.005477248660531234,0.14885891905410992
53.800000000000004,-2.82,High,0.5947245506120146,0.5947245506120146,0.05704096022711725,0.3482344891608685
53.800000000000004,-2.8000000000000003,High,0.935463787554329,0.935463787554329,0.0027591806904074035,0.06177703175526353
53.800000000000004,-2.7800000000000002,High,0.8814712354506216,0.8814712354506216,0.005640842999522946,0.11288792154985548
53.800000000000004,-2.7600000000000002,High,0.9608962115027017,0.9608962115027017,0.004022534021804991,0.03508125447549344
53.800000000000004,-2.74,High,0.9758378739181466,0.9758378739181466,0.0005013393805919677,0.023660786701261337
53.800000000000004,-2.72,High,0.9396112093547313,0.9396112093547313,0.0007945622838242196,0.05959422836144355
53.800000000000004,-2.7,High,0.9643037294946032,0.9643037294946032,0.0005683396080570288,0.03512793089733971
53.800000000000004,-2.68,High,0.9572921595774369,0.9572921595774369,0.0013346024724342567,0.04137323795012955
53.800000000000004,-2.66,High,0.8989142711905965,0.8989142711905965,0.0037140517548815448,0.09737167705452125
53.800000000000004,-2.64,High,0.9702685687497583,0.9702685687497583,0.0040933308600904555,0.025638100390151547
53.800000000000004,-2.62,High,0.8426364622880049,0.8426364622880049,0.010598030511179414,0.14676550720081571
53.800000000000004,-2.6,High,0.7090725897754411,0.7090725897754411,0.02351773145521947,0.2674096787693395
53.800000000000004,-2.58,Medium,0.49921330200278097,0.37180093771564293,0.12898576028157605,0.49921330200278097
53.800000000000004,-2.56,High,0.7946396532814173,0.7946396532814173,0.01937411584137338,0.18598623087720917
53.800000000000004,-2.54,High,0.8349673981590976,0.8349673981590976,0.009750576409228103,0.15528202543167416
53.800000000000004,-2.52,High,0.6398551437801874,0.6398551437801874,0.03648728384250657,0.3236575723773064
53.800000000000004,-2.5,High,0.8980030694992378,0.8980030694992378,0.006142291013076743,0.095854639487685
53.800000000000004,-2.48,High,0.9502992897382437,0.9502992897382437,0.004352796157406503,0.045347914104349865
53.800000000000004,-2.46,High,0.9695487201680639,0.9695487201680639,0.003968246883549134,0.026483032948387136
53.800000000000004,-2.44,High,0.9488419572850947,0.9488419572850947,0.00744944180264818,0.043708600912257485
53.800000000000004,-2.42,High,0.9617452521884836,0.9617452521884836,0.0026895695849747147,0.03556517822654154
53.800000000000004,-2.4,High,0.9624193755672666,0.9624193755672666,0.004201141912163114,0.03337948252057008
53.800000000000004,-2.38,High,0.9110405548237983,0.9110405548237983,0.005552620313560855,0.08340682486264038
53.800000000000004,-2.36,High,0.8464773550727791,0.8464773550727791,0.012242598806098822,0.14128004612112222
53.800000000000004,-2.34,High,0.9186054173593035,0.9186054173593035,0.004371675855001165,0.07702290678569493
53.800000000000004,-2.32,High,0.8942095005679704,0.8942095005679704,0.0018839800920054741,0.10390651934002328
53.800000000000004,-2.3000000000000003,High,0.9490933639822248,0.9490933639822248,0.0007860757077779905,0.050120560309997134
53.800000000000004,-2.2800000000000002,High,0.9290003667773002,0.9290003667773002,0.002361659886015785,0.06863797333668406
53.800000000000004,-2.2600000000000002,High,0.9705263772571672,0.9705263772571672,0.0005248733982701302,0.0289487493445626
53.800000000000004,-2.24,High,0.9554082294765801,0.9554082294765801,0.000494825101933174,0.044096945421486386
53.800000000000004,-2.22,High,0.960328303200888,0.960328303200888,0.0005605252034058391,0.03911117159570568
53.800000000000004,-2.2,High,0.9654632644883532,0.9654632644883532,0.001268390198848362,0.03326834531279886
53.800000000000004,-2.18,High,0.5781786530945858,0.5781786530945858,0.05244720315270438,0.3693741437527098
53.800000000000004,-2.16,Low,0.5885006316669217,0.026748440990416063,0.5885006316669217,0.384750927342662
53.800000000000004,-2.14,Medium,0.464181793013416,0.08356204301061697,0.4522561639759668,0.464181793013416
53.82,-3.06,High,0.9479639476900965,0.9479639476900965,0.00048559764138004976,0.05155045466852338
53.82,-3.04,High,0.9587070155700053,0.9587070155700053,0.0004823027851148639,0.04081068164487973
53.82,-3.02,High,0.9667189372543763,0.9667189372543763,0.0005426846144552615,0.032738378131168235
53.82,-3.0,High,0.9665589257206804,0.9665589257206804,0.004212042823519562,0.029229031455800705
53.82,-2.98,High,0.9578124212120354,0.9578124212120354,0.0033144048453843432,0.038873173942580524
53.82,-2.96,Medium,0.5020125639834877,0.33793223099600583,0.1600552050205069,0.5020125639834877
53.82,-2.94,High,0.880552793046734,0.880552793046734,0.00598919119039358,0.11345801576287252
53.82,-2.92,High,0.5648849174978211,0.5648849174978211,0.047654551469438,0.3874605310327411
53.82,-2.9,High,0.8418417958103598,0.8418417958103598,0.011640910311510877,0.14651729387812923
53.82,-2.88,Medium,0.47220327260887635,0.43577000473435734,0.09202672265676626,0.47220327260887635
53.82,-2.86,High,0.5791473137708646,0.5791473137708646,0.05204949401318655,0.3688031922159491
53.82,-2.84,High,0.678266730579812,0.678266730579812,0.026545354353262076,0.295187915066926
53.82,-2.82,High,0.8045844953252371,0.8045844953252371,0.017940891978372973,0.17747461269639028
53.82,-2.8000000000000003,High,0.9499114050132164,0.9499114050132164,0.001516915910196611,0.04857167907658707
53.82,-2.7800000000000002,High,0.9305004242494977,0.9305004242494977,0.0027324194802072206,0.06676715627029446
53.82,-2.7600000000000002,High,0.9498689136728236,0.9498689136728236,0.001709029126903247,0.048422057200273254
53.82,-2.74,High,0.8599308610700751,0.8599308610700751,0.008018801100074571,0.13205033782985012
53.82,-2.72,High,0.7645743594205137,0.7645743594205137,0.01486644349146698,0.22055919708801913
53.82,-2.7,High,0.9456204760514466,0.9456204760514466,0.0023779581505586067,0.052001565797994746
53.82,-2.68,High,0.8953441985398399,0.8953441985398399,0.004251844956969156,0.10040395650319081
53.82,-2.66,High,0.9038204554456303,0.9038204554456303,0.0026358813310364843,0.0935436632233328
53.82,-2.64,High,0.8994509716933088,0.8994509716933088,0.004808476507048336,0.09574055179964222
53.82,-2.62,High,0.9114406359372396,0.9114406359372396,0.012838721922862553,0.07572064213989775
53.82,-2.6,High,0.933037148937899,0.933037148937899,0.0006587157009362676,0.06630413536116418
53.82,-2.58,High,0.7612737603487857,0.7612737603487857,0.018925827868618877,0.21980041178259516
53.82,-2.56,High,0.9328601214135581,0.9328601214135581,0.002853279270603128,0.0642865993158383
53.82,-2.54,High,0.9469014168362466,0.9469014168362466,0.0019922043614822907,0.05110637880227091
53.82,-2.52,High,0.7773585691072153,0.7773585691072153,0.01429844949041419,0.20834298140237031
53.82,-2.5,Low,0.4912623133115902,0.07851509904041562,0.4912623133115902,0.43022258764799415
53.82,-2.48,High,0.6438987253769995,0.6438987253769995,0.03405188989704552,0.32204938472595523
53.82,-2.46,High,0.922563346477915,0.922563346477915,0.004493571165355296,0.07294308235672958
53.82,-2.44,High,0.8868891921410929,0.8868891921410929,0.005294222126180295,0.10781658573272654
53.82,-2.42,High,0.9698825622468962,0.9698825622468962,0.004083370296602193,0.02603406745650219
53.82,-2.4,High,0.9280737955121034,0.9280737955121034,0.0007673816119254375,0.07115882287597045
53.82,-2.38,Medium,0.45672590394962165,0.4275404227459636,0.11573367330441496,0.45672590394962165
53.82,-2.36,High,0.8737834384691383,0.8737834384691383,0.007202176719307582,0.11901438481155374
53.82,-2.34,High,0.8233628457698411,0.8233628457698411,0.012528415096776236,0.16410873913338228
53.82,-2.32,High,0.5553124946075869,0.5553124946075869,0.05859796638048759,0.3860895390119258
53.82,-2.3000000000000003,High,0.924466953895009,0.924466953895009,0.0035547097809731604,0.07197833632401804
53.82,-2.2800000000000002,High,0.7795906130596444,0.7795906130596444,0.01285237578431015,0.20755701115604555
53.82,-2.2600000000000002,High,0.7533397173405291,0.7533397173405291,0.007863457756234715,0.2387968249032359
53.82,-2.24,High,0.9639614542315289,0.9639614542315289,0.003880157068817034,0.03215838869965416
53.82,-2.22,High,0.9649559951039748,0.9649559951039748,0.0005240874233442622,0.034519917472680996
53.82,-2.2,High,0.9631555052259643,0.9631555052259643,0.0005358217709571483,0.03630867300307818
53.82,-2.18,High,0.8799448694497893,0.8799448694497893,0.006621304311032039,0.11343382623917853
53.82,-2.16,High,0.7150784404553201,0.7150784404553201,0.016095281993814756,0.26882627755086497
53.82,-2.14,Medium,0.5449540453309042,0.25380888461010187,0.20123707005899377,0.5449540453309042
53.82,-2.12,Low,0.5161245747387159,0.09106374076222182,0.5161245747387159,0.3928116844990626
53.84,-3.06,High,0.9677058376358181,0.9677058376358181,0.0005368212213402547,0.031757341142841476
53.84,-3.04,High,0.9496057428923739,0.9496057428923739,0.0007421167826842007,0.049652140324941155
53.84,-3.02,High,0.9702266196765449,0.9702266196765449,0.0005319822505342935,0.02924139807292069
53.84,-3.0,High,0.9611360377955391,0.9611360377955391,0.0039033305398272784,0.03496063166463346
53.84,-2.98,High,0.9531704669068028,0.9531704669068028,0.0006444225809671624,0.046185110512229226
53.84,-2.96,High,0.9617444280911623,0.9617444280911623,0.006555039109665483,0.03170053279917279
53.84,-2.94,High,0.8709535057187111,0.8709535057187111,0.006091810148613599,0.12295468413267552
53.84,-2.92,High,0.6715791250089892,0.6715791250089892,0.02982353579267993,0.2985973391983309
53.84,-2.9,High,0.8180150896348188,0.8180150896348188,0.01075544969218422,0.17122946067299694
53.84,-2.88,High,0.9802666213839594,0.9802666213839594,0.0005419234644339181,0.019191455151606595
53.84,-2.86,High,0.5717523394125282,0.5717523394125282,0.04709896538768258,0.38114869519978944
53.84,-2.84,High,0.8761269536192455,0.8761269536192455,0.010263556425246583,0.11360948995550797
53.84,-2.82,High,0.9711239457279223,0.9711239457279223,0.0008560400849070292,0.02802001418717114
53.84,-2.8000000000000003,Medium,0.5323151482584723,0.3507252014984602,0.1169596502430675,0.5323151482584723
53.84,-2.7800000000000002,High,0.6364359169513747,0.6364359169513747,0.0487067165129053,0.3148573665357201
53.84,-2.7600000000000002,High,0.9644940449330562,0.9644940449330562,0.0005960745564264668,0.03490988051051695
53.84,-2.74,High,0.9621563504456896,0.9621563504456896,0.0008204766212080021,0.03702317293310225
53.84,-2.72,High,0.747853532888555,0.747853532888555,0.028045384646304,0.224101082465141
53.84,-2.7,High,0.7973030395238706,0.7973030395238706,0.006679499716213484,0.19601746075991622
53.84,-2.68,High,0.881894954368053,0.881894954368053,0.013198426072259534,0.10490661955968764
53.84,-2.66,High,0.882744746373979,0.882744746373979,0.0035363938874716783,0.11371885973854917
53.84,-2.64,High,0.7603076796107316,0.7603076796107316,0.016599017154206377,0.22309330323506188
53.84,-2.62,High,0.8193637220189389,0.8193637220189389,0.018397315003701974,0.162238962977359
53.84,-2.6,High,0.9686449133328102,0.9686449133328102,0.0039979689915273925,0.02735711767566245
53.84,-2.58,High,0.5636545323789107,0.5636545323789107,0.052162358330047995,0.38418310929104116
53.84,-2.56,High,0.7419493710034359,0.7419493710034359,0.019146984446569936,0.23890364454999394
53.84,-2.54,High,0.8844562817753169,0.8844562817753169,0.0038163363539193214,0.11172738187076366
53.84,-2.52,High,0.7913283722844511,0.7913283722844511,0.01524044262568097,0.1934311850898681
53.84,-2.5,Medium,0.4830568590746684,0.3443174515920349,0.17262568933329697,0.4830568590746684
53.84,-2.48,High,0.9400863160487163,0.9400863160487163,0.006474849433734086,0.05343883451754945
53.84,-2.46,Medium,0.5033907205456201,0.41003415698634554,0.0865751224680346,0.5033907205456201
53.84,-2.44,High,0.5222621813708033,0.5222621813708033,0.08512017728438902,0.3926176413448079
53.84,-2.42,High,0.8634175470586645,0.8634175470586645,0.009586055112572512,0.1269963978287633
53.84,-2.4,High,0.8262873799109542,0.8262873799109542,0.008648981611902236,0.16506363847714378
53.84,-2.38,High,0.5868155751382771,0.5868155751382771,0.052498056744850724,0.3606863681168725
53.84,-2.36,Low,0.5125090902799447,0.08860532639313384,0.5125090902799447,0.3988855833269217
53.84,-2.34,High,0.9399394193262914,0.9399394193262914,0.0029212237825346644,0.05713935689117416
53.84,-2.3000000000000003,Low,0.5618672683199794,0.05206736448961244,0.5618672683199794,0.38606536719040824
53.84,-2.2800000000000002,High,0.6782098174228064,0.6782098174228064,0.02959384365814929,0.29219633891904473
53.84,-2.2600000000000002,High,0.9591995129762318,0.9591995129762318,0.001468457022050442,0.039332030001717984
53.84,-2.24,High,0.9370611677758314,0.9370611677758314,0.005651301101234866,0.057287531122934235
53.84,-2.22,High,0.9179710958795277,0.9179710958795277,0.0006662463955358037,0.08136265772493577
53.84,-2.2,High,0.9493122049940399,0.9493122049940399,0.0004759525482414213,0.0502118424577185
53.84,-2.18,High,0.9638757398528821,0.9638757398528821,0.004212462491342219,0.0319117976557758
53.84,-2.16,High,0.7982497058742705,0.7982497058742705,0.017263484630476014,0.18448680949525312
53.84,-2.14,High,0.9747866920550345,0.9747866920550345,0.0007359695221501625,0.024477338422815995
53.84,-2.12,High,0.8880713695433166,0.8880713695433166,0.009701660204870947,0.10222697025181278
53.84,-2.1,Medium,0.5458627380858228,0.20133717857629205,0.2528000833378852,0.5458627380858228
53.84,-2.08,Low,0.693507196063269,0.020119315457868363,0.693507196063269,0.2863734884788627
53.86,-3.06,High,0.9047755123059347,0.9047755123059347,0.008594006896663706,0.08663048079740213
53.86,-3.04,High,0.9674469835723771,0.9674469835723771,0.0005239714054646684,0.03202904502215772
53.86,-3.02,High,0.9657196031424524,0.9657196031424524,0.0005240874233442622,0.03375630943420337
53.86,-3.0,High,0.9676380495081017,0.9676380495081017,0.00048473080570291053,0.03187721968619513
53.86,-2.98,High,0.9628642217295937,0.9628642217295937,0.0041054659462158635,0.03303031232419078
53.86,-2.96,High,0.8651759310989274,0.8651759310989274,0.011295085795584662,0.12352898310548781
53.86,-2.94,High,0.7481516948548971,0.7481516948548971,0.016450844159487266,0.23539746098561604
53.86,-2.92,High,0.9043023010879088,0.9043023010879088,0.00272801645571466,0.09296968245637682
53.86,-2.9,High,0.7961101962020832,0.7961101962020832,0.018764645468382413,0.18512515832953408
53.86,-2.88,High,0.9555757738824215,0.9555757738824215,0.001547597287693179,0.042876628829885605
53.86,-2.86,High,0.9783804522774869,0.9783804522774869,0.000563041967390032,0.02105650575512271
53.86,-2.84,High,0.9190542381576375,0.9190542381576375,0.002480580626252921,0.07846518121610944
53.86,-2.82,High,0.9735917003252779,0.9735917003252779,0.0009106540239672765,0.02549764565075538
53.86,-2.8000000000000003,Low,0.5279923843273933,0.149793532146599,0.5279923843273933,0.32221408352600767
53.86,-2.7800000000000002,High,0.4726494560136434,0.4726494560136434,0.09010717980516716,0.4372433641811896
53.86,-2.7600000000000002,Medium,0.49620603263971164,0.07088055718671,0.4329134101735783,0.49620603263971164
53.86,-2.74,High,0.9573479776654138,0.9573479776654138,0.0015447346764919107,0.041107287658094266
53.86,-2.72,High,0.9214195107690978,0.9214195107690978,0.004254069772088099,0.07432641945881474
53.86,-2.7,High,0.922868878479634,0.922868878479634,0.0032146043685883805,0.07391651715177706
53.86,-2.68,High,0.9119084826778099,0.9119084826778099,0.0019687196926602406,0.0861227976295295
53.86,-2.66,High,0.8177175601061204,0.8177175601061204,0.008309299234021437,0.17397314065985842
53.86,-2.64,High,0.5587636979527033,0.5587636979527033,0.04982927566246799,0.39140702638482894
53.86,-2.62,High,0.7723415297562597,0.7723415297562597,0.014265198074576014,0.21339327216916396
53.86,-2.6,Medium,0.530376252566447,0.2085807657201435,0.2610429817134093,0.530376252566447
53.86,-2.58,High,0.8705565228980972,0.8705565228980972,0.0023248672460625566,0.12711860985584017
53.86,-2.56,High,0.48897789455994844,0.48897789455994844,0.0747648974795517,0.4362572079605
53.86,-2.54,Medium,0.5062065164793367,0.12069005936745753,0.3731034241532057,0.5062065164793367
53.86,-2.52,High,0.5352988416931177,0.5352988416931177,0.050516033311472544,0.41418512499540966
53.86,-2.5,Medium,0.5426486129960593,0.14165944326096538,0.31569194374297543,0.5426486129960593
53.86,-2.48,Medium,0.5180430460515129,0.3500810295563233,0.13187592439216408,0.5180430460515129
53.86,-2.46,High,0.8512522289328017,0.8512522289328017,0.007693544664927168,0.14105422640227133
53.86,-2.44,High,0.6922605612407812,0.6922605612407812,0.03462421678714759,0.2731152219720714
53.86,-2.42,High,0.7106949562734577,0.7106949562734577,0.019607114134217084,0.26969792959232497
53.86,-2.4,High,0.9768269887920286,0.9768269887920286,0.0005863813545159836,0.022586629853455328
53.86,-2.38,High,0.8946388113446351,0.8946388113446351,0.002609711147487654,0.10275147750787672
53.86,-2.36,Medium,0.48864860629895873,0.34334681647285104,0.16800457722818998,0.48864860629895873
53.86,-2.3000000000000003,Low,0.6986518060433796,0.012752198016766157,0.6986518060433796,0.28859599593985424
53.86,-2.2800000000000002,High,0.7178765308966918,0.7178765308966918,0.022133249510254527,0.2599902195930541
53.86,-2.2600000000000002,High,0.7125393695972716,0.7125393695972716,0.022507771061262404,0.26495285934146573
53.86,-2.24,High,0.8498838920016274,0.8498838920016274,0.008308508833314972,0.14180759916505747
53.86,-2.22,High,0.9678836395492147,0.9678836395492147,0.003992852538511752,0.028123507912273586
53.86,-2.2,High,0.9079671162638234,0.9079671162638234,0.002103811118783783,0.08992907261739204
53.86,-2.18,High,0.9704595498015471,0.9704595498015471,0.000495636174826844,0.029044814023625746
53.86,-2.16,High,0.9535045875361604,0.9535045875361604,0.0005925492313869497,0.045902863232452275
53.86,-2.14,High,0.9708851904621212,0.9708851904621212,0.00393631500616705,0.025178494531712045
53.86,-2.12,High,0.8528263854715068,0.8528263854715068,0.004537369978584428,0.1426362445499086
53.86,-2.1,High,0.5783732576470653,0.5783732576470653,0.05488040462211773,0.36674633773081716
53.88,-3.04,High,0.952222264587637,0.952222264587637,0.0005721282206503892,0.047205607191712406
53.88,-3.02,High,0.9625692242953184,0.9625692242953184,0.0004663604840911221,0.03696441522059028
53.88,-3.0,High,0.95217758325108,0.95217758325108,0.0006346750796381216,0.04718774166928129
53.88,-2.98,High,0.8134944030113099,0.8134944030113099,0.008875437873212858,0.17763015911547736
53.88,-2.96,High,0.9710307651834817,0.9710307651834817,0.0005572751225839044,0.028411959693934438
53.88,-2.94,High,0.8634446107516806,0.8634446107516806,0.007794029712908638,0.1287613595354108
53.88,-2.92,High,0.9418082149104143,0.9418082149104143,0.001790177941638086,0.05640160714794704
53.88,-2.9,High,0.7725367940678797,0.7725367940678797,0.018994061296243744,0.20846914463587637
53.88,-2.88,High,0.8224422242411813,0.8224422242411813,0.011178191488610994,0.16637958427020724
53.88,-2.86,High,0.7256690553560615,0.7256690553560615,0.016696564739891583,0.25763437990404653
53.88,-2.82,High,0.8223386039918913,0.8223386039918913,0.0065284821197006595,0.1711329138884081
53.88,-2.8000000000000003,High,0.8260269496459931,0.8260269496459931,0.007946719853794028,0.166026330500213
53.88,-2.7800000000000002,High,0.933174668075997,0.933174668075997,0.0023106192020017234,0.06451471272200103
53.88,-2.7600000000000002,High,0.9411794687456103,0.9411794687456103,0.003190593732072832,0.05562993752231724
53.88,-2.74,High,0.7822826936868499,0.7822826936868499,0.01410171840925355,0.20361558790389647
53.88,-2.72,High,0.46635929087003875,0.46635929087003875,0.09143165466590546,0.4422090544640561
53.88,-2.7,High,0.7978159059947487,0.7978159059947487,0.01008785282881466,0.19209624117643653
53.88,-2.68,High,0.8899959957018744,0.8899959957018744,0.0045310230130643425,0.1054729812850608
53.88,-2.66,High,0.5039440478513694,0.5039440478513694,0.0806537497332743,0.4154022024153568
53.88,-2.64,Medium,0.4713663182497568,0.4109168304231304,0.11771685132711317,0.4713663182497568
53.88,-2.62,High,0.5278779699127716,0.5278779699127716,0.06913647809448917,0.40298555199273933
53.88,-2.6,High,0.7131348395506372,0.7131348395506372,0.03228393418714671,0.2545812262622162
53.88,-2.58,High,0.893965731634192,0.893965731634192,0.008164013959587928,0.09787025440621946
53.88,-2.56,Medium,0.47666002451336603,0.3909835113283702,0.13235646415826385,0.47666002451336603
53.88,-2.54,Medium,0.5317822540517085,0.20128588084141255,0.2669318651068791,0.5317822540517085
53.88,-2.52,Medium,0.5404692041156435,0.22500424787917175,0.23452654800518485,0.5404692041156435
53.88,-2.5,Medium,0.4994464715130665,0.32844505939277946,0.17210846909415367,0.4994464715130665
53.88,-2.48,Medium,0.4545738564470534,0.4432605795622728,0.10216556399067347,0.4545738564470534
53.88,-2.46,Medium,0.48426292948358446,0.38023056676220013,0.13550650375421575,0.48426292948358446
53.88,-2.44,Medium,0.6191553908241876,0.12117953226015275,0.2596650769156592,0.6191553908241876
53.88,-2.42,High,0.9039254085715536,0.9039254085715536,0.0038639352555359676,0.09221065617291076
53.88,-2.4,High,0.9529258787872368,0.9529258787872368,0.0008774761972603989,0.04619664501550289
53.88,-2.38,High,0.933403027315233,0.933403027315233,0.0006729916551051496,0.06592398102966135
53.88,-2.36,High,0.9185430640777262,0.9185430640777262,0.00602526885810063,0.07543166706417288
53.88,-2.34,Medium,0.5489290294228772,0.16831586163137435,0.2827551089457486,0.5489290294228772
53.88,-2.3000000000000003,Low,0.6872851863102047,0.023101481443105337,0.6872851863102047,0.28961333224668967
53.88,-2.2800000000000002,Low,0.5182174338370374,0.05713358316316497,0.5182174338370374,0.4246489829997973
53.88,-2.2600000000000002,Low,0.6381356643157096,0.03283989769509892,0.6381356643157096,0.32902443798919173
53.88,-2.24,Medium,0.5609614359618653,0.21051368741242044,0.2285248766257143,0.5609614359618653
53.88,-2.22,High,0.7282749172800203,0.7282749172800203,0.02285092847333432,0.24887415424664522
53.88,-2.2,High,0.7476351854491703,0.7476351854491703,0.014891947181512787,0.23747286736931664
53.88,-2.18,High,0.872456664029264,0.872456664029264,0.004211669335371009,0.12333166663536475
53.88,-2.16,High,0.9069253843260331,0.9069253843260331,0.013108171258332574,0.07996644441563382
53.88,-2.14,High,0.6313776291080676,0.6313776291080676,0.035582516190879016,0.3330398547010532
53.88,-2.12,High,0.642622826127901,0.642622826127901,0.03232470372775614,0.3250524701443427
53.88,-2.1,Medium,0.47317240400044674,0.4309896708037265,0.09583792519582696,0.47317240400044674
53.9,-3.04,High,0.97172351558476,0.97172351558476,0.0005311309631161076,0.027745353452123908
53.9,-3.02,High,0.8983790106781787,0.8983790106781787,0.003784005189539022,0.09783698413228178
53.9,-2.98,High,0.7872191989922939,0.7872191989922939,0.013832044379075845,0.19894875662862987
53.9,-2.96,High,0.9711566060553986,0.9711566060553986,0.0008475139621098679,0.027995879982491784
53.9,-2.94,High,0.8969760805849907,0.8969760805849907,0.011240551151302373,0.09178336826370628
53.9,-2.92,Medium,0.4772987867518061,0.43452750002470863,0.08817371322348531,0.4772987867518061
53.9,-2.9,High,0.8012294205048519,0.8012294205048519,0.00844166130627548,0.1903289181888728
53.9,-2.88,High,0.6070615636207384,0.6070615636207384,0.054573604404464376,0.3383648319747974
53.9,-2.86,High,0.8478348798122372,0.8478348798122372,0.014109221618232875,0.13805589856953002
53.9,-2.84,High,0.5425010799711247,0.5425010799711247,0.06115667786423909,0.3963422421646367
53.9,-2.82,High,0.8785239069157791,0.8785239069157791,0.007263086705901438,0.11421300637831872
53.9,-2.8000000000000003,High,0.8546873511942275,0.8546873511942275,0.008131871695693394,0.13718077711007926
53.9,-2.7800000000000002,High,0.9240133784602028,0.9240133784602028,0.0022681764819745117,0.07371844505782213
53.9,-2.7600000000000002,High,0.9116397072653338,0.9116397072653338,0.0033688862896487115,0.08499140644501764
53.9,-2.74,High,0.9251154060895727,0.9251154060895727,0.003147789635524843,0.07173680427490235
53.9,-2.72,High,0.9123802499391958,0.9123802499391958,0.0046187607751700605,0.08300098928563412
53.9,-2.7,High,0.4684482806035872,0.4684482806035872,0.12025875822120186,0.4112929611752113
53.9,-2.68,High,0.4667378444739863,0.4667378444739863,0.07171561060809589,0.461546544917918
53.9,-2.66,Medium,0.4812069827741975,0.39823179497309646,0.12056122225270631,0.4812069827741975
53.9,-2.64,Medium,0.5032607149388436,0.09954149704389968,0.39719778801725625,0.5032607149388436
53.9,-2.62,Low,0.6219034356370156,0.025712726334648037,0.6219034356370156,0.3523838380283362
53.9,-2.6,Medium,0.4855030638247566,0.11939059039765244,0.3951063457775911,0.4855030638247566
53.9,-2.58,Medium,0.5428449246753755,0.16692717602617385,0.29022789929845094,0.5428449246753755
53.9,-2.56,Medium,0.558516289484905,0.12918092592461408,0.31230278459048055,0.558516289484905
53.9,-2.54,Medium,0.4856795027992213,0.09424594469277402,0.42007455250800446,0.4856795027992213
53.9,-2.52,Low,0.5636654038365162,0.0478435707386204,0.5636654038365162,0.3884910254248642
53.9,-2.5,Medium,0.569758286120225,0.24867401616540044,0.1815676977143747,0.569758286120225
53.9,-2.48,High,0.7817410057666462,0.7817410057666462,0.0203806748293511,0.19787831940400352
53.9,-2.46,Medium,0.46506673418853545,0.10573856227041997,0.4291947035410441,0.46506673418853545
53.9,-2.44,High,0.6456520491286446,0.6456520491286446,0.04134062612733329,0.31300732474402193
53.9,-2.42,High,0.9159548065632479,0.9159548065632479,0.002756796946084956,0.08128839649066762
53.9,-2.4,High,0.8594973799861013,0.8594973799861013,0.004178876790593803,0.1363237432233049
53.9,-2.38,High,0.630199613972885,0.630199613972885,0.04676308436648709,0.3230373016606281
53.9,-2.36,High,0.8790484285689777,0.8790484285689777,0.031575194699257424,0.089376376731765
53.9,-2.34,High,0.7421053548156279,0.7421053548156279,0.01620738412346575,0.2416872610609064
53.9,-2.32,Medium,0.5536127812617803,0.1383698885896874,0.3080173301485319,0.5536127812617803
53.9,-2.3000000000000003,High,0.5549257831922829,0.5549257831922829,0.06466940123666257,0.38040481557105443
53.9,-2.2800000000000002,High,0.6120963828052772,0.6120963828052772,0.055615485538456355,0.3322881316562663
53.9,-2.2600000000000002,Medium,0.48354577172263313,0.1278088070198864,0.3886454212574805,0.48354577172263313
53.9,-2.24,Medium,0.5089298153216435,0.22396075916382988,0.2671094255145264,0.5089298153216435
53.9,-2.22,Low,0.587590246660546,0.029416061668894607,0.587590246660546,0.382993691670559
53.92,-3.04,High,0.9645536479411396,0.9645536479411396,0.00047774227533181,0.0349686097835286
53.92,-3.02,High,0.9595093042472668,0.9595093042472668,0.0004764617812705826,0.040014233971462136
53.92,-3.0,High,0.9704336983569474,0.9704336983569474,0.0005896228021941916,0.028976678840858767
53.92,-2.98,High,0.9637427356318221,0.9637427356318221,0.004131715406742254,0.032125548961436184
53.92,-2.96,High,0.9437997155212535,0.9437997155212535,0.0005065564674061146,0.05569372801133971
53.92,-2.94,High,0.8806123832199007,0.8806123832199007,0.014226570427072847,0.10516104635302626
53.92,-2.92,High,0.969382146222313,0.969382146222313,0.001559763094313663,0.02905809068337335
53.92,-2.9,High,0.9701011889039941,0.9701011889039941,0.0013838810757897057,0.028514930020216635
53.92,-2.88,High,0.9458783488632938,0.9458783488632938,0.0022942107444292328,0.05182744039227712
53.92,-2.86,High,0.5584362719414692,0.5584362719414692,0.0715228644161548,0.37004086364237565
53.92,-2.84,High,0.5086551698933917,0.5086551698933917,0.07762308187955937,0.41372174822704944
53.92,-2.82,Medium,0.5121451562284433,0.3674720118910229,0.12038283188053407,0.5121451562284433
53.92,-2.8000000000000003,High,0.8830842245790045,0.8830842245790045,0.004601910216218138,0.11231386520477706
53.92,-2.7800000000000002,High,0.9396327388894683,0.9396327388894683,0.0025850254879543934,0.057782235622577366
53.92,-2.7600000000000002,High,0.7214599999832241,0.7214599999832241,0.022379372165709187,0.2561606278510669
53.92,-2.74,High,0.7329933466902077,0.7329933466902077,0.020669915399573243,0.24633673791021873
53.92,-2.72,Medium,0.4745989906034517,0.43437019878474586,0.09103081061180233,0.4745989906034517
53.92,-2.7,High,0.8952281107065145,0.8952281107065145,0.005686949883124282,0.09908493941036099
53.92,-2.68,Medium,0.515339696768109,0.37581477015502707,0.10884553307686463,0.515339696768109
53.92,-2.64,Low,0.5468915708784388,0.05224108004398802,0.5468915708784388,0.40086734907757315
53.92,-2.56,Low,0.7251958758431266,0.01493117698830104,0.7251958758431266,0.25987294716857245
53.92,-2.54,Medium,0.5548494743873552,0.1720169164078561,0.2731336092047887,0.5548494743873552
53.92,-2.52,Medium,0.5585935536308533,0.2062056124847513,0.23520083388439555,0.5585935536308533
53.92,-2.5,Low,0.4959874535252545,0.09661051610861306,0.4959874535252545,0.40740203036613215
53.92,-2.48,Low,0.5205702730153701,0.05948687674824533,0.5205702730153701,0.41994285023638517
53.92,-2.44,Low,0.4827311424936208,0.08446720562504441,0.4827311424936208,0.43280165188133524
53.92,-2.42,Medium,0.5059872922580082,0.3663482284384619,0.1276644793035304,0.5059872922580082
53.92,-2.4,Low,0.5814236801039088,0.035811683534078376,0.5814236801039088,0.38276463636201313
53.92,-2.38,Medium,0.4531998314707804,0.44987476460275316,0.09692540392646665,0.4531998314707804
53.92,-2.36,High,0.471460796797564,0.471460796797564,0.06762139496627356,0.46091780823616285
53.92,-2.34,High,0.9375931063288231,0.9375931063288231,0.007272332139332852,0.05513456153184433
53.92,-2.32,Low,0.46207075007415377,0.08815763741658295,0.46207075007415377,0.44977161250926373
53.92,-2.3000000000000003,Medium,0.5260493237220217,0.19941381990623888,0.27453685637173947,0.5260493237220217
53.92,-2.2800000000000002,High,0.4942608706963273,0.4942608706963273,0.08682971403338886,0.4189094152702838
53.92,-2.2600000000000002,High,0.7940528482762133,0.7940528482762133,0.029481313023384526,0.1764658387004018
53.92,-2.24,Low,0.5762660824547072,0.03800750738272738,0.5762660824547072,0.38572641016256576
53.94,-2.98,High,0.8332390877377007,0.8332390877377007,0.008133424438717826,0.1586274878235818
53.94,-2.96,High,0.9441678590466976,0.9441678590466976,0.005323399808164876,0.050508741145136996
53.94,-2.94,Medium,0.492816773151891,0.10342342236187099,0.40375980448623805,0.492816773151891
53.94,-2.92,High,0.46518142803496715,0.46518142803496715,0.08596571507229997,0.4488528568927328
53.94,-2.9,High,0.4872490447600867,0.4872490447600867,0.07611714786616815,0.43663380737374496
53.94,-2.88,High,0.5400940807430593,0.5400940807430593,0.06295210917308268,0.3969538100838586
53.94,-2.86,High,0.7188639189575816,0.7188639189575816,0.026849927266292806,0.25428615377612557
53.94,-2.84,Medium,0.4911306626048887,0.11903213194107855,0.3898372054540326,0.4911306626048887
53.94,-2.82,High,0.6048127961784477,0.6048127961784477,0.04064198967844397,0.3545452141431087
53.94,-2.8000000000000003,High,0.8615855164408776,0.8615855164408776,0.008926736367977589,0.12948774719114517
53.94,-2.7800000000000002,High,0.8271225381219375,0.8271225381219375,0.012114818337365732,0.160762643540697
53.94,-2.7600000000000002,High,0.9409312656860739,0.9409312656860739,0.0022844307421423667,0.056784303571783656
53.94,-2.74,High,0.8618445186884928,0.8618445186884928,0.006859518797677898,0.13129596251382922
53.94,-2.72,Medium,0.5046629122030278,0.25763719683200365,0.23769989096496816,0.5046629122030278
53.94,-2.7,Medium,0.5363935697860372,0.1327613253926241,0.33084510482133844,0.5363935697860372
53.94,-2.6,Low,0.7493308660041376,0.016119563535058855,0.7493308660041376,0.23454957046080402
53.94,-2.54,Medium,0.5360524893356433,0.1603407584614096,0.3036067522029471,0.5360524893356433
53.94,-2.52,High,0.7685175054223591,0.7685175054223591,0.02124131493727375,0.21024117964036745
53.94,-2.5,Medium,0.46922780690772986,0.36306211686946255,0.16771007622280762,0.46922780690772986
53.94,-2.48,Low,0.48929706883709734,0.06327952214355659,0.48929706883709734,0.4474234090193462
53.94,-2.46,High,0.7493179137259675,0.7493179137259675,0.016664852187521936,0.23401723408651043
53.94,-2.44,Low,0.5924162903599012,0.03570798373069458,0.5924162903599012,0.37187572590940404
53.94,-2.38,Medium,0.4752612665222759,0.3747276924420481,0.15001104103567614,0.4752612665222759
53.94,-2.36,Medium,0.5034069900024025,0.16783915409385933,0.32875385590373823,0.5034069900024025
53.94,-2.34,High,0.9447395897218107,0.9447395897218107,0.0016232960092537577,0.05363711426893529
53.94,-2.32,High,0.7124397393903377,0.7124397393903377,0.01734747463228716,0.2702127859773752
53.94,-2.2800000000000002,Medium,0.5175092978211765,0.26149224896719026,0.22099845321163353,0.5175092978211765
53.94,-2.2600000000000002,High,0.9042012577594594,0.9042012577594594,0.006265039992067642,0.08953370224847339
53.94,-2.24,Low,0.6849789585240409,0.019449298773104987,0.6849789585240409,0.29557174270285425
53.94,-2.22,Medium,0.5200624632945958,0.26209870596678814,0.21783883073861587,0.5200624632945958
53.96,-2.86,Medium,0.4697690109079893,0.43356619790765505,0.09666479118435588,0.4697690109079893
53.96,-2.84,Medium,0.5405789767395248,0.27647691061194823,0.18294411264852672,0.5405789767395248
53.96,-2.82,High,0.9310418577599394,0.9310418577599394,0.003699812289710758,0.06525832995034934
53.96,-2.8000000000000003,High,0.8479187987156769,0.8479187987156769,0.007461611386400086,0.14461958989792315
53.96,-2.7800000000000002,High,0.9225372583479201,0.9225372583479201,0.003788813342373479,0.07367392830970687
53.96,-2.7600000000000002,High,0.9017704000607712,0.9017704000607712,0.00484370543252394,0.09338589450670455
53.96,-2.74,High,0.7157908579131741,0.7157908579131741,0.021769294229545974,0.26243984785728003
53.96,-2.72,High,0.856479114508751,0.856479114508751,0.007557372652687574,0.13596351283856134
53.96,-2.7,Medium,0.5216111462096586,0.1911147132593406,0.2872741405310009,0.5216111462096586
53.96,-2.68,Medium,0.4664430613664333,0.09562392424094418,0.4379330143926228,0.4664430613664333
53.96,-2.56,Medium,0.5120697850330318,0.2245182867846614,0.26341192818230663,0.5120697850330318
53.96,-2.52,Medium,0.5219436737027814,0.15108550737168466,0.32697081892553376,0.5219436737027814
53.96,-2.5,Low,0.6424759073123762,0.029588877992463448,0.6424759073123762,0.32793521469516024
53.96,-2.48,Low,0.6839021437762124,0.02292531496641899,0.6839021437762124,0.2931725412573686
53.96,-2.46,Medium,0.49908782714462485,0.09717097645349022,0.4037411964018848,0.49908782714462485
53.96,-2.44,High,0.798207725080087,0.798207725080087,0.01335342249566281,0.18843885242425035
53.96,-2.42,Medium,0.5259985862030987,0.22106748266099166,0.2529339311359097,0.5259985862030987
53.96,-2.4,Medium,0.5103902167357819,0.20616364381575397,0.28344613944846353,0.5103902167357819
53.96,-2.38,Medium,0.5226348877578969,0.13588323944154942,0.34148187280055387,0.5226348877578969
53.96,-2.36,Medium,0.5486302962888896,0.18168035565196608,0.2696893480591446,0.5486302962888896
53.96,-2.34,Medium,0.4810616787274424,0.375617088131065,0.1433212331414928,0.4810616787274424
53.96,-2.32,High,0.4599479664997083,0.4599479664997083,0.08561924114760927,0.4544327923526828
53.96,-2.3000000000000003,Low,0.6862135274567894,0.021997207387335144,0.6862135274567894,0.291789265155875
53.96,-2.2800000000000002,Medium,0.41505729982306755,0.3816468218771346,0.20329587829979812,0.41505729982306755
53.96,-2.2600000000000002,Medium,0.4531637209498577,0.42019546524819257,0.1266408138019494,0.4531637209498577
53.96,-2.24,Medium,0.49218993562209823,0.33455015762242113,0.17325990675548097,0.49218993562209823
53.96,-2.22,Low,0.5919500838758462,0.04085269013335341,0.5919500838758462,0.367197225990801
53.96,-2.2,Medium,0.5295453929374881,0.22766317004038897,0.24279143702212255,0.5295453929374881
53.980000000000004,-2.88,Medium,0.5184617794835797,0.2880024479651727,0.19353577255124768,0.5184617794835797
53.980000000000004,-2.86,Medium,0.4825746182588504,0.353398874877918,0.16402650686323178,0.4825746182588504
53.980000000000004,-2.84,High,0.8321933564416268,0.8321933564416268,0.009791450626826216,0.15801519293154656
53.980000000000004,-2.82,Medium,0.49355076750275306,0.3758309890707779,0.1306182434264689,0.49355076750275306
53.980000000000004,-2.8000000000000003,High,0.6452749381591286,0.6452749381591286,0.05309133371024088,0.3016337281306305
53.980000000000004,-2.7800000000000002,High,0.910180528488257,0.910180528488257,0.0029659539164526814,0.08685351759529011
53.980000000000004,-2.7600000000000002,High,0.7560388492622216,0.7560388492622216,0.016662959447682008,0.22729819129009635
53.980000000000004,-2.74,High,0.9301740910310682,0.9301740910310682,0.002335938403730694,0.06748997056520087
53.980000000000004,-2.72,High,0.5284319456486898,0.5284319456486898,0.06304659046784418,0.4085214638834659
53.980000000000004,-2.7,High,0.5461063064122551,0.5461063064122551,0.057095415436179346,0.3967982781515654
53.980000000000004,-2.68,High,0.4570991517637449,0.4570991517637449,0.08708688071229247,0.4558139675239628
53.980000000000004,-2.66,High,0.7104166513612808,0.7104166513612808,0.02571581210556027,0.26386753653315886
53.980000000000004,-2.64,Medium,0.5174008573541713,0.2013989377468556,0.28120020489897324,0.5174008573541713
53.980000000000004,-2.62,Low,0.6275201419185773,0.06879050798964678,0.6275201419185773,0.30368935009177633
53.980000000000004,-2.48,Low,0.6096417528857847,0.036367377961894355,0.6096417528857847,0.35399086915232103
53.980000000000004,-2.46,Medium,0.4862104227246979,0.28715100437378877,0.22663857290151315,0.4862104227246979
53.980000000000004,-2.44,Medium,0.49881384033253257,0.27063418005435036,0.23055197961311752,0.49881384033253257
53.980000000000004,-2.42,Low,0.5746254776591345,0.033499942102410786,0.5746254776591345,0.39187458023845495
53.980000000000004,-2.4,Medium,0.508009155658885,0.1412889759558673,0.35070186838524753,0.508009155658885
53.980000000000004,-2.38,Low,0.7058595029131269,0.022945130024363335,0.7058595029131269,0.2711953670625098
53.980000000000004,-2.36,Medium,0.5562999663439282,0.20694819536918627,0.2367518382868857,0.5562999663439282
53.980000000000004,-2.34,Medium,0.5454142714820833,0.22894613732680566,0.22563959119111096,0.5454142714820833
53.980000000000004,-2.32,Medium,0.5564279019456523,0.20737473516698138,0.23619736288736626,0.5564279019456523
53.980000000000004,-2.3000000000000003,Low,0.5010678597656024,0.0678837297312099,0.5010678597656024,0.4310484105031874
53.980000000000004,-2.24,High,0.6993544548560611,0.6993544548560611,0.02325678525923249,0.2773887598847063
53.980000000000004,-2.22,Medium,0.49279138452286736,0.11115088457935716,0.39605773089777513,0.49279138452286736
53.980000000000004,-2.18,Low,0.5658236339368341,0.04841747082791482,0.5658236339368341,0.38575889523525086
54.0,-2.9,Medium,0.46525791272116335,0.1680025254108879,0.36673956186794854,0.46525791272116335
54.0,-2.88,High,0.8122646321029109,0.8122646321029109,0.011186943019177104,0.1765484248779123
54.0,-2.86,Medium,0.547709203105309,0.11571792981761389,0.33657286707707756,0.547709203105309
54.0,-2.84,High,0.9207896788812096,0.9207896788812096,0.0033211881430061834,0.07588913297578428
54.0,-2.82,High,0.6412593342434514,0.6412593342434514,0.032129685711224674,0.3266109800453246
54.0,-2.8000000000000003,High,0.9340609528649348,0.9340609528649348,0.002653313950232961,0.06328573318483209
54.0,-2.7800000000000002,High,0.9054355788930407,0.9054355788930407,0.004123417074192911,0.09044100403276621
54.0,-2.7600000000000002,High,0.707790976322829,0.707790976322829,0.025781537748609876,0.26642748592856114
54.0,-2.74,High,0.6326379535276306,0.6326379535276306,0.041361491853474944,0.3260005546188943
54.0,-2.72,Medium,0.4831882152777144,0.09125461686929519,0.42555716785299064,0.4831882152777144
54.0,-2.7,Medium,0.5474320310025962,0.20851191381427256,0.24405605518313145,0.5474320310025962
54.0,-2.68,Medium,0.5106991782741008,0.18731376838617766,0.30198705333972126,0.5106991782741008
54.0,-2.66,Medium,0.5235473461005682,0.2680127123090109,0.20843994159042087,0.5235473461005682
54.0,-2.64,High,0.49919570675955277,0.49919570675955277,0.07611865068811978,0.4246856425523275
54.0,-2.44,Low,0.6041078067777126,0.04710746300862386,0.6041078067777126,0.3487847302136634
54.0,-2.36,High,0.5604039372146865,0.5604039372146865,0.058168373253411884,0.38142768953190137
54.0,-2.34,High,0.5515713157430578,0.5515713157430578,0.09826945490806455,0.3501592293488775
54.0,-2.32,Low,0.5404083496086325,0.05275678627872583,0.5404083496086325,0.40683486411264197
54.0,-2.3000000000000003,High,0.7614213011719161,0.7614213011719161,0.02098729444766224,0.21759140438042177
54.0,-2.2800000000000002,Low,0.5568188159179147,0.09107738762093211,0.5568188159179147,0.3521037964611535
54.0,-2.2600000000000002,High,0.935824599920911,0.935824599920911,0.0021864122451406977,0.06198898783394819
54.0,-2.24,Low,0.514533642494563,0.07140090418676873,0.514533642494563,0.4140654533186687
54.0,-2.22,High,0.9230067952239145,0.9230067952239145,0.003138430591601266,0.07385477418448395
54.0,-2.2,Medium,0.552117291850362,0.22184385050968664,0.2260388576399515,0.552117291850362
54.02,-2.9,High,0.8368707856244452,0.8368707856244452,0.002624207508359433,0.16050500686719538
54.02,-2.88,High,0.9647669155161247,0.9647669155161247,0.003955979260946934,0.03127710522292845
54.02,-2.86,High,0.9720366760627231,0.9720366760627231,0.0007458851245055102,0.02721743881277172
54.02,-2.82,High,0.9228540856286722,0.9228540856286722,0.0030688159648376333,0.07407709840649081
54.02,-2.8000000000000003,High,0.960626999917275,0.960626999917275,0.0009610860680775154,0.038411914014646505
54.02,-2.7800000000000002,High,0.9397760635129923,0.9397760635129923,0.0021460674558452576,0.05807786903116256
54.02,-2.7600000000000002,High,0.5821539074743409,0.5821539074743409,0.055369431337142144,0.3624766611885169
54.02,-2.74,High,0.7426767633605393,0.7426767633605393,0.01915392289571855,0.2381693137437421
54.02,-2.72,Medium,0.5309459034482492,0.2580836305078037,0.210970466043947,0.5309459034482492
54.02,-2.42,Low,0.8218218765564395,0.006730307192087619,0.8218218765564395,0.1714478162514732
54.02,-2.36,Low,0.5309156214560433,0.05130414657386228,0.5309156214560433,0.4177802319700949
54.02,-2.34,Medium,0.5357241332962395,0.21089074256773943,0.2533851241360212,0.5357241332962395
54.02,-2.32,Medium,0.4884376659062045,0.08328755809023974,0.42827477600355546,0.4884376659062045
54.02,-2.3000000000000003,Medium,0.5314975852818834,0.17891924387381197,0.2895831708443049,0.5314975852818834
54.02,-2.2800000000000002,Low,0.7044022513151966,0.012368773604872613,0.7044022513151966,0.2832289750799309
54.02,-2.2600000000000002,High,0.9233480346109144,0.9233480346109144,0.004146026654324598,0.07250593873476091
54.02,-2.24,Medium,0.517767930291572,0.1500005323654841,0.3322315373429437,0.517767930291572
54.02,-2.2,Medium,0.5518794912901194,0.2883556866486397,0.1597648220612406,0.5518794912901194
54.02,-2.18,Medium,0.46376321340511006,0.07743995631860581,0.4587968302762838,0.46376321340511006
54.02,-2.16,Medium,0.47146697698906065,0.42463270381003587,0.10390031920090341,0.47146697698906065
54.02,-2.14,Medium,0.5341608962792673,0.174025554622072,0.29181354909866086,0.5341608962792673
54.04,-3.18,Low,0.8212285243026217,0.005845015355488319,0.8212285243026217,0.17292646034189021
54.04,-2.9,High,0.9590972219705667,0.9590972219705667,0.0039018565345699347,0.03700092149486328
54.04,-2.88,High,0.9559199266862336,0.9559199266862336,0.000496231076468157,0.043583842237297915
54.04,-2.86,High,0.6454491309782745,0.6454491309782745,0.03408455329242821,0.3204663157292972
54.04,-2.84,Medium,0.5275237132293301,0.34509885159675724,0.12737743517391248,0.5275237132293301
54.04,-2.82,High,0.9607822701511749,0.9607822701511749,0.0005694235789230358,0.038648306269901914
54.04,-2.8000000000000003,High,0.9542628768384896,0.9542628768384896,0.0004466511813597053,0.04529047198015007
54.04,-2.7800000000000002,High,0.9395361162172595,0.9395361162172595,0.0023184434315574602,0.05814544035118281
54.04,-2.7600000000000002,High,0.6610289980847928,0.6610289980847928,0.030702903206621435,0.30826809870858596
54.04,-2.74,High,0.627318896675503,0.627318896675503,0.04095704902691025,0.33172405429758706
54.04,-2.72,Low,0.4773222170837713,0.07754611934998748,0.4773222170837713,0.44513166356624095
54.04,-2.36,Low,0.6929200249332248,0.020620629730893788,0.6929200249332248,0.28645934533588124
54.04,-2.34,Medium,0.5034101339769734,0.21956251176114236,0.277027354261884,0.5034101339769734
54.04,-2.32,Medium,0.4704972380322235,0.1681244334497177,0.36137832851805896,0.4704972380322235
54.04,-2.3000000000000003,High,0.6735681365298238,0.6735681365298238,0.055388966747731735,0.27104289672244464
54.04,-2.2800000000000002,Medium,0.5384811558729177,0.25169221302362743,0.2098266311034548,0.5384811558729177
54.04,-2.22,Low,0.711880102194158,0.026187213314673285,0.711880102194158,0.2619326844911685
54.04,-2.18,Low,0.7356242764387152,0.014897205814914403,0.7356242764387152,0.24947851774637045
54.04,-2.16,Medium,0.5159548696627779,0.2859888929203542,0.19805623741686798,0.5159548696627779
54.06,-3.22,Low,0.6631895662687961,0.020165024031996968,0.6631895662687961,0.3166454096992067
54.06,-3.18,Low,0.6552351184622406,0.026595994611523576,0.6552351184622406,0.3181688869262357
54.06,-2.9,High,0.7354929183573417,0.7354929183573417,0.013721701387293362,0.25078538025536523
54.06,-2.88,High,0.9543565985408652,0.9543565985408652,0.0005012370034437524,0.0451421644556906
54.06,-2.86,High,0.9651158156992007,0.9651158156992007,0.0004952887505960325,0.0343888955502031
54.06,-2.84,High,0.9656128807768234,0.9656128807768234,0.0005154878948738432,0.03387163132830288
54.06,-2.82,High,0.9508384769151413,0.9508384769151413,0.004101457633157185,0.045060065451701596
54.06,-2.8000000000000003,High,0.9619158490088427,0.9619158490088427,0.0005338141018964429,0.037550336889260655
54.06,-2.7800000000000002,High,0.7142359966519451,0.7142359966519451,0.00311596099198898,0.28264804235606594
54.06,-2.7600000000000002,Medium,0.5367019285590503,0.25630949645965445,0.20698857498129566,0.5367019285590503
54.06,-2.74,High,0.6354092960366113,0.6354092960366113,0.040968768182628415,0.32362193578076015
54.06,-2.72,High,0.612092704010557,0.612092704010557,0.04074548876200487,0.347161807227438
54.06,-2.7,Medium,0.4793785770748894,0.43220741540156277,0.08841400752354742,0.4793785770748894
54.06,-2.68,Low,0.6211179454427885,0.031982763081129836,0.6211179454427885,0.34689929147608095
54.06,-2.66,Medium,0.464211110367625,0.07938392002249188,0.4564049696098834,0.464211110367625
54.06,-2.64,Medium,0.5378298431310512,0.15223928319451502,0.30993087367443384,0.5378298431310512
54.06,-2.62,Medium,0.5011354253241647,0.1502598298073462,0.34860474486848914,0.5011354253241647
54.06,-2.6,Medium,0.5173264545734444,0.2989617693963214,0.1837117760302342,0.5173264545734444
54.06,-2.54,Medium,0.5433030713006947,0.29562334050208094,0.16107358819722442,0.5433030713006947
54.06,-2.52,High,0.4476310790043285,0.4476310790043285,0.11695372485684832,0.4354151961388231
54.06,-2.42,Low,0.5484203276049214,0.05779552525836232,0.5484203276049214,0.39378414713671617
54.06,-2.38,Low,0.6873029873260299,0.02436894717842979,0.6873029873260299,0.28832806549554013
54.06,-2.36,Low,0.5332327063523068,0.0585772282466683,0.5332327063523068,0.40819006540102465
54.06,-2.34,Low,0.5099149721224273,0.06398103582616586,0.5099149721224273,0.42610399205140725
54.06,-2.32,Low,0.5662911118007145,0.04848800504553872,0.5662911118007145,0.38522088315374675
54.06,-2.3000000000000003,High,0.726851620165094,0.726851620165094,0.025461785228373866,0.24768659460653236
54.06,-2.2800000000000002,High,0.9232092201113035,0.9232092201113035,0.0022558472192265285,0.07453493266946948
54.06,-2.2600000000000002,Low,0.696576970185514,0.01414477596245115,0.696576970185514,0.2892782538520347
54.06,-2.16,High,0.8563731449837663,0.8563731449837663,0.008576539523898767,0.13505031549233443
54.08,-3.24,Medium,0.45486011505334495,0.4409989599195276,0.1041409250271276,0.45486011505334495
54.08,-3.18,High,0.9032875523701236,0.9032875523701236,0.004043489894447733,0.09266895773542819
54.08,-3.16,High,0.7245783210188692,0.7245783210188692,0.021328024803773382,0.25409365417735724
54.08,-2.88,High,0.8442995722213607,0.8442995722213607,0.011305853561457484,0.14439457421718188
54.08,-2.86,High,0.9412853111447731,0.9412853111447731,0.0008879176152506342,0.057826771239975976
54.08,-2.84,High,0.9622593107879213,0.9622593107879213,0.000651267496451535,0.03708942171562704
54.08,-2.82,High,0.8582950249495097,0.8582950249495097,0.015111236260859685,0.12659373878963015
54.08,-2.8000000000000003,High,0.9557565673253126,0.9557565673253126,0.001707892387330341,0.0425355402873578
54.08,-2.7800000000000002,High,0.6067598879343667,0.6067598879343667,0.06373636505947551,0.3295037470061581
54.08,-2.7600000000000002,High,0.9520940099399086,0.9520940099399086,0.00183102118653432,0.046074968873557054
54.08,-2.74,High,0.9227423232551879,0.9227423232551879,0.004321775684331154,0.07293590106048026
54.08,-2.72,High,0.9634787613755114,0.9634787613755114,0.0011675491138897407,0.03535368951059859
54.08,-2.7,High,0.9155779854794285,0.9155779854794285,0.0030935874312800833,0.08132842708929137
54.08,-2.68,High,0.6545710557121031,0.6545710557121031,0.038862142472071814,0.3065668018158257
54.08,-2.66,High,0.5162506275321083,0.5162506275321083,0.08110330539179561,0.40264606707609607
54.08,-2.64,Medium,0.5714227271923668,0.14887110928948666,0.2797061635181466,0.5714227271923668
54.08,-2.6,Medium,0.5476453288361216,0.2544568603463604,0.1978978108175179,0.5476453288361216
54.08,-2.58,Medium,0.5556866145893222,0.1602113043970806,0.28410208101359746,0.5556866145893222
54.08,-2.56,Medium,0.5455411533907502,0.26044515110393207,0.19401369550531788,0.5455411533907502
54.08,-2.54,High,0.5959550193664508,0.5959550193664508,0.05749747332882909,0.34654750730472034
54.08,-2.52,High,0.823902365926783,0.823902365926783,0.011629051691078227,0.16446858238213824
54.08,-2.5,Medium,0.5335741702412642,0.1967248713723323,0.26970095838640307,0.5335741702412642
54.08,-2.48,Low,0.6144027410783023,0.029642304345333836,0.6144027410783023,0.35595495457636395
54.08,-2.44,Low,0.722954494429205,0.01962842277017893,0.722954494429205,0.25741708280061604
54.08,-2.42,Medium,0.5204295942776165,0.32509298382613294,0.15447742189625066,0.5204295942776165
54.08,-2.38,Low,0.5963701218040118,0.049546257921236014,0.5963701218040118,0.35408362027475193
54.08,-2.36,Medium,0.5161734545041619,0.14105307832410036,0.34277346717173807,0.5161734545041619
54.08,-2.34,Medium,0.48029510214481513,0.408891648337379,0.11081324951780559,0.48029510214481513
54.08,-2.32,Medium,0.5107804467311086,0.2894548767392524,0.19976467652963914,0.5107804467311086
54.08,-2.3000000000000003,Medium,0.48942699605550904,0.3169942917459342,0.19357871219855693,0.48942699605550904
54.08,-2.2800000000000002,High,0.9160134598220118,0.9160134598220118,0.0036986854279229585,0.08028785475006549
54.1,-3.2600000000000002,High,0.9696380925334371,0.9696380925334371,0.0008895369807889195,0.029472370485774543
54.1,-3.24,High,0.9724410485426026,0.9724410485426026,0.0005535153669334671,0.02700543609046401
54.1,-3.22,High,0.9772302555408663,0.9772302555408663,0.0006218192774494946,0.022147925181683924
54.1,-3.2,High,0.7934944661679871,0.7934944661679871,0.009131321332055848,0.1973742124999569
54.1,-3.18,Medium,0.5547288312694717,0.2759427962254243,0.16932837250510374,0.5547288312694717
54.1,-3.16,High,0.8130225465493066,0.8130225465493066,0.012157819200664386,0.174819634250029
54.1,-3.14,High,0.9389924871023585,0.9389924871023585,0.002504165646438485,0.05850334725120274
54.1,-3.12,Low,0.5591541099242636,0.04269399370096608,0.5591541099242636,0.3981518963747704
54.1,-2.82,Medium,0.5444380192271603,0.2607108763413384,0.1948511044315013,0.5444380192271603
54.1,-2.8000000000000003,High,0.9357733366617748,0.9357733366617748,0.0022147849645772393,0.06201187837364747
54.1,-2.7800000000000002,High,0.6568799395684678,0.6568799395684678,0.03488641359688789,0.30823364683464455
54.1,-2.7600000000000002,High,0.7633804881921823,0.7633804881921823,0.018444037997719306,0.21817547381009852
54.1,-2.74,Medium,0.5101804734033903,0.15199644957943928,0.3378230770171703,0.5101804734033903
54.1,-2.72,High,0.5924022952692234,0.5924022952692234,0.04567862126939156,0.36191908346138485
54.1,-2.7,Low,0.49651958370293864,0.14568614620673456,0.49651958370293864,0.35779427009032666
54.1,-2.68,High,0.936929755165913,0.936929755165913,0.002666186654204784,0.06040405817988193
54.1,-2.66,High,0.5450264409321138,0.5450264409321138,0.05755917490759063,0.39741438416029523
54.1,-2.64,High,0.9326308291427498,0.9326308291427498,0.0031981224168176805,0.06417104844043289
54.1,-2.62,High,0.7068012145613219,0.7068012145613219,0.02567076283265016,0.2675280226060276
54.1,-2.6,High,0.8686892324680626,0.8686892324680626,0.006092538447529123,0.12521822908440827
54.1,-2.58,High,0.5797199926601373,0.5797199926601373,0.04746899119728759,0.37281101614257506
54.1,-2.56,High,0.5609888128704033,0.5609888128704033,0.056813843054878924,0.3821973440747179
54.1,-2.54,Medium,0.49818010337280877,0.3136325522609334,0.1881873443662581,0.49818010337280877
54.1,-2.52,High,0.8266511362117721,0.8266511362117721,0.010951235722881513,0.16239762806534597
54.1,-2.5,Medium,0.4904495539053255,0.40175927641327547,0.10779116968139935,0.4904495539053255
54.1,-2.48,Medium,0.5455833285963774,0.14002312698003494,0.31439354442358786,0.5455833285963774
54.1,-2.46,Low,0.5580001247178124,0.05102612954675928,0.5580001247178124,0.3909737457354278
54.1,-2.44,Medium,0.517754449228432,0.32279911135656675,0.15944643941500153,0.517754449228432
54.1,-2.42,Medium,0.517872948222043,0.22140476376613222,0.26072228801182473,0.517872948222043
54.1,-2.4,Medium,0.47711138264500663,0.09369257595678178,0.42919604139821155,0.47711138264500663
54.1,-2.38,Low,0.6903466639662723,0.024261359910909896,0.6903466639662723,0.2853919761228175
54.1,-2.36,Medium,0.5137103298402351,0.247602151555906,0.23868751860385892,0.5137103298402351
54.1,-2.34,Medium,0.5066006443159228,0.35551023989051045,0.137889115793567,0.5066006443159228
54.1,-2.32,Medium,0.519133650135048,0.26825385619804337,0.2126124936669089,0.519133650135048
54.1,-2.2800000000000002,High,0.7129680128505052,0.7129680128505052,0.041525674708805936,0.245506312440689
54.1,-2.2600000000000002,Low,0.8197285332092461,0.006481125564075552,0.8197285332092461,0.17379034122667844
54.1,-2.24,Low,0.7065270434054779,0.01462097830890076,0.7065270434054779,0.27885197828562136
54.1,-2.2,Low,0.7312802700021068,0.013180363012862788,0.7312802700021068,0.2555393669850301
54.1,-2.18,Low,0.6594653577379697,0.02213507465089758,0.6594653577379697,0.3183995676111328
54.1,-2.16,Low,0.811349301092486,0.00923762605594331,0.811349301092486,0.17941307285157063
54.120000000000005,-3.2600000000000002,High,0.9696795048426894,0.9696795048426894,0.004171843555655439,0.026148651601655512
54.120000000000005,-3.24,High,0.8834512773943698,0.8834512773943698,0.0026435364886909464,0.1139051861169388
54.120000000000005,-3.22,High,0.9557490897570483,0.9557490897570483,0.0005276658672152656,0.04372324437573619
54.120000000000005,-3.2,High,0.9638474735112628,0.9638474735112628,0.0005207723368118997,0.03563175415192546
54.120000000000005,-3.18,High,0.9785101431434937,0.9785101431434937,0.0004906367914276145,0.020999220065078403
54.120000000000005,-3.16,High,0.9319034320652784,0.9319034320652784,0.002313545544228056,0.06578302239049318
54.120000000000005,-3.14,High,0.8575028687934269,0.8575028687934269,0.006902123612458745,0.1355950075941143
54.120000000000005,-3.12,High,0.7126674797386758,0.7126674797386758,0.023985329477101466,0.26334719078422286
54.120000000000005,-3.1,Medium,0.5078155001181801,0.14045501749975736,0.35172948238206225,0.5078155001181801
54.120000000000005,-2.8000000000000003,Low,0.6121032412265643,0.026113613943545933,0.6121032412265643,0.36178314482988966
54.120000000000005,-2.7800000000000002,High,0.9255368116284616,0.9255368116284616,0.0031079060584848143,0.07135528231305382
54.120000000000005,-2.7600000000000002,High,0.9356681923785437,0.9356681923785437,0.0024382474917389475,0.0618935601297175
54.120000000000005,-2.74,High,0.8432691194871998,0.8432691194871998,0.008789592857723787,0.14794128765507591
54.120000000000005,-2.72,Medium,0.545035274851474,0.35168167867220007,0.10328304647632612,0.545035274851474
54.120000000000005,-2.7,Medium,0.47353493807890323,0.3069576046791143,0.21950745724198226,0.47353493807890323
54.120000000000005,-2.68,Medium,0.5404511005692886,0.2854774823462459,0.17407141708446544,0.5404511005692886
54.120000000000005,-2.66,High,0.6534782928442509,0.6534782928442509,0.02776174723112452,0.3187599599246247
54.120000000000005,-2.64,High,0.7816834327841394,0.7816834327841394,0.00994385659000023,0.20837271062586038
54.120000000000005,-2.62,Medium,0.5208129600701308,0.24856868854687733,0.23061835138299158,0.5208129600701308
54.120000000000005,-2.6,High,0.4901553011397567,0.4901553011397567,0.08526541547905846,0.4245792833811852
54.120000000000005,-2.58,High,0.6860004669580269,0.6860004669580269,0.030970566000873383,0.2830289670410999
54.120000000000005,-2.56,Medium,0.488389940032428,0.3505747449014455,0.1610353150661266,0.488389940032428
54.120000000000005,-2.54,High,0.9556366844031468,0.9556366844031468,0.0014255447212744097,0.04293777087557877
54.120000000000005,-2.52,High,0.9465088188946947,0.9465088188946947,0.0022918701057762546,0.051199310999528985
54.120000000000005,-2.5,High,0.9284254722836265,0.9284254722836265,0.0006678514708349793,0.07090667624553793
54.120000000000005,-2.48,Medium,0.5195595944694641,0.2737985031751739,0.20664190235536192,0.5195595944694641
54.120000000000005,-2.44,Medium,0.5352184609089798,0.20028207309546292,0.2644994659955569,0.5352184609089798
54.120000000000005,-2.42,High,0.45567478291978675,0.45567478291978675,0.09564914296787143,0.4486760741123417
54.120000000000005,-2.4,High,0.7363028128266472,0.7363028128266472,0.01833241022943762,0.24536477694391537
54.120000000000005,-2.36,Medium,0.522483945476863,0.33590700038256777,0.14160905414056932,0.522483945476863
54.120000000000005,-2.34,Medium,0.4783675797210881,0.4064135633205213,0.11521885695839032,0.4783675797210881
54.120000000000005,-2.32,Medium,0.5458366507928559,0.12364434747728556,0.33051900172985854,0.5458366507928559
54.120000000000005,-2.3000000000000003,High,0.938276046494725,0.938276046494725,0.0020685688217332463,0.05965538468354166
54.120000000000005,-2.2800000000000002,Medium,0.5084916246220132,0.21302417906828885,0.278484196309698,0.5084916246220132
54.120000000000005,-2.2600000000000002,Low,0.793558160586565,0.007447480155328143,0.793558160586565,0.19899435925810693
54.120000000000005,-2.24,Low,0.6730907698857672,0.02343627264003954,0.6730907698857672,0.3034729574741931
54.14,-3.24,High,0.9650651595574159,0.9650651595574159,0.0008487364624649184,0.034086103980118666
54.14,-3.22,High,0.9792932071191939,0.9792932071191939,0.00048253945425157893,0.020224253426554418
54.14,-3.2,High,0.9085594456651447,0.9085594456651447,0.0024473553587075164,0.0889931989761471
54.14,-3.18,High,0.9481703310990945,0.9481703310990945,0.0016289427958553167,0.050200726105049664
54.14,-3.16,High,0.7977126140549265,0.7977126140549265,0.01181967448688062,0.19046771145819302
54.14,-3.14,Medium,0.46481543648868656,0.4245751420069875,0.11060942150432534,0.46481543648868656
54.14,-3.12,High,0.8537472394893433,0.8537472394893433,0.00653667202799596,0.13971608848266123
54.14,-3.1,High,0.9319519446680645,0.9319519446680645,0.0026432564957875665,0.06540479883614844
54.14,-2.8000000000000003,Low,0.694759095288523,0.017230005488940697,0.694759095288523,0.2880108992225363
54.14,-2.7800000000000002,High,0.8553862749195426,0.8553862749195426,0.01318888320151097,0.13142484187894668
54.14,-2.7600000000000002,High,0.9357686117528011,0.9357686117528011,0.0021205686943661962,0.06211081955283266
54.14,-2.74,Medium,0.5326569453356422,0.18101583017604436,0.2863272244883136,0.5326569453356422
54.14,-2.72,Low,0.48912582594509574,0.09022284154752783,0.48912582594509574,0.4206513325073762
54.14,-2.7,High,0.6032463311473477,0.6032463311473477,0.0686484702845405,0.3281051985681118
54.14,-2.68,Medium,0.5125311659401723,0.34531747542518204,0.14215135863464604,0.5125311659401723
54.14,-2.66,Medium,0.49695947286311015,0.07584944244007187,0.4271910846968177,0.49695947286311015
54.14,-2.64,High,0.5777648107265612,0.5777648107265612,0.05205063397652888,0.3701845552969105
54.14,-2.62,High,0.92409371676299,0.92409371676299,0.003058294737725414,0.07284798849928432
54.14,-2.6,High,0.545501665067711,0.545501665067711,0.059629795915534606,0.39486853901675417
54.14,-2.58,High,0.7087587762762285,0.7087587762762285,0.027013249552413826,0.2642279741713576
54.14,-2.56,High,0.71215107912886,0.71215107912886,0.02457577812409275,0.263273142747048
54.14,-2.54,High,0.9354163037610705,0.9354163037610705,0.0029496109797885954,0.06163408525914101
54.14,-2.52,High,0.6074554377535438,0.6074554377535438,0.04185112857486972,0.35069343367158656
54.14,-2.5,High,0.5823219818658218,0.5823219818658218,0.05982458710615393,0.35785343102802436
54.14,-2.48,High,0.93776808112387,0.93776808112387,0.0022485839261998275,0.05998333494992992
54.14,-2.46,High,0.7945267944957309,0.7945267944957309,0.011088367797698548,0.1943848377065703
54.14,-2.44,Medium,0.5092889613565704,0.2614384104090474,0.22927262823438213,0.5092889613565704
54.14,-2.42,Low,0.6899052574464447,0.018510258485099854,0.6899052574464447,0.291584484068456
54.14,-2.38,Low,0.8128905901902563,0.005868394043576709,0.8128905901902563,0.18124101576616736
54.14,-2.32,Low,0.8107476128750793,0.01838456608201587,0.8107476128750793,0.17086782104290535
54.14,-2.3000000000000003,High,0.8194583649848738,0.8194583649848738,0.009989667871507768,0.17055196714361845
54.14,-2.2800000000000002,Low,0.6385586016247188,0.025419340204745303,0.6385586016247188,0.3360220581705357
54.14,-2.24,Low,0.5089805254271745,0.0716047070325326,0.5089805254271745,0.4194147675402929
54.160000000000004,-3.22,High,0.7764793502917986,0.7764793502917986,0.019505609267969425,0.20401504044023183
54.160000000000004,-3.2,High,0.8105703010462791,0.8105703010462791,0.010197635803631427,0.17923206315008955
54.160000000000004,-3.18,High,0.9338784765425311,0.9338784765425311,0.0006357443628574984,0.06548577909461079
54.160000000000004,-3.16,Medium,0.5059725869159685,0.4068554602732826,0.08717195281074888,0.5059725869159685
54.160000000000004,-3.14,High,0.5009382984201666,0.5009382984201666,0.07870374514397542,0.42035795643585755
54.160000000000004,-3.12,High,0.9629864530863785,0.9629864530863785,0.0006670114958381721,0.03634653541778277
54.160000000000004,-3.1,High,0.5613192987952371,0.5613192987952371,0.06826751943224794,0.3704131817725144
54.160000000000004,-3.08,High,0.9058582950286419,0.9058582950286419,0.0041414979769351405,0.09000020699442284
54.160000000000004,-3.06,Medium,0.5599401687539035,0.08507636183592188,0.3549834694101747,0.5599401687539035
54.160000000000004,-2.98,High,0.9716943069234556,0.9716943069234556,0.0009520135519433871,0.027353679524600712
54.160000000000004,-2.96,High,0.4669120859471263,0.4669120859471263,0.10277382602134023,0.43031408803153326
54.160000000000004,-2.94,Medium,0.48041396924120683,0.35834595774700584,0.16124007301178758,0.48041396924120683
54.160000000000004,-2.82,High,0.8003228726033622,0.8003228726033622,0.016668837962754562,0.183008289433883
54.160000000000004,-2.8000000000000003,High,0.5852007531311255,0.5852007531311255,0.05806797044120304,0.35673127642767144
54.160000000000004,-2.7800000000000002,Low,0.5771395926332541,0.04733602999161025,0.5771395926332541,0.37552437737513544
54.160000000000004,-2.7600000000000002,High,0.7435643268932686,0.7435643268932686,0.01690203736627301,0.2395336357404584
54.160000000000004,-2.74,Medium,0.49050590133511657,0.36830536685405546,0.1411887318108281,0.49050590133511657
54.160000000000004,-2.72,High,0.8531568240600887,0.8531568240600887,0.004256082667098663,0.1425870932728123
54.160000000000004,-2.7,Medium,0.514094412942967,0.20920131754406793,0.27670426951296506,0.514094412942967
54.160000000000004,-2.68,Medium,0.5366934110571668,0.14097815866408817,0.3223284302787453,0.5366934110571668
54.160000000000004,-2.66,Low,0.6606187554342372,0.028267031739562715,0.6606187554342372,0.31111421282619983
54.160000000000004,-2.64,Medium,0.5705798818615152,0.12619313743472987,0.30322698070375437,0.5705798818615152
54.160000000000004,-2.62,Medium,0.5234229317819752,0.32377457306840285,0.1528024951496221,0.5234229317819752
54.160000000000004,-2.6,High,0.47037793808153006,0.47037793808153006,0.09093011617896168,0.4386919457395086
54.160000000000004,-2.58,Medium,0.5379676408983243,0.25259337859554176,0.209438980506134,0.5379676408983243
54.160000000000004,-2.56,Medium,0.49040816083129085,0.1493096663644993,0.36028217280420965,0.49040816083129085
54.160000000000004,-2.54,High,0.49503132709215836,0.49503132709215836,0.07244615136077827,0.4325225215470636
54.160000000000004,-2.52,Medium,0.5428937189740254,0.20363690200820764,0.2534693790177673,0.5428937189740254
54.160000000000004,-2.5,High,0.7345261572981643,0.7345261572981643,0.01749308141229215,0.24798076128954374
54.160000000000004,-2.48,High,0.7739507152437187,0.7739507152437187,0.01739932282255937,0.20864996193372157
54.160000000000004,-2.46,High,0.980143717616622,0.980143717616622,0.0005534858453085944,0.01930279653806913
54.160000000000004,-2.44,Low,0.5947060656366553,0.02961832256628227,0.5947060656366553,0.37567561179706266
54.160000000000004,-2.3000000000000003,Medium,0.46365139169035474,0.07330837084881585,0.46304023746082956,0.46365139169035474
54.18,-3.22,High,0.6572973595955698,0.6572973595955698,0.026643502500262463,0.31605913790416795
54.18,-3.2,High,0.9394277854691216,0.9394277854691216,0.0017933139382896404,0.05877890059258803
54.18,-3.18,High,0.3926484490394993,0.3926484490394993,0.24281065447788466,0.36454089648261606
54.18,-3.16,High,0.9498943025487107,0.9498943025487107,0.0016728446570554681,0.04843285279423327
54.18,-3.14,High,0.9558250118260793,0.9558250118260793,0.0031627851143441344,0.04101220305957695
54.18,-3.12,High,0.9556852292575856,0.9556852292575856,0.0010403958772537754,0.04327437486516054
54.18,-3.1,High,0.9723123450929605,0.9723123450929605,0.0005068370277583782,0.02718081787928108
54.18,-3.08,High,0.9055538106146136,0.9055538106146136,0.0022061104707816522,0.09224007891460512
54.18,-3.06,High,0.8939756761164168,0.8939756761164168,0.004926955887614976,0.10109736799596832
54.18,-3.0,Medium,0.4999503338414149,0.09056791611205521,0.4094817500465303,0.4999503338414149
54.18,-2.98,High,0.9378961315520429,0.9378961315520429,0.0027524921399720874,0.05935137630798474
54.18,-2.96,High,0.9248102498522737,0.9248102498522737,0.0027231008418060515,0.07246664930591988
54.18,-2.94,High,0.9606795216535652,0.9606795216535652,0.004132476998119419,0.03518800134831581
54.18,-2.92,High,0.9689027766641847,0.9689027766641847,0.0038645584691873423,0.027232664866628273
54.18,-2.84,Medium,0.46351797569086073,0.416348255711685,0.12013376859745481,0.46351797569086073
54.18,-2.82,High,0.7164715927186767,0.7164715927186767,0.01657202172161677,0.26695638555970624
54.18,-2.8000000000000003,High,0.6238556783259391,0.6238556783259391,0.03920038591864359,0.33694393575541737
54.18,-2.7800000000000002,Medium,0.5317619419399606,0.24651715232113747,0.22172090573890202,0.5317619419399606
54.18,-2.7600000000000002,High,0.8930315891866368,0.8930315891866368,0.0050328344570109125,0.10193557635635249
54.18,-2.74,High,0.9499298674702524,0.9499298674702524,0.0007883920037387918,0.04928174052600846
54.18,-2.72,High,0.9737209610530428,0.9737209610530428,0.001082466689426037,0.02519657225753128
54.18,-2.7,High,0.7997510470018576,0.7997510470018576,0.016141875780559752,0.1841070772175825
54.18,-2.66,Medium,0.5004525011811534,0.07219246251945156,0.42735503629939514,0.5004525011811534
54.18,-2.64,Low,0.5173381054486056,0.07618217405647566,0.5173381054486056,0.40647972049491854
54.18,-2.62,High,0.7347991571918041,0.7347991571918041,0.014443481635957812,0.25075736117223835
54.18,-2.6,High,0.7307324075735729,0.7307324075735729,0.0097428956231293,0.25952469680329765
54.18,-2.58,Medium,0.5410378309977982,0.2556649720220376,0.20329719698016455,0.5410378309977982
54.18,-2.56,High,0.8321137019914809,0.8321137019914809,0.009762144644088812,0.15812415336443034
54.18,-2.54,High,0.6998367974392119,0.6998367974392119,0.02832667839880558,0.2718365241619824
54.18,-2.52,Medium,0.5031084334543715,0.19709328715336027,0.2997982793922683,0.5031084334543715
54.18,-2.5,Low,0.6679763016665039,0.01949086773681134,0.6679763016665039,0.3125328305966846
54.18,-2.46,Low,0.6274143990447372,0.03648929361294529,0.6274143990447372,0.33609630734231744
54.18,-2.44,Low,0.4461455228894714,0.10776729097561581,0.4461455228894714,0.44608718613491233
54.18,-2.42,Low,0.5942013701883612,0.03961562317440536,0.5942013701883612,0.3661830066372333
54.18,-2.4,Low,0.5520998430530839,0.0412145631037718,0.5520998430530839,0.40668559384314434
54.18,-2.32,Medium,0.507865731187004,0.1689629189970151,0.3231713498159811,0.507865731187004
54.2,-3.34,Medium,0.5296611297896636,0.23484430260236835,0.235494567607968,0.5296611297896636
54.2,-3.3200000000000003,Medium,0.5286119209404259,0.3305626527234366,0.14082542633613768,0.5286119209404259
54.2,-3.3000000000000003,High,0.9382305014909214,0.9382305014909214,0.002453785149761146,0.059315713359317464
54.2,-3.2800000000000002,High,0.9208846014862399,0.9208846014862399,0.002452015560166115,0.07666338295359348
54.2,-3.2600000000000002,High,0.93642410470721,0.93642410470721,0.0021903541185720418,0.06138554117421784
54.2,-3.24,Low,0.4988940518319026,0.06955075012107276,0.4988940518319026,0.4315551980470244
54.2,-3.2,High,0.9592416181897042,0.9592416181897042,0.004128078957832372,0.036630302852463624
54.2,-3.18,Medium,0.4944058962854863,0.22579927578831122,0.2797948279262028,0.4944058962854863
54.2,-3.16,Medium,0.4706182843108879,0.17470513920673286,0.3546765764823794,0.4706182843108879
54.2,-3.14,Medium,0.5133987037602415,0.12100263065773856,0.3655986655820201,0.5133987037602415
54.2,-3.12,High,0.8370521400583479,0.8370521400583479,0.0026882528464423467,0.1602596070952097
54.2,-3.1,High,0.966534780115296,0.966534780115296,0.000493569188774096,0.03297165069592975
54.2,-3.08,High,0.9566701200122103,0.9566701200122103,0.00047711082479426565,0.04285276916299557
54.2,-3.06,High,0.9658118351820526,0.9658118351820526,0.0009976143280932296,0.03319055048985316
54.2,-3.02,Low,0.5222773484048014,0.048805522426277816,0.5222773484048014,0.42891712916892133
54.2,-3.0,Medium,0.5351096314540051,0.18534737681884342,0.2795429917271519,0.5351096314540051
54.2,-2.98,Medium,0.5190198869624507,0.38698872738324147,0.09399138565430785,0.5190198869624507
54.2,-2.96,High,0.937126234118452,0.937126234118452,0.0009617903417904119,0.06191197553975746
54.2,-2.94,High,0.9712065221217974,0.9712065221217974,0.0005945592435851306,0.028198918634617636
54.2,-2.92,High,0.9104748131009355,0.9104748131009355,0.0009958829851825848,0.08852930391388097
54.2,-2.9,High,0.9354017950199918,0.9354017950199918,0.007418032439202805,0.057180172540805804
54.2,-2.88,Medium,0.4651541990161428,0.43751192035594216,0.09733388062791479,0.4651541990161428
54.2,-2.86,Medium,0.5127553858486926,0.13999505974893287,0.34724955440237454,0.5127553858486926
54.2,-2.84,High,0.9782433131892668,0.9782433131892668,0.0005541144329550294,0.02120257237777797
54.2,-2.82,High,0.9481008982179491,0.9481008982179491,0.001551854642798836,0.05034724713925156
54.2,-2.8000000000000003,High,0.49014355686520067,0.49014355686520067,0.12623775819150748,0.38361868494329165
54.2,-2.7800000000000002,High,0.7414905692429768,0.7414905692429768,0.02063008519296351,0.23787934556405943
54.2,-2.7600000000000002,High,0.9073598454955217,0.9073598454955217,0.003665620665955709,0.08897453383852322
54.2,-2.74,High,0.9297888042608028,0.9297888042608028,0.0016804099625334606,0.06853078577666345
54.2,-2.72,High,0.8666804006041476,0.8666804006041476,0.009175512339421316,0.12414408705643058
54.2,-2.68,Medium,0.5229142166349139,0.16089644139283968,0.31618934197224624,0.5229142166349139
54.2,-2.66,High,0.7960368108672174,0.7960368108672174,0.01221746480248988,0.19174572433029324
54.2,-2.64,Medium,0.4884917517860965,0.22154968125461605,0.2899585669592877,0.4884917517860965
54.2,-2.62,High,0.9291864731985606,0.9291864731985606,0.0008280371658701592,0.06998548963556844
54.2,-2.6,High,0.9754734752026084,0.9754734752026084,0.0005175406014226259,0.02400898419596874
54.2,-2.58,High,0.893870868025421,0.893870868025421,0.005097779333877764,0.10103135264070084
54.2,-2.56,Medium,0.531408065025303,0.16285074329671115,0.3057411916779856,0.531408065025303
54.2,-2.4,Medium,0.47796421357528046,0.17095242810442735,0.3510833583202922,0.47796421357528046
54.2,-2.36,Low,0.525062795639663,0.049065925209254235,0.525062795639663,0.425871279151083
54.2,-2.34,Low,0.705354247494557,0.02748954235313608,0.705354247494557,0.26715621015230695
54.2,-2.32,Low,0.7081070657900098,0.022827755447253063,0.7081070657900098,0.26906517876273695
54.22,-3.36,Medium,0.5074070616371621,0.052575933715735906,0.44001700464710203,0.5074070616371621
54.22,-3.34,High,0.9314900009217096,0.9314900009217096,0.003319243327610872,0.06519075575067951
54.22,-3.3200000000000003,High,0.9491389372932147,0.9491389372932147,0.001623251298088429,0.04923781140869672
54.22,-3.3000000000000003,Medium,0.4595823630328107,0.3266143372001051,0.21380329976708456,0.4595823630328107
54.22,-3.2800000000000002,High,0.9389712209367456,0.9389712209367456,0.0020415383691452017,0.058987240694109086
54.22,-3.2600000000000002,High,0.91471200306108,0.91471200306108,0.004886367398503501,0.08040162954041653
54.22,-3.2,Medium,0.5022783002996898,0.3104042099756536,0.18731748972465678,0.5022783002996898
54.22,-3.18,High,0.8581367110652152,0.8581367110652152,0.008974197929011002,0.13288909100577362
54.22,-3.14,Low,0.4989134495507137,0.08573768550486294,0.4989134495507137,0.4153488649444235
54.22,-3.12,Medium,0.5741630016635492,0.1892440786518571,0.23659291968459317,0.5741630016635492
54.22,-3.1,High,0.6534664686059237,0.6534664686059237,0.05704991559645342,0.2894836157976225
54.22,-3.08,High,0.8111240856418332,0.8111240856418332,0.011387687990267814,0.1774882263678988
54.22,-3.06,High,0.5922522329373211,0.5922522329373211,0.048393967430195216,0.3593537996324843
54.22,-3.04,Low,0.48998513421680556,0.165708229515974,0.48998513421680556,0.3443066362672203
54.22,-3.02,Low,0.5567729347322546,0.0689721331589779,0.5567729347322546,0.37425493210876754
54.22,-3.0,Medium,0.5271978409866006,0.2100732523293298,0.2627289066840693,0.5271978409866006
54.22,-2.98,Low,0.5332373499352833,0.10261025596067405,0.5332373499352833,0.3641523941040428
54.22,-2.96,High,0.8373891860824848,0.8373891860824848,0.0056847404023155365,0.15692607351519933
54.22,-2.94,High,0.7543810923527084,0.7543810923527084,0.014475376294540638,0.23114353135275095
54.22,-2.92,High,0.5367255748864408,0.5367255748864408,0.060206312989427566,0.40306811212413207
54.22,-2.9,High,0.9539351529169937,0.9539351529169937,0.0018698786516265665,0.044194968431379815
54.22,-2.88,Medium,0.47742848385334824,0.4284845299764721,0.09408698617017949,0.47742848385334824
54.22,-2.86,High,0.5495697037483711,0.5495697037483711,0.05281951728507773,0.397610778966551
54.22,-2.84,Low,0.5483410661805249,0.12720500167821056,0.5483410661805249,0.3244539321412644
54.22,-2.8000000000000003,High,0.9628626059899413,0.9628626059899413,0.0013608278253257366,0.03577656618473333
54.22,-2.7800000000000002,High,0.9273730158254027,0.9273730158254027,0.004920724080974188,0.06770626009362299
54.22,-2.7600000000000002,High,0.9196222829776017,0.9196222829776017,0.001973251440593859,0.07840446558180406
54.22,-2.74,Medium,0.5079950701914604,0.31439449117078416,0.17761043863775608,0.5079950701914604
54.22,-2.72,Medium,0.49033733826423626,0.362436899302332,0.14722576243343205,0.49033733826423626
54.22,-2.68,High,0.6706968924178384,0.6706968924178384,0.027029381712533284,0.3022737258696281
54.22,-2.66,Medium,0.4709541055144528,0.42618703086350945,0.10285886362203761,0.4709541055144528
54.22,-2.64,Medium,0.557604706928051,0.21604427705374543,0.22635101601820312,0.557604706928051
54.22,-2.62,Medium,0.4885181216748885,0.3387033696874752,0.17277850863763633,0.4885181216748885
54.22,-2.6,High,0.7252572023367883,0.7252572023367883,0.016795082581485533,0.25794771508172604
54.22,-2.58,High,0.7300792254942884,0.7300792254942884,0.021974757457239587,0.24794601704847172
54.22,-2.56,Medium,0.5665654559693343,0.26492858120528834,0.16850596282537722,0.5665654559693343
54.22,-2.44,Low,0.8175879327612692,0.006009518266909486,0.8175879327612692,0.17640254897182162
54.22,-2.38,Medium,0.47929281564326603,0.15518648995877968,0.36552069439795465,0.47929281564326603
54.22,-2.34,Medium,0.5280542065935525,0.24330504693416985,0.22864074647227745,0.5280542065935525
54.22,-2.24,Low,0.7609578058497884,0.016350171739195108,0.7609578058497884,0.22269202241101624
54.24,-3.38,Low,0.6758148724630868,0.019672529607783266,0.6758148724630868,0.30451259792912966
54.24,-3.36,High,0.7914579325179524,0.7914579325179524,0.013876776255245794,0.1946652912268019
54.24,-3.34,High,0.6264202505697422,0.6264202505697422,0.04345296435855162,0.33012678507170634
54.24,-3.3200000000000003,Medium,0.5765364557374115,0.21277625891780208,0.21068728534478623,0.5765364557374115
54.24,-3.3000000000000003,Low,0.6489474877336441,0.028516599205137556,0.6489474877336441,0.3225359130612182
54.24,-3.2800000000000002,High,0.5565022157420877,0.5565022157420877,0.0631007777698041,0.3803970064881081
54.24,-3.2600000000000002,High,0.9391572915419303,0.9391572915419303,0.002121167563258818,0.05872154089481065
54.24,-3.24,Medium,0.46811801733689223,0.41834187063819067,0.11354011202491694,0.46811801733689223
54.24,-3.2,Low,0.5118133291460932,0.19119444763638466,0.5118133291460932,0.29699222321752194
54.24,-3.18,High,0.9435247907773,0.9435247907773,0.0016069730300641424,0.05486823619263556
54.24,-3.16,High,0.48878769718005155,0.48878769718005155,0.08296451908172196,0.4282477837382267
54.24,-3.14,High,0.8890335577528085,0.8890335577528085,0.002880935006289187,0.10808550724090235
54.24,-3.12,Medium,0.45418199896258166,0.43296698992722993,0.11285101111018828,0.45418199896258166
54.24,-3.1,High,0.5848467211702733,0.5848467211702733,0.04432917549238233,0.3708241033373447
54.24,-3.08,High,0.6538260714922731,0.6538260714922731,0.043861129403979196,0.30231279910374803
54.24,-3.06,High,0.9662174705459597,0.9662174705459597,0.0006249893241171186,0.03315754012992298
54.24,-3.04,Medium,0.5160527438805069,0.08218933988197666,0.40175791623751683,0.5160527438805069
54.24,-3.02,High,0.9261847302805954,0.9261847302805954,0.0014695972602714997,0.07234567245913257
54.24,-3.0,High,0.9450530826848843,0.9450530826848843,0.002888998761168828,0.05205791855394652
54.24,-2.98,High,0.6984136934729207,0.6984136934729207,0.030225022622469944,0.27136128390460884
54.24,-2.96,Medium,0.47556851537164696,0.38137934958641934,0.1430521350419333,0.47556851537164696
54.24,-2.94,High,0.8701358711759949,0.8701358711759949,0.004894085006930488,0.12497004381707492
54.24,-2.92,High,0.9617443706079714,0.9617443706079714,0.0012170760031620092,0.03703855338886616
54.24,-2.88,High,0.6016983123100851,0.6016983123100851,0.05254020709093941,0.3457614805989758
54.24,-2.86,High,0.820117021987895,0.820117021987895,0.012773648036175611,0.16710932997592912
54.24,-2.84,Medium,0.48442705524031665,0.053765905034913526,0.4618070397247699,0.48442705524031665
54.24,-2.82,Low,0.5674889082556506,0.043778411155706264,0.5674889082556506,0.38873268058864296
54.24,-2.8000000000000003,Low,0.6237297915229657,0.03058761295386986,0.6237297915229657,0.3456825955231642
54.24,-2.7800000000000002,High,0.9100729728212247,0.9100729728212247,0.004318262725159961,0.08560876445361516
54.24,-2.7600000000000002,High,0.7150312703446773,0.7150312703446773,0.027525982817224248,0.25744274683809854
54.24,-2.74,Medium,0.5395106367929228,0.2877756460658092,0.17271371714126793,0.5395106367929228
54.24,-2.72,High,0.8384454297496403,0.8384454297496403,0.006950818706636276,0.15460375154372355
54.24,-2.7,High,0.5741088529451418,0.5741088529451418,0.05304688556778564,0.37284426148707295
54.24,-2.68,Medium,0.5432041674265208,0.21551727786398128,0.2412785547094982,0.5432041674265208
54.24,-2.64,Medium,0.553445928600063,0.10564365418412905,0.3409104172158077,0.553445928600063
54.24,-2.62,Medium,0.5368355235831271,0.27881439794327917,0.184350078473594,0.5368355235831271
54.24,-2.6,Medium,0.48831199883263354,0.3793548094758918,0.1323331916914744,0.48831199883263354
54.24,-2.58,High,0.67998183628246,0.67998183628246,0.03695528673452559,0.2830628769830144
54.24,-2.56,High,0.6997511687421182,0.6997511687421182,0.021530913413540808,0.27871791784434113
54.26,-3.4,Low,0.49209520441601723,0.06915519744102025,0.49209520441601723,0.4387495981429623
54.26,-3.36,Medium,0.5144713698129353,0.326790378138824,0.15873825204824055,0.5144713698129353
54.26,-3.3000000000000003,Medium,0.4742737399926787,0.3882893139191798,0.1374369460881413,0.4742737399926787
54.26,-3.2800000000000002,Medium,0.44629131819242807,0.11521591424905848,0.4384927675585136,0.44629131819242807
54.26,-3.2600000000000002,High,0.8584218501083497,0.8584218501083497,0.008915514545850902,0.1326626353458001
54.26,-3.24,High,0.6352890267097212,0.6352890267097212,0.048505165526822325,0.3162058077634566
54.26,-3.22,High,0.8291043502312371,0.8291043502312371,0.008150328939362099,0.16274532082940085
54.26,-3.2,High,0.8363999252628083,0.8363999252628083,0.009466401963557098,0.15413367277363466
54.26,-3.18,High,0.7173171553790412,0.7173171553790412,0.02066693107709785,0.2620159135438609
54.26,-3.16,High,0.735868428035505,0.735868428035505,0.016136511781257606,0.2479950601832378
54.26,-3.14,Medium,0.5443189815010646,0.17111606877130092,0.2845649497276347,0.5443189815010646
54.26,-3.12,High,0.7697888016837301,0.7697888016837301,0.012871798809648203,0.21733939950662154
54.26,-3.1,High,0.7835126724732936,0.7835126724732936,0.011208086946007676,0.20527924058069885
54.26,-3.08,High,0.9792476523692644,0.9792476523692644,0.0004596727547951969,0.020292674875940424
54.26,-3.06,High,0.9385771509857527,0.9385771509857527,0.002517582159637353,0.05890526685460994
54.26,-3.04,High,0.9204432485449897,0.9204432485449897,0.005597625250323121,0.07395912620468749
54.26,-3.02,High,0.7295386974906968,0.7295386974906968,0.021982238327305906,0.24847906418199725
54.26,-3.0,High,0.8395290957478981,0.8395290957478981,0.010917690466870786,0.14955321378523093
54.26,-2.98,High,0.9424910915980469,0.9424910915980469,0.0015915793285765014,0.055917329073377174
54.26,-2.96,High,0.9597414637165319,0.9597414637165319,0.0010739336737184955,0.039184602609749854
54.26,-2.94,Medium,0.48977921348722137,0.17126858862655184,0.3389521978862268,0.48977921348722137
54.26,-2.92,Medium,0.5059918836545007,0.2283407951736353,0.2656673211718643,0.5059918836545007
54.26,-2.9,Medium,0.5323608508494463,0.29839160277959315,0.16924754637096032,0.5323608508494463
54.26,-2.88,Medium,0.5063659943480733,0.3709019037527397,0.12273210189918707,0.5063659943480733
54.26,-2.86,Medium,0.5027833735856063,0.3516113854884535,0.14560524092594,0.5027833735856063
54.26,-2.84,Medium,0.4758495733466138,0.39360695304420906,0.13054347360917712,0.4758495733466138
54.26,-2.82,Medium,0.48704227194543015,0.32234597473442167,0.19061175332014824,0.48704227194543015
54.26,-2.8000000000000003,High,0.6340879217869735,0.6340879217869735,0.048053911410617316,0.3178581668024092
54.26,-2.7800000000000002,High,0.9109174701142102,0.9109174701142102,0.003990894018129846,0.08509163586766005
54.26,-2.7600000000000002,High,0.5669489613237377,0.5669489613237377,0.07386326313060446,0.359187775545658
54.26,-2.74,High,0.8573603006569515,0.8573603006569515,0.006665810989709906,0.13597388835333815
54.26,-2.72,High,0.773619866885351,0.773619866885351,0.016371768901853778,0.21000836421279537
54.26,-2.7,High,0.9309078786086562,0.9309078786086562,0.0030783457438650933,0.06601377564747866
54.26,-2.68,Medium,0.511127804681553,0.28937566793096975,0.19949652738747667,0.511127804681553
54.26,-2.66,Medium,0.4595984987317776,0.40767843383884267,0.13272306742937995,0.4595984987317776
54.26,-2.64,Low,0.6682949097726003,0.025428607694799422,0.6682949097726003,0.3062764825326003
54.26,-2.6,Medium,0.5124287627422177,0.2673375141126138,0.2202337231451682,0.5124287627422177
54.26,-2.58,Medium,0.5550297925893033,0.23117555382323687,0.21379465358745964,0.5550297925893033
54.26,-2.56,Medium,0.5257546514270183,0.10034253050851567,0.37390281806446596,0.5257546514270183
54.26,-2.44,Medium,0.5533416957397232,0.21165614906971253,0.2350021551905642,0.5533416957397232
54.26,-2.42,Medium,0.4624225108765254,0.15813710623320262,0.3794403828902718,0.4624225108765254
54.26,-2.4,Low,0.6013661258096301,0.047484706230776635,0.6013661258096301,0.3511491679595934
54.26,-2.36,Low,0.6378459721308665,0.024984182892012177,0.6378459721308665,0.3371698449771216
54.26,-2.34,Low,0.47967056991496854,0.07251565475534111,0.47967056991496854,0.44781377532969047
54.28,-3.42,Low,0.7535937139197431,0.015341950450802954,0.7535937139197431,0.23106433562945405
54.28,-3.4,Medium,0.4802563417523941,0.16842411856632375,0.3513195396812824,0.4802563417523941
54.28,-3.38,High,0.8363233137125298,0.8363233137125298,0.008939358048969216,0.1547373282385012
54.28,-3.36,Medium,0.5100237443070393,0.26769861783644716,0.2222776378565136,0.5100237443070393
54.28,-3.2800000000000002,Low,0.8193600180584277,0.006146551182710442,0.8193600180584277,0.17449343075886226
54.28,-3.2600000000000002,Low,0.668776515024027,0.028584713547112773,0.668776515024027,0.3026387714288599
54.28,-3.24,High,0.8528881153441923,0.8528881153441923,0.008090806691128865,0.13902107796467944
54.28,-3.22,High,0.9354378132971043,0.9354378132971043,0.0039505746664123854,0.06061161203648331
54.28,-3.2,Medium,0.5491348639912003,0.20996156776068614,0.2409035682481132,0.5491348639912003
54.28,-3.16,Medium,0.5295731762221607,0.298067431461812,0.172359392316027,0.5295731762221607
54.28,-3.12,High,0.5544741857341746,0.5544741857341746,0.059479517471201546,0.38604629679462404
54.28,-3.1,High,0.8318585917348752,0.8318585917348752,0.00951666359036224,0.1586247446747626
54.28,-3.08,High,0.5760712731187076,0.5760712731187076,0.05795945141044558,0.36596927547084684
54.28,-3.06,Medium,0.504314922813834,0.272897737360691,0.22278733982547486,0.504314922813834
54.28,-3.04,Medium,0.4534440578902613,0.4518650135453051,0.0946909285644334,0.4534440578902613
54.28,-3.02,Medium,0.5445626960838728,0.28682012740674984,0.1686171765093774,0.5445626960838728
54.28,-2.98,High,0.7318774706675555,0.7318774706675555,0.02772175827565516,0.24040077105678934
54.28,-2.96,High,0.9607764050892617,0.9607764050892617,0.0011230207109579821,0.0381005741997798
54.28,-2.94,High,0.5182331347068122,0.5182331347068122,0.07155381748675652,0.41021304780643136
54.28,-2.9,Medium,0.43379177984386935,0.42390618552760345,0.14230203462852706,0.43379177984386935
54.28,-2.88,Low,0.6678441686706483,0.025570272373440478,0.6678441686706483,0.3065855589559111
54.28,-2.84,Medium,0.4689660624507273,0.4365839131833799,0.09445002436589325,0.4689660624507273
54.28,-2.82,Low,0.6971175668020042,0.02044499980372338,0.6971175668020042,0.2824374333942721
54.28,-2.8000000000000003,Medium,0.4916127880208932,0.3210255761234045,0.18736163585570234,0.4916127880208932
54.28,-2.7800000000000002,High,0.7996093228138043,0.7996093228138043,0.014377889755288748,0.186012787430907
54.28,-2.7600000000000002,High,0.48665743119728255,0.48665743119728255,0.09598933191954531,0.41735323688317244
54.28,-2.74,High,0.8826197629617473,0.8826197629617473,0.005966457730515108,0.11141377930773749
54.28,-2.72,High,0.7288596158973722,0.7288596158973722,0.024306002309391728,0.24683438179323608
54.28,-2.68,Medium,0.5257342546373882,0.35135219111570687,0.12291355424690506,0.5257342546373882
54.28,-2.66,Medium,0.47812981148355355,0.3821277916069347,0.13974239690951193,0.47812981148355355
54.28,-2.6,Low,0.5794607105858731,0.04049489443424488,0.5794607105858731,0.3800443949798817
54.28,-2.58,Medium,0.5093173852131754,0.2756352906133735,0.2150473241734508,0.5093173852131754
54.28,-2.48,Medium,0.48988042493216855,0.3260591111056187,0.1840604639622128,0.48988042493216855
54.28,-2.46,High,0.8699519623453373,0.8699519623453373,0.006982999979238116,0.12306503767542418
54.28,-2.44,Medium,0.45820640704696197,0.44400508512029613,0.09778850783274223,0.45820640704696197
54.28,-2.42,Medium,0.5213704283553573,0.1878515341842441,0.29077803746039854,0.5213704283553573
54.28,-2.4,Medium,0.46460739089471126,0.11229385582549689,0.423098753279792,0.46460739089471126
54.28,-2.38,Medium,0.5223081271345901,0.2791112224183959,0.198580650447014,0.5223081271345901
54.28,-2.36,Medium,0.5174389065408316,0.1887572205613087,0.2938038728978599,0.5174389065408316
54.300000000000004,-3.42,Medium,0.5073987680335549,0.2964689257258963,0.19613230624054878,0.5073987680335549
54.300000000000004,-3.4,High,0.8280099515885186,0.8280099515885186,0.010946489929672423,0.1610435584818089
54.300000000000004,-3.38,Medium,0.4554222330600568,0.43293440387254634,0.11164336306739706,0.4554222330600568
54.300000000000004,-3.36,Medium,0.539423010974226,0.19118831525435642,0.26938867377141806,0.539423010974226
54.300000000000004,-3.24,Medium,0.516083019151634,0.30461786996554446,0.17929911088282183,0.516083019151634
54.300000000000004,-3.22,High,0.5950104970257426,0.5950104970257426,0.060719565893731745,0.3442699370805255
54.300000000000004,-3.2,High,0.547797312255111,0.547797312255111,0.05611588169753718,0.39608680604735186
54.300000000000004,-3.18,Medium,0.4998370867226965,0.31738737041780785,0.18277554285949577,0.4998370867226965
54.300000000000004,-3.16,Medium,0.5025755372392998,0.3274143489463766,0.17001011381432385,0.5025755372392998
54.300000000000004,-3.14,Low,0.5430595882703595,0.053293795809204576,0.5430595882703595,0.40364661592043605
54.300000000000004,-3.12,Medium,0.5374344140669617,0.10579540403886184,0.3567701818941766,0.5374344140669617
54.300000000000004,-3.1,High,0.7413351387773206,0.7413351387773206,0.017561717998353085,0.24110314322432633
54.300000000000004,-3.08,Medium,0.4753659673921692,0.4028655792865763,0.12176845332125459,0.4753659673921692
54.300000000000004,-3.04,Medium,0.5329836532560029,0.20176170643929103,0.265254640304706,0.5329836532560029
54.300000000000004,-3.02,High,0.7285712231591333,0.7285712231591333,0.019219277531417486,0.25220949930944975
54.300000000000004,-3.0,High,0.5636241230874379,0.5636241230874379,0.05015316756910729,0.38622270934345465
54.300000000000004,-2.96,Medium,0.4519194120076413,0.4410927280001159,0.10698785999224306,0.4519194120076413
54.300000000000004,-2.94,High,0.7749617957523754,0.7749617957523754,0.015006561917075546,0.21003164233054877
54.300000000000004,-2.92,Medium,0.5576103653348172,0.10279968372175795,0.33958995094342465,0.5576103653348172
54.300000000000004,-2.9,High,0.6840904665293247,0.6840904665293247,0.028474479675582014,0.28743505379509304
54.300000000000004,-2.88,Medium,0.5375522379647518,0.17781033498926338,0.28463742704598516,0.5375522379647518
54.300000000000004,-2.86,High,0.5454317384507976,0.5454317384507976,0.06412788998596491,0.39044037156323713
54.300000000000004,-2.84,High,0.6060732236290771,0.6060732236290771,0.041089267215041386,0.35283750915588125
54.300000000000004,-2.8000000000000003,High,0.7884851106697478,0.7884851106697478,0.01770276481423398,0.1938121245160184
54.300000000000004,-2.7800000000000002,Medium,0.4485786782886112,0.40007588260628707,0.1513454391051017,0.4485786782886112
54.300000000000004,-2.7600000000000002,Medium,0.506748380174129,0.3508741729735798,0.14237744685229126,0.506748380174129
54.300000000000004,-2.74,High,0.957096216266639,0.957096216266639,0.0006984359040167669,0.0422053478293438
54.300000000000004,-2.72,High,0.9673022017643597,0.9673022017643597,0.004187168065818114,0.028510630169822252
54.300000000000004,-2.7,Medium,0.5595108397919286,0.18057001220001814,0.2599191480080536,0.5595108397919286
54.300000000000004,-2.68,High,0.6613381970220138,0.6613381970220138,0.037062536144178586,0.30159926683380744
54.300000000000004,-2.66,High,0.5898083106868666,0.5898083106868666,0.051377112601070155,0.35881457671206346
54.300000000000004,-2.64,Medium,0.5352725477362223,0.0869537122315356,0.377773740032242,0.5352725477362223
54.300000000000004,-2.62,Low,0.7288743532917042,0.01410074095450837,0.7288743532917042,0.2570249057537876
54.300000000000004,-2.6,Medium,0.48673271765668835,0.11252055790731182,0.40074672443599973,0.48673271765668835
54.300000000000004,-2.58,Medium,0.5114082213808431,0.23443045474035562,0.25416132387880164,0.5114082213808431
54.300000000000004,-2.56,Medium,0.48154378291541905,0.3302990132453344,0.1881572038392465,0.48154378291541905
54.300000000000004,-2.52,Medium,0.4780668796932374,0.3892213994493566,0.13271172085740596,0.4780668796932374
54.300000000000004,-2.5,Medium,0.5026498195385338,0.3132997286881123,0.18405045177335425,0.5026498195385338
54.300000000000004,-2.48,Low,0.5369020477680669,0.05179825798455155,0.5369020477680669,0.41129969424738194
54.300000000000004,-2.44,Low,0.6423122949705947,0.017680885132089506,0.6423122949705947,0.3400068198973156
54.300000000000004,-2.42,Low,0.4924353757611478,0.07079198199122663,0.4924353757611478,0.4367726422476252
54.300000000000004,-2.4,Low,0.6894908138337184,0.023141218169622814,0.6894908138337184,0.2873679679966585
54.300000000000004,-2.38,High,0.44119821393495,0.44119821393495,0.14004302046278613,0.4187587656022639
54.300000000000004,-2.36,Low,0.5278381918788647,0.05674384157140043,0.5278381918788647,0.4154179665497344
54.32,-3.4,High,0.46775983035692775,0.46775983035692775,0.10439235087370916,0.42784781876936295
54.32,-3.38,High,0.6603937463364272,0.6603937463364272,0.03537719142479368,0.3042290622387791
54.32,-3.36,Low,0.5992505955323525,0.02527089385473732,0.5992505955323525,0.3754785106129107
54.32,-3.2600000000000002,Medium,0.48868891014282084,0.18958116237237982,0.3217299274847999,0.48868891014282084
54.32,-3.24,Medium,0.5290605767045512,0.1946328855108362,0.27630653778461256,0.5290605767045512
54.32,-3.2,Low,0.5786280564074995,0.033971720759328666,0.5786280564074995,0.3874002228331719
54.32,-3.18,Low,0.6804699345668851,0.02528277173388773,0.6804699345668851,0.29424729369922664
54.32,-3.16,Low,0.6666777549419735,0.028424238209619045,0.6666777549419735,0.3048980068484069
54.32,-3.14,High,0.496291112727715,0.496291112727715,0.0856848482585937,0.41802403901369106
54.32,-3.12,Low,0.5329706182976279,0.061419252164236326,0.5329706182976279,0.4056101295381358
54.32,-3.1,High,0.6728836289979792,0.6728836289979792,0.029391557196706185,0.29772481380531474
54.32,-3.02,High,0.8524755017800567,0.8524755017800567,0.008021443360113628,0.13950305485983022
54.32,-3.0,Medium,0.5642160336920286,0.20072811067931337,0.23505585562865797,0.5642160336920286
54.32,-2.98,High,0.6111714453982905,0.6111714453982905,0.042992194745844564,0.34583635985586525
54.32,-2.96,Medium,0.4971289800347257,0.3379441145331976,0.1649269054320767,0.4971289800347257
54.32,-2.94,High,0.8743776304633845,0.8743776304633845,0.006647514200121084,0.1189748553364944
54.32,-2.92,Low,0.5246034686823092,0.06181057498723749,0.5246034686823092,0.4135859563304532
54.32,-2.9,High,0.4827295424789486,0.4827295424789486,0.08662607053122155,0.43064438698983026
54.32,-2.88,High,0.7952860482168017,0.7952860482168017,0.011959109578078761,0.19275484220511988
54.32,-2.86,High,0.8570173380528293,0.8570173380528293,0.008001357902269213,0.13498130404490105
54.32,-2.84,Medium,0.5658420388710167,0.21328947520924324,0.2208684859197399,0.5658420388710167
54.32,-2.82,High,0.8194951790295952,0.8194951790295952,0.012073495707907264,0.16843132526249743
54.32,-2.8000000000000003,Medium,0.4911792405675434,0.3705247437688884,0.13829601566356853,0.4911792405675434
54.32,-2.7800000000000002,Medium,0.46913272808179246,0.08186055833579896,0.4490067135824084,0.46913272808179246
54.32,-2.7600000000000002,High,0.9635104490219368,0.9635104490219368,0.0007384619943284784,0.03575108898373496
54.32,-2.74,High,0.925735361355486,0.925735361355486,0.0008781353695177176,0.07338650327499542
54.32,-2.72,High,0.9706503318649731,0.9706503318649731,0.00047155875673708756,0.02887810937828967
54.32,-2.7,High,0.7589237122746062,0.7589237122746062,0.016913730197914353,0.22416255752747952
54.32,-2.68,Medium,0.5207567458861427,0.20498030390584926,0.27426295020800806,0.5207567458861427
54.32,-2.66,Medium,0.5415948221590725,0.1644359121383448,0.29396926570258275,0.5415948221590725
54.32,-2.64,Medium,0.5211580018370999,0.2645376143160417,0.21430438384685815,0.5211580018370999
54.32,-2.62,Low,0.6115647220972062,0.03247409554027333,0.6115647220972062,0.3559611823625201
54.32,-2.6,Low,0.7418648525442403,0.007369285606089651,0.7418648525442403,0.25076586184967053
54.32,-2.58,Medium,0.5382111443814555,0.19199538386654033,0.2697934717520042,0.5382111443814555
54.32,-2.56,High,0.5638196208705843,0.5638196208705843,0.05910983963985259,0.3770705394895631
54.32,-2.54,High,0.9187501043183512,0.9187501043183512,0.0018308343477833966,0.07941906133386477
54.32,-2.52,High,0.9632445030121319,0.9632445030121319,0.004148176189281863,0.03260732079858644
54.32,-2.5,High,0.6617771185324431,0.6617771185324431,0.03215216920379776,0.306070712263759
54.32,-2.48,Medium,0.508919211034781,0.2496749038023175,0.24140588516290104,0.508919211034781
54.32,-2.46,Low,0.5948058799148717,0.04055334702997175,0.5948058799148717,0.36464077305515663
54.32,-2.44,Low,0.5147082153806584,0.06140592353346753,0.5147082153806584,0.42388586108587395
54.32,-2.42,Low,0.7793734296973188,0.009875816989014866,0.7793734296973188,0.21075075331366605
54.32,-2.36,Low,0.6821797436395229,0.04184032645003092,0.6821797436395229,0.2759799299104463
54.32,-2.34,Medium,0.506915989662136,0.19475101418957189,0.298332996148292,0.506915989662136
54.32,-2.32,Medium,0.5415285925935978,0.2023406245783274,0.2561307828280747,0.5415285925935978
54.34,-3.4,Medium,0.5623321702935128,0.2579465503846725,0.17972127932181448,0.5623321702935128
54.34,-3.38,High,0.4947236395170301,0.4947236395170301,0.06965517166060456,0.43562118882236583
54.34,-3.36,High,0.6147440395854236,0.6147440395854236,0.040334763823717215,0.34492119659085946
54.34,-3.24,Medium,0.5082512147498238,0.14977133651498145,0.3419774487351947,0.5082512147498238
54.34,-3.22,Medium,0.5151256298189203,0.32204335468724965,0.16283101549383056,0.5151256298189203
54.34,-3.14,Low,0.6782682263688906,0.020193312447700316,0.6782682263688906,0.30153846118340877
54.34,-3.12,Medium,0.5170025763298656,0.15883591343266987,0.32416151023746487,0.5170025763298656
54.34,-3.1,High,0.8929622967171946,0.8929622967171946,0.0125058237367699,0.09453187954603505
54.34,-3.08,Low,0.5159328217958312,0.0911897678386849,0.5159328217958312,0.3928774103654842
54.34,-3.06,High,0.4617164740175842,0.4617164740175842,0.1251294834139055,0.41315404256851
54.34,-3.04,Medium,0.5317290790944259,0.16607495528527808,0.30219596562029616,0.5317290790944259
54.34,-3.02,High,0.5598224908208564,0.5598224908208564,0.05958873797434392,0.38058877120479984
54.34,-3.0,Medium,0.4855724881555154,0.3574686992117501,0.15695881263273484,0.4855724881555154
54.34,-2.98,High,0.6766306153519065,0.6766306153519065,0.03452644411969514,0.2888429405283983
54.34,-2.96,High,0.7210903122709976,0.7210903122709976,0.023652432871522598,0.2552572548574798
54.34,-2.94,High,0.8097581844292533,0.8097581844292533,0.00991898739452225,0.1803228281762242
54.34,-2.92,High,0.881457731081633,0.881457731081633,0.007445609657108426,0.11109665926125864
54.34,-2.9,High,0.7495987202153565,0.7495987202153565,0.023267035294603642,0.22713424449003988
54.34,-2.88,High,0.5341709048589843,0.5341709048589843,0.06541646523173857,0.400412629909277
54.34,-2.86,Medium,0.48888646422852317,0.4006950641870336,0.1104184715844435,0.48888646422852317
54.34,-2.84,High,0.5698820328742827,0.5698820328742827,0.03769216433363439,0.3924258027920826
54.34,-2.82,High,0.656764926754498,0.656764926754498,0.030816733596960293,0.3124183396485416
54.34,-2.8000000000000003,High,0.461993637587209,0.461993637587209,0.0966466363676123,0.44135972604517887
54.34,-2.7800000000000002,High,0.5836140336101753,0.5836140336101753,0.0535183067496112,0.36286765964021356
54.34,-2.7600000000000002,High,0.961793895825339,0.961793895825339,0.0007177707223622289,0.03748833345229876
54.34,-2.74,High,0.9221626306247421,0.9221626306247421,0.0007481685109719159,0.0770892008642851
54.34,-2.72,High,0.8158207643007578,0.8158207643007578,0.011387575715018538,0.17279165998422402
54.34,-2.7,Low,0.6306271219406665,0.013476267492653914,0.6306271219406665,0.35589661056667965
54.34,-2.68,Medium,0.534259328121256,0.11206687280051943,0.3536737990782244,0.534259328121256
54.34,-2.66,Medium,0.5439653207466211,0.22424339434292787,0.2317912849104512,0.5439653207466211
54.34,-2.64,Low,0.4816602769619464,0.08110899291913774,0.4816602769619464,0.437230730118916
54.34,-2.62,Medium,0.4914131287903234,0.10548302890074175,0.40310384230893503,0.4914131287903234
54.34,-2.58,Medium,0.5184458955073769,0.08699506652686859,0.39455903796575464,0.5184458955073769
54.34,-2.56,High,0.46434446822943004,0.46434446822943004,0.11842335799351768,0.4172321737770519
54.34,-2.5,Medium,0.5391959490442165,0.11413277836156482,0.3466712725942186,0.5391959490442165
54.34,-2.48,Medium,0.503098525202322,0.363256267187891,0.1336452076097876,0.503098525202322
54.34,-2.32,Medium,0.4715229042656654,0.4451645710676327,0.0833125246667024,0.4715229042656654
54.34,-2.3000000000000003,Low,0.7255350584758555,0.014891931328736018,0.7255350584758555,0.25957301019540874
54.36,-3.42,High,0.4695136590371342,0.4695136590371342,0.07237672536678201,0.45810961559608393
54.36,-3.4,High,0.7601775608042489,0.7601775608042489,0.016061360602967534,0.22376107859278385
54.36,-3.38,Medium,0.4546020493517966,0.4538637892580422,0.09153416139016125,0.4546020493517966
54.36,-3.36,Medium,0.5212911069599492,0.24491490367004418,0.2337939893700067,0.5212911069599492
54.36,-3.34,Medium,0.5194079136743442,0.25696929146509373,0.22362279486056227,0.5194079136743442
54.36,-3.2800000000000002,Low,0.622269350112757,0.040767764071824156,0.622269350112757,0.33696288581541906
54.36,-3.2,Medium,0.5008218536039274,0.1576354330141587,0.34154271338191394,0.5008218536039274
54.36,-3.18,Low,0.45117364192606735,0.10801773613786304,0.45117364192606735,0.44080862193606957
54.36,-3.08,High,0.9175022499025477,0.9175022499025477,0.002303680977436563,0.0801940691200155
54.36,-3.06,High,0.5341240870387178,0.5341240870387178,0.06973216710713577,0.3961437458541463
54.36,-3.04,Low,0.6011107659058426,0.043242553807555234,0.6011107659058426,0.35564668028660223
54.36,-3.02,Medium,0.5137300865151664,0.1576989343891286,0.32857097909570515,0.5137300865151664
54.36,-3.0,High,0.9645076002826809,0.9645076002826809,0.0008349457294111974,0.03465745398790736
54.36,-2.98,High,0.9374922746404905,0.9374922746404905,0.0016297681961963209,0.060877957163313255
54.36,-2.96,High,0.5788795249108061,0.5788795249108061,0.04846989850198309,0.3726505765872109
54.36,-2.94,Medium,0.5453713301458765,0.2755147372236466,0.1791139326304768,0.5453713301458765
54.36,-2.92,High,0.9710966718577043,0.9710966718577043,0.00047651399708965414,0.028426814145205717
54.36,-2.9,High,0.9750769373610533,0.9750769373610533,0.0005161269051941924,0.024406935733752654
54.36,-2.88,Low,0.4890936656229659,0.15030626939460656,0.4890936656229659,0.36060006498242747
54.36,-2.86,Medium,0.4774407009036443,0.08000183585713361,0.4425574632392219,0.4774407009036443
54.36,-2.84,Medium,0.482664846214775,0.40567901081889735,0.11165614296632763,0.482664846214775
54.36,-2.82,High,0.5951620662919971,0.5951620662919971,0.05143623979220162,0.3534016939158016
54.36,-2.8000000000000003,High,0.4727148910227641,0.4727148910227641,0.09084372850157937,0.4364413804756568
54.36,-2.7800000000000002,High,0.8735409972447095,0.8735409972447095,0.006289810577483864,0.12016919217780636
54.36,-2.7600000000000002,High,0.9561900899082871,0.9561900899082871,0.003301427817664834,0.04050848227404838
54.36,-2.74,High,0.5872204299604731,0.5872204299604731,0.06244503651967403,0.3503345335198527
54.36,-2.72,High,0.7443314782095308,0.7443314782095308,0.01428015422662584,0.2413883675638437
54.36,-2.7,High,0.5014497247302991,0.5014497247302991,0.06429824081034147,0.4342520344593595
54.36,-2.68,High,0.5035340853100356,0.5035340853100356,0.06186505048236144,0.43460086420760313
54.36,-2.66,High,0.7560987112185161,0.7560987112185161,0.01785097781651193,0.22605031096497202
54.36,-2.64,High,0.6487455268365635,0.6487455268365635,0.04479886431287812,0.30645560885055845
54.36,-2.62,High,0.7649667822624059,0.7649667822624059,0.02162803295903796,0.21340518477855602
54.36,-2.6,High,0.6138388107178292,0.6138388107178292,0.03727638172876333,0.34888480755340723
54.36,-2.58,Medium,0.48722536931132554,0.34347377772376925,0.16930085296490507,0.48722536931132554
54.36,-2.56,Medium,0.4703984995466447,0.3960306045937687,0.1335708958595869,0.4703984995466447
54.36,-2.48,Low,0.6855717478064518,0.03261593865231174,0.6855717478064518,0.28181231354123654
54.36,-2.46,Low,0.4997307982456906,0.06336017739639817,0.4997307982456906,0.436909024357911
54.38,-3.46,High,0.5564048531971685,0.5564048531971685,0.0675361598675682,0.3760589869352631
54.38,-3.44,High,0.895992078787425,0.895992078787425,0.005157057980539104,0.09885086323203572
54.38,-3.42,High,0.8423060118540617,0.8423060118540617,0.006229424133620226,0.1514645640123177
54.38,-3.4,High,0.9218879499795601,0.9218879499795601,0.0016386798989173254,0.07647337012152232
54.38,-3.38,High,0.4525835295739048,0.4525835295739048,0.0992282726417669,0.44818819778432856
54.38,-3.36,Medium,0.55179596547134,0.2429365607617218,0.20526747376693852,0.55179596547134
54.38,-3.34,High,0.5436523745460463,0.5436523745460463,0.0773067384696451,0.3790408869843085
54.38,-3.3200000000000003,High,0.7598170057448996,0.7598170057448996,0.02117017450424048,0.21901281975085968
54.38,-3.18,Low,0.6371968577804095,0.02858179503417169,0.6371968577804095,0.3342213471854187
54.38,-3.1,Medium,0.529900920249148,0.13808582218109,0.3320132575697622,0.529900920249148
54.38,-3.08,Medium,0.5245328873285539,0.36453684031719114,0.11093027235425502,0.5245328873285539
54.38,-3.06,High,0.6122567239925273,0.6122567239925273,0.04597669218051826,0.3417665838269543
54.38,-3.04,Medium,0.5054428177039412,0.1684538563037057,0.3261033259923532,0.5054428177039412
54.38,-3.02,High,0.8732737358979813,0.8732737358979813,0.005034143228010166,0.12169212087400819
54.38,-3.0,High,0.9676765502923024,0.9676765502923024,0.0008396721249971239,0.03148377758270079
54.38,-2.98,Medium,0.5710516425879159,0.20172723712617993,0.2272211202859042,0.5710516425879159
54.38,-2.96,Medium,0.5136643023654299,0.23726062759545263,0.24907507003911747,0.5136643023654299
54.38,-2.94,Low,0.6439628509292254,0.06135982831875262,0.6439628509292254,0.2946773207520215
54.38,-2.92,High,0.960327483842429,0.960327483842429,0.004240277772079428,0.0354322383854915
54.38,-2.9,High,0.8646638294903801,0.8646638294903801,0.0015379786788545123,0.13379819183076497
54.38,-2.88,High,0.5195346344985922,0.5195346344985922,0.08457469846487148,0.3958906670365368
54.38,-2.86,High,0.7660183191156139,0.7660183191156139,0.012469756816649054,0.22151192406773734
54.38,-2.84,Medium,0.5040242481854796,0.2810118444589646,0.2149639073555558,0.5040242481854796
54.38,-2.82,High,0.9504812168475896,0.9504812168475896,0.0020157003826301455,0.04750308276978034
54.38,-2.8000000000000003,High,0.5264726483087863,0.5264726483087863,0.07095917845814279,0.4025681732330715
54.38,-2.7800000000000002,Medium,0.4683568848330522,0.36218347873094314,0.16945963643600448,0.4683568848330522
54.38,-2.7600000000000002,Low,0.629690779049847,0.025321680805694205,0.629690779049847,0.3449875401444587
54.38,-2.74,Medium,0.5148151751474708,0.35991281185256035,0.12527201299996865,0.5148151751474708
54.38,-2.72,High,0.7196839654525808,0.7196839654525808,0.024281547272944837,0.25603448727447453
54.38,-2.7,High,0.48098113528990083,0.48098113528990083,0.0730884240148706,0.44593044069522847
54.38,-2.68,Medium,0.4969655906740767,0.368829915704244,0.13420449362167886,0.4969655906740767
54.38,-2.66,Medium,0.4862533670420885,0.16887268773056782,0.3448739452273438,0.4862533670420885
54.38,-2.64,Low,0.4803691676344109,0.0482784463742246,0.4803691676344109,0.4713523859913648
54.38,-2.62,Low,0.4910479061154035,0.026398654561091642,0.4910479061154035,0.4825534393235049
54.38,-2.58,Low,0.5275714282949773,0.06335538858532556,0.5275714282949773,0.40907318311969687
54.38,-2.56,Low,0.624856261910274,0.019224533528664337,0.624856261910274,0.3559192045610618
54.38,-2.54,Low,0.6356480106463304,0.030147615603498962,0.6356480106463304,0.33420437375017065
54.38,-2.46,Low,0.612329945970648,0.0412085631605579,0.612329945970648,0.34646149086879374
54.38,-2.44,Low,0.6385822615226375,0.036920067850004595,0.6385822615226375,0.3244976706273578
54.38,-2.42,Low,0.5897749050712765,0.04222916087409374,0.5897749050712765,0.3679959340546297
54.38,-2.34,Low,0.5369928144280834,0.06454691616975042,0.5369928144280834,0.39846026940216595
54.4,-3.48,High,0.9140462381420984,0.9140462381420984,0.0021835445268845997,0.0837702173310166
54.4,-3.46,Medium,0.5406585237654283,0.2509306877479974,0.20841078848657418,0.5406585237654283
54.4,-3.44,Medium,0.47366532467889483,0.41807902243919287,0.10825565288191212,0.47366532467889483
54.4,-3.42,Medium,0.5135190555465724,0.3287332734697798,0.1577476709836477,0.5135190555465724
54.4,-3.4,High,0.5238787465919582,0.5238787465919582,0.08945766009302314,0.38666359331501854
54.4,-3.38,High,0.7295498233404203,0.7295498233404203,0.019233442531907213,0.25121673412767254
54.4,-3.36,Medium,0.46546585755834585,0.07579546404348889,0.45873867839816573,0.46546585755834585
54.4,-3.34,Medium,0.5385976908210377,0.15452550217092356,0.30687680700803854,0.5385976908210377
54.4,-3.3200000000000003,High,0.48193711042475423,0.48193711042475423,0.07845493016583999,0.4396079594094061
54.4,-3.3000000000000003,Low,0.6588225261482524,0.028226079451681554,0.6588225261482524,0.31295139440006603
54.4,-3.2800000000000002,High,0.586640513103077,0.586640513103077,0.052935909184102216,0.36042357771282096
54.4,-3.24,Low,0.8167749676226249,0.006709874336269194,0.8167749676226249,0.17651515804110615
54.4,-3.16,Low,0.8061123376662865,0.008021816972366142,0.8061123376662865,0.18586584536134723
54.4,-3.06,Medium,0.5432474687247497,0.2255940126187601,0.23115851865649042,0.5432474687247497
54.4,-3.04,Low,0.5803054686573785,0.032118182723889575,0.5803054686573785,0.38757634861873164
54.4,-3.02,Medium,0.5037312479086316,0.07642544900406563,0.419843303087303,0.5037312479086316
54.4,-3.0,High,0.7832152448386634,0.7832152448386634,0.010369255634823915,0.2064154995265123
54.4,-2.98,High,0.5585962596800284,0.5585962596800284,0.05466577915744996,0.38673796116252207
54.4,-2.96,High,0.6601364338610196,0.6601364338610196,0.02546788944543367,0.3143956766935467
54.4,-2.94,High,0.873111773018906,0.873111773018906,0.015914236895832292,0.11097399008526165
54.4,-2.92,High,0.9563913073191118,0.9563913073191118,0.005140538282741061,0.038468154398147096
54.4,-2.9,High,0.6131318141970683,0.6131318141970683,0.04674871669475786,0.3401194691081743
54.4,-2.88,Medium,0.5199536866109306,0.3330682776666704,0.1469780357223992,0.5199536866109306
54.4,-2.84,Medium,0.5450694064857298,0.20019752149789866,0.25473307201637163,0.5450694064857298
54.4,-2.82,Medium,0.47883502672919975,0.3945588835859152,0.12660608968488515,0.47883502672919975
54.4,-2.8000000000000003,Medium,0.4918722255043543,0.057443448968040295,0.4506843255276054,0.4918722255043543
54.4,-2.7600000000000002,Low,0.7813914506012525,0.00849469160678894,0.7813914506012525,0.21011385779195846
54.4,-2.72,High,0.5462285465793435,0.5462285465793435,0.0709639470855619,0.3828075063350944
54.4,-2.7,Low,0.5308063482630818,0.04378866650301219,0.5308063482630818,0.4254049852339062
54.4,-2.68,Low,0.5355455623540789,0.06411484052972277,0.5355455623540789,0.4003395971161981
54.4,-2.64,Low,0.8224681852704198,0.006890431797423317,0.8224681852704198,0.17064138293215744
54.4,-2.6,Low,0.5291395433656024,0.06053226030252002,0.5291395433656024,0.4103281963318781
54.4,-2.58,Medium,0.48867924115701555,0.12647053583762147,0.38485022300536315,0.48867924115701555
54.4,-2.42,Low,0.6001759163092604,0.04681124409285694,0.6001759163092604,0.35301283959788315
54.4,-2.4,Low,0.5103839790935862,0.07057632867953449,0.5103839790935862,0.4190396922268792
54.4,-2.34,Medium,0.5162025938618813,0.1660030212719689,0.3177943848661498,0.5162025938618813
54.42,-3.52,Medium,0.4826950955524022,0.4343046798840453,0.08300022456355269,0.4826950955524022
54.42,-3.5,Medium,0.49624566365953987,0.13114804183728077,0.3726062945031795,0.49624566365953987
54.42,-3.48,Medium,0.6183740562709609,0.15314882273516317,0.2284771209938756,0.6183740562709609
54.42,-3.46,High,0.6254988054375432,0.6254988054375432,0.03813608691817846,0.33636510764427835
54.42,-3.44,High,0.9472805578647976,0.9472805578647976,0.001666519257637713,0.051052922877564445
54.42,-3.42,High,0.9593872485340446,0.9593872485340446,0.0012799560974174529,0.0393327953685375
54.42,-3.4,Medium,0.487450404669318,0.05881269438602622,0.45373690094465585,0.487450404669318
54.42,-3.38,Medium,0.5664012272781346,0.2080449667683578,0.22555380595350788,0.5664012272781346
54.42,-3.36,Medium,0.5197756531570545,0.28837405983629244,0.19185028700665321,0.5197756531570545
54.42,-3.34,Low,0.7133983249862177,0.006830309637811335,0.7133983249862177,0.2797713653759712
54.42,-3.3200000000000003,Low,0.46908518715409847,0.06787476689574008,0.46908518715409847,0.46304004595016157
54.42,-3.08,Low,0.5104754937117632,0.0638169268450698,0.5104754937117632,0.4257075794431669
54.42,-3.06,High,0.5203329360561347,0.5203329360561347,0.07159013445280062,0.40807692949106444
54.42,-3.04,Medium,0.4491615760508859,0.4221953277482814,0.12864309620083295,0.4491615760508859
54.42,-3.02,High,0.9100230791624542,0.9100230791624542,0.0037810039207215092,0.08619591691682471
54.42,-3.0,High,0.6964351694602151,0.6964351694602151,0.02489848825987667,0.2786663422799084
54.42,-2.98,High,0.9463606125701552,0.9463606125701552,0.003473782423604487,0.05016560500624014
54.42,-2.96,High,0.8594361504089453,0.8594361504089453,0.0016061578955150675,0.13895769169553918
54.42,-2.94,High,0.5377352419689194,0.5377352419689194,0.0717397982564271,0.39052495977465335
54.42,-2.92,High,0.6659864639012114,0.6659864639012114,0.027999744898665618,0.30601379120012306
54.42,-2.9,High,0.708828851016425,0.708828851016425,0.02218355136002094,0.26898759762355434
54.42,-2.84,Medium,0.5048646462023234,0.2982673583000588,0.19686799549761816,0.5048646462023234
54.42,-2.7800000000000002,Medium,0.4803577646173311,0.09991861795919547,0.41972361742347347,0.4803577646173311
54.42,-2.7600000000000002,Low,0.8143754854276836,0.007058411716292667,0.8143754854276836,0.17856610285602414
54.42,-2.7,Medium,0.509230886391699,0.14797942587334195,0.3427896877349593,0.509230886391699
54.42,-2.6,High,0.7435786719108922,0.7435786719108922,0.021560858889557066,0.2348604691995505
54.42,-2.58,Low,0.5734132922437002,0.03318416760045959,0.5734132922437002,0.39340254015584003
54.42,-2.48,Medium,0.5755091509873039,0.16496943957733787,0.2595214094353582,0.5755091509873039
54.42,-2.44,High,0.5942333322061092,0.5942333322061092,0.04792421229299983,0.35784245550089144
54.42,-2.42,High,0.8252126066688603,0.8252126066688603,0.012292462452508457,0.16249493087863126
54.42,-2.4,Medium,0.47862325697542074,0.40763930043649294,0.1137374425880859,0.47862325697542074
54.42,-2.34,Low,0.4457181205621436,0.11998520579867682,0.4457181205621436,0.43429667363917956
54.44,-3.54,High,0.7217301591815172,0.7217301591815172,0.015468369601960352,0.26280147121652264
54.44,-3.52,High,0.871899556357303,0.871899556357303,0.009005768204512677,0.11909467543818394
54.44,-3.5,High,0.5618519804367924,0.5618519804367924,0.05977207169144319,0.3783759478717647
54.44,-3.48,High,0.8178800524607348,0.8178800524607348,0.012355659907251609,0.16976428763201362
54.44,-3.46,High,0.7358936284125478,0.7358936284125478,0.027222885990955875,0.236883485596496
54.44,-3.42,Low,0.593577797882262,0.055565898553830644,0.593577797882262,0.3508563035639073
54.44,-3.36,Low,0.5769076219667195,0.03657475692728552,0.5769076219667195,0.38651762110599514
54.44,-3.34,Medium,0.4971488348086179,0.17892743025890437,0.32392373493247784,0.4971488348086179
54.44,-3.12,Low,0.6727551876530032,0.019949332756885953,0.6727551876530032,0.3072954795901108
54.44,-3.1,Low,0.6375384732063266,0.029566978141320033,0.6375384732063266,0.33289454865235313
54.44,-3.08,Medium,0.5506197639641667,0.20387159745882713,0.24550863857700636,0.5506197639641667
54.44,-3.06,High,0.7453720023510775,0.7453720023510775,0.019678702067939768,0.23494929558098285
54.44,-3.04,High,0.9293431741840991,0.9293431741840991,0.0025755670158566298,0.06808125880004433
54.44,-3.02,High,0.47826346937293124,0.47826346937293124,0.09335170969887324,0.4283848209281955
54.44,-2.98,High,0.656757044133895,0.656757044133895,0.04057270068788192,0.30267025517822244
54.44,-2.96,High,0.9605514369905486,0.9605514369905486,0.0005135077943233435,0.03893505521512777
54.44,-2.9,Medium,0.5451513752910212,0.18403083405164739,0.2708177906573311,0.5451513752910212
54.44,-2.84,Medium,0.45311895704684946,0.09443789366459532,0.452443149288555,0.45311895704684946
54.44,-2.82,Low,0.725452428597877,0.015637469413030586,0.725452428597877,0.25891010198909276
54.44,-2.8000000000000003,Low,0.5295449662306045,0.06378418405529511,0.5295449662306045,0.40667084971410034
54.44,-2.7,Low,0.6266201034186577,0.027116579412026262,0.6266201034186577,0.3462633171693162
54.44,-2.64,Low,0.4928266356228716,0.082584772407271,0.4928266356228716,0.42458859196985743
54.44,-2.62,Medium,0.5586081517093929,0.2703150807982262,0.1710767674923811,0.5586081517093929
54.44,-2.6,High,0.9558596193112368,0.9558596193112368,0.0015194748608244129,0.04262090582793845
54.44,-2.58,High,0.5765001092568922,0.5765001092568922,0.057704063935674475,0.36579582680743344
54.44,-2.56,High,0.4605012796219378,0.4605012796219378,0.09540147480823706,0.44409724556982527
54.44,-2.54,Medium,0.4874027878110241,0.3623605425923147,0.1502366695966611,0.4874027878110241
54.44,-2.52,Medium,0.5442645638480399,0.27594530330375916,0.17979013284820128,0.5442645638480399
54.44,-2.5,Low,0.5012196630270533,0.0646714082898159,0.5012196630270533,0.4341089286831307
54.44,-2.48,High,0.5543231819792088,0.5543231819792088,0.05037857721647737,0.3952982408043142
54.44,-2.46,High,0.9238469445391618,0.9238469445391618,0.0032784672924290725,0.07287458816840889
54.44,-2.44,High,0.44581547626719037,0.44581547626719037,0.11243061093731507,0.4417539127954946
54.44,-2.42,High,0.6257648803261332,0.6257648803261332,0.03849157099478783,0.33574354867907913
54.44,-2.4,Low,0.65898982341517,0.02895045031107101,0.65898982341517,0.3120597262737589
54.44,-2.36,Medium,0.57772338214014,0.22969759638344006,0.1925790214764199,0.57772338214014
54.44,-2.34,Low,0.48553748614065506,0.03994942708014159,0.48553748614065506,0.4745130867792031
54.46,-3.58,Medium,0.5165416519796695,0.21997737711053822,0.2634809709097922,0.5165416519796695
54.46,-3.56,High,0.8995899003286136,0.8995899003286136,0.005649512272778093,0.09476058739860814
54.46,-3.54,Medium,0.4846238089720012,0.42330783781703984,0.09206835321095821,0.4846238089720012
54.46,-3.52,High,0.9302825012269637,0.9302825012269637,0.003393680337385429,0.06632381843565094
54.46,-3.5,High,0.5940486976351552,0.5940486976351552,0.05200857438470864,0.35394272798013676
54.46,-3.48,Medium,0.6058751363102178,0.12208419222097248,0.27204067146880945,0.6058751363102178
54.46,-3.2600000000000002,Low,0.5300564729762239,0.04892432370339111,0.5300564729762239,0.4210192033203851
54.46,-3.08,Medium,0.5015729896420243,0.12311478722060601,0.3753122231373698,0.5015729896420243
54.46,-3.06,Medium,0.5364963972491568,0.13907325186343375,0.3244303508874096,0.5364963972491568
54.46,-3.04,High,0.53288742075982,0.53288742075982,0.04323113224308754,0.42388144699709257
54.46,-3.02,High,0.9280809369402669,0.9280809369402669,0.005896129148152891,0.06602293391158005
54.46,-3.0,Low,0.5780268074527106,0.028864506592535918,0.5780268074527106,0.39310868595475357
54.46,-2.98,Low,0.4590512489026347,0.1623501612509547,0.4590512489026347,0.3785985898464108
54.46,-2.82,Low,0.7439807897269104,0.019361415967416654,0.7439807897269104,0.23665779430567294
54.46,-2.64,Low,0.5447975266471509,0.05711546982773583,0.5447975266471509,0.39808700352511295
54.46,-2.62,Medium,0.4465467069552212,0.15184947294605483,0.4016038200987237,0.4465467069552212
54.46,-2.6,High,0.9496115806940162,0.9496115806940162,0.0014697271018463776,0.04891869220413697
54.46,-2.58,High,0.968776010242481,0.968776010242481,0.0008873691569498237,0.03033662060056919
54.46,-2.56,Medium,0.5411787576468489,0.15353107455890555,0.30529016779424595,0.5411787576468489
54.46,-2.54,Medium,0.5329649932504932,0.19799556266408158,0.26903944408542574,0.5329649932504932
54.46,-2.52,Low,0.7065790873717155,0.01807696621185975,0.7065790873717155,0.2753439464164246
54.46,-2.48,Low,0.48657061825240355,0.12648055314247653,0.48657061825240355,0.38694882860512025
54.46,-2.46,Medium,0.44336877132000363,0.13822073174733465,0.4184104969326618,0.44336877132000363
54.46,-2.4,Medium,0.4892875810002104,0.3406847158299184,0.17002770316987115,0.4892875810002104
54.46,-2.38,Low,0.4862656073147776,0.06648699002003661,0.4862656073147776,0.4472474026651859
54.46,-2.36,High,0.92377678447144,0.92377678447144,0.0037937190166569094,0.0724294965119028
54.46,-2.34,High,0.4958249700677262,0.4958249700677262,0.0674632740083808,0.4367117559238931
54.480000000000004,-3.6,Low,0.611662933660999,0.027262392521305256,0.611662933660999,0.361074673817696
54.480000000000004,-3.58,High,0.8310051960377136,0.8310051960377136,0.008296075632386414,0.1606987283299003
54.480000000000004,-3.56,Medium,0.5376261639068901,0.26762006143789324,0.19475377465521684,0.5376261639068901
54.480000000000004,-3.54,High,0.9592503936198029,0.9592503936198029,0.00405661877844257,0.03669298760175463
54.480000000000004,-3.52,High,0.9620607948294623,0.9620607948294623,0.004051131069157714,0.033888074101380165
54.480000000000004,-3.5,High,0.4958141166172885,0.4958141166172885,0.07447352191278155,0.42971236146992986
54.480000000000004,-3.48,Medium,0.46438194427991775,0.39677054256424354,0.13884751315583818,0.46438194427991775
54.480000000000004,-3.04,Medium,0.5291856952662909,0.2030280460092555,0.26778625872445355,0.5291856952662909
54.480000000000004,-3.02,Medium,0.5209846313821995,0.346836210006904,0.1321791586108968,0.5209846313821995
54.480000000000004,-2.7,Low,0.81117722966531,0.00836237215889361,0.81117722966531,0.18046039817579662
54.480000000000004,-2.66,Medium,0.49564957337113996,0.30298940506955785,0.20136102155930236,0.49564957337113996
54.480000000000004,-2.64,Medium,0.49712501268999815,0.40014515335574286,0.10272983395425955,0.49712501268999815
54.480000000000004,-2.58,Medium,0.516110633630294,0.14291619382989817,0.340973172539808,0.516110633630294
54.480000000000004,-2.52,Medium,0.5173676315166474,0.103943237705227,0.37868913077812577,0.5173676315166474
54.480000000000004,-2.48,Low,0.6778402005372847,0.026752885290165906,0.6778402005372847,0.29540691417254916
54.480000000000004,-2.46,Low,0.7388614479656731,0.012949811367750776,0.7388614479656731,0.24818874066657604
54.480000000000004,-2.42,High,0.8336924399735228,0.8336924399735228,0.010197012255897593,0.15611054777057956
54.480000000000004,-2.4,Low,0.7296288999515493,0.01410364824331804,0.7296288999515493,0.25626745180513233
54.480000000000004,-2.38,Low,0.641228081519009,0.028320497026285602,0.641228081519009,0.3304514214547054
54.480000000000004,-2.36,High,0.9202756269189725,0.9202756269189725,0.001702877049969744,0.07802149603105726
54.480000000000004,-2.34,High,0.912871004291236,0.912871004291236,0.0030973613812555535,0.08403163432750826
54.480000000000004,-2.32,Low,0.6817419887870284,0.02422177664801149,0.6817419887870284,0.2940362345649603
54.480000000000004,-2.2800000000000002,Low,0.46972813642490957,0.08841941476830234,0.46972813642490957,0.44185244880678787
54.480000000000004,-2.2600000000000002,Low,0.6767018500545704,0.01746097787517815,0.6767018500545704,0.3058371720702516
54.480000000000004,-2.24,Low,0.7608374661107032,0.011160030115256398,0.7608374661107032,0.22800250377404038
54.5,-3.6,High,0.9644275511805799,0.9644275511805799,0.0009661649775724095,0.034606283841847836
54.5,-3.58,High,0.6569812958918569,0.6569812958918569,0.030509290815451916,0.31250941329269105
54.5,-3.56,High,0.7467012760993157,0.7467012760993157,0.01573165856264934,0.23756706533803526
54.5,-3.54,High,0.9030715964068718,0.9030715964068718,0.010508368175934408,0.08642003541719345
54.5,-3.52,High,0.9119856471818407,0.9119856471818407,0.0012483138493155769,0.08676603896884283
54.5,-3.46,Low,0.4855783105302636,0.069617023267684,0.4855783105302636,0.44480466620205233
54.5,-3.04,Low,0.8184530710522988,0.006206908049592255,0.8184530710522988,0.1753400208981094
54.5,-2.92,Medium,0.4812873274439627,0.10906173198440548,0.4096509405716319,0.4812873274439627
54.5,-2.7,Low,0.6200310355424856,0.027519641507349434,0.6200310355424856,0.35244932295016496
54.5,-2.68,Medium,0.4491241102410117,0.13145829787370786,0.4194175918852804,0.4491241102410117
54.5,-2.66,Medium,0.4693124497284028,0.3825259285765971,0.14816162169500016,0.4693124497284028
54.5,-2.58,Medium,0.5045334043667572,0.2720889463471877,0.2233776492860553,0.5045334043667572
54.5,-2.52,Low,0.726143601127466,0.014872121870190803,0.726143601127466,0.2589842770023432
54.5,-2.5,Medium,0.5169702707181749,0.24427432035760255,0.23875540892422267,0.5169702707181749
54.5,-2.48,Low,0.5660844270840031,0.05391519026162055,0.5660844270840031,0.3800003826543762
54.5,-2.46,Low,0.7281456619324266,0.014544892168405541,0.7281456619324266,0.25730944589916827
54.5,-2.44,Medium,0.48880275530219264,0.13020239634031025,0.3809948483574974,0.48880275530219264
54.5,-2.4,Medium,0.4664886704958287,0.41916832732797293,0.11434300217619811,0.4664886704958287
54.5,-2.38,Medium,0.5164297865077188,0.23669659887274858,0.2468736146195326,0.5164297865077188
54.5,-2.36,Medium,0.4666912096506162,0.0708387984180134,0.4624699919313705,0.4666912096506162
54.5,-2.34,High,0.7565309409461848,0.7565309409461848,0.020244720642761848,0.2232243384110539
54.5,-2.32,High,0.7858489028504532,0.7858489028504532,0.013894117384146336,0.20025697976540016
54.5,-2.3000000000000003,Medium,0.542840240700868,0.24667548866964809,0.21048427062948438,0.542840240700868
54.5,-2.2800000000000002,Low,0.7450274990983514,0.02458487202059121,0.7450274990983514,0.23038762888105693
54.5,-2.2600000000000002,Medium,0.4891065428519494,0.23882548750184018,0.2720679696462105,0.4891065428519494
54.5,-2.24,Medium,0.5241713572653695,0.27054337084091734,0.2052852718937129,0.5241713572653695
54.52,-3.64,Low,0.5939426702891017,0.036103626324732414,0.5939426702891017,0.36995370338616573
54.52,-3.62,Medium,0.5189000505525989,0.27489184724598603,0.2062081022014149,0.5189000505525989
54.52,-3.6,High,0.8895683568249468,0.8895683568249468,0.009025228455922789,0.10140641471912966
54.52,-3.58,High,0.967866848105689,0.967866848105689,0.0010405726948330633,0.031092579199478002
54.52,-3.56,High,0.9576306212511774,0.9576306212511774,0.003343493907401235,0.039025884841421436
54.52,-3.54,High,0.973193182212255,0.973193182212255,0.000636507759366196,0.02617031002837898
54.52,-3.52,High,0.9698252573889111,0.9698252573889111,0.0005090930893795958,0.02966564952170926
54.52,-3.5,High,0.9439375884805216,0.9439375884805216,0.0021026617692687004,0.05395974975020988
54.52,-3.48,High,0.4751415565563525,0.4751415565563525,0.0809934074083433,0.4438650360353042
54.52,-3.46,Medium,0.5149807095377967,0.17138931878300423,0.31362997167919926,0.5149807095377967
54.52,-3.44,High,0.6316487796326029,0.6316487796326029,0.041535851086225394,0.32681536928117166
54.52,-3.42,Medium,0.5525133143222623,0.12697606767823846,0.3205106179994994,0.5525133143222623
54.52,-3.16,Medium,0.45127916025078796,0.43953973743787805,0.10918110231133422,0.45127916025078796
54.52,-3.14,High,0.7436234822795551,0.7436234822795551,0.01824604036844734,0.23813047735199738
54.52,-2.94,Medium,0.5453236793549524,0.30141748952725644,0.15325883111779157,0.5453236793549524
54.52,-2.92,Medium,0.5244109796562448,0.23173579714245837,0.24385322320129693,0.5244109796562448
54.52,-2.7600000000000002,Low,0.7989828619660142,0.0074173713985497625,0.7989828619660142,0.1935997666354364
54.52,-2.74,Medium,0.4885342089144568,0.11260809651323674,0.39885769457230613,0.4885342089144568
54.52,-2.72,Low,0.4713657469287807,0.09135250700396558,0.4713657469287807,0.4372817460672534
54.52,-2.7,Medium,0.4712927781096841,0.439945070496721,0.08876215139359452,0.4712927781096841
54.52,-2.68,High,0.9654496820311231,0.9654496820311231,0.000992592172843132,0.03355772579603383
54.52,-2.66,High,0.9404043694785603,0.9404043694785603,0.0018762859458738956,0.057719344575565205
54.52,-2.64,Medium,0.5745489439424538,0.19670978464123465,0.2287412714163116,0.5745489439424538
54.52,-2.6,Medium,0.5462567025468292,0.22083505083738586,0.23290824661578513,0.5462567025468292
54.52,-2.58,High,0.6491646414237219,0.6491646414237219,0.0335569827400011,0.31727837583627677
54.52,-2.5,Medium,0.46365390943977836,0.40417433628690064,0.13217175427332095,0.46365390943977836
54.52,-2.48,Medium,0.524569392884964,0.3176674445041854,0.15776316261085088,0.524569392884964
54.52,-2.42,Medium,0.5380750878098453,0.266602248550352,0.19532266363980283,0.5380750878098453
54.52,-2.4,Low,0.46471290821870703,0.07807239698180704,0.46471290821870703,0.4572146947994862
54.52,-2.38,Medium,0.4816517868570104,0.3659077967986125,0.1524404163443772,0.4816517868570104
54.52,-2.36,High,0.5514276095396776,0.5514276095396776,0.05573031066945699,0.39284207979086505
54.52,-2.34,High,0.4097215787628828,0.4097215787628828,0.18303236390858657,0.4072460573285305
54.52,-2.32,High,0.8949344301293337,0.8949344301293337,0.007067936577207956,0.0979976332934587
54.52,-2.3000000000000003,Medium,0.4599455067852909,0.4533486748728995,0.08670581834180972,0.4599455067852909
54.52,-2.2800000000000002,Medium,0.4947224569753946,0.10387636613470562,0.4014011768898998,0.4947224569753946
54.52,-2.2600000000000002,Medium,0.504527627836747,0.12162418454487967,0.3738481876183735,0.504527627836747
54.52,-2.24,Medium,0.49489409896494996,0.24332247019225636,0.2617834308427937,0.49489409896494996
54.52,-2.22,Low,0.5629691425994107,0.04786445607264042,0.5629691425994107,0.38916640132794905
54.54,-3.6,High,0.9340340860270533,0.9340340860270533,0.0007480842702861781,0.06521782970265967
54.54,-3.58,High,0.94356285184057,0.94356285184057,0.00065718439531017,0.05577996376411933
54.54,-3.56,High,0.9657964262815624,0.9657964262815624,0.0005400235239987764,0.03366355019443889
54.54,-3.54,High,0.7853667621152386,0.7853667621152386,0.011858411903327466,0.2027748259814343
54.54,-3.52,High,0.5413684524087814,0.5413684524087814,0.05648648043880958,0.4021450671524089
54.54,-3.5,High,0.970686660305421,0.970686660305421,0.003913843765496954,0.025399495929082243
54.54,-3.48,High,0.904281104091066,0.904281104091066,0.002392874002302783,0.09332602190663106
54.54,-3.46,Medium,0.5209323384496298,0.08809982194316367,0.3909678396072067,0.5209323384496298
54.54,-3.44,High,0.8513676036688729,0.8513676036688729,0.0071166979610979035,0.14151569837002925
54.54,-3.42,Low,0.622041254471453,0.025709393546078253,0.622041254471453,0.3522493519824688
54.54,-3.4,Medium,0.4878723061675027,0.3642750855351879,0.14785260829730948,0.4878723061675027
54.54,-3.38,Low,0.5979263882262161,0.03334381134550109,0.5979263882262161,0.3687298004282828
54.54,-3.2800000000000002,Medium,0.45782219187070544,0.10430605106753513,0.43787175706176,0.45782219187070544
54.54,-3.2600000000000002,Low,0.8631353207856114,0.005667021565827788,0.8631353207856114,0.13119765764856073
54.54,-3.16,Medium,0.4702190907874693,0.10132365846895079,0.4284572507435796,0.4702190907874693
54.54,-3.14,Low,0.651467118508695,0.025106638844073523,0.651467118508695,0.32342624264723147
54.54,-3.12,Low,0.7276639692046127,0.01942172306680595,0.7276639692046127,0.25291430772858103
54.54,-3.06,Low,0.5238443906999316,0.06577663175006354,0.5238443906999316,0.41037897755000485
54.54,-2.98,Low,0.5368292119455167,0.051014486055940396,0.5368292119455167,0.41215630199854253
54.54,-2.96,High,0.4857148107180225,0.4857148107180225,0.10452644296278392,0.4097587463191936
54.54,-2.94,High,0.9414980287808823,0.9414980287808823,0.0029674386859128254,0.05553453253320439
54.54,-2.92,Medium,0.4980117579546341,0.3762431383722005,0.12574510367316533,0.4980117579546341
54.54,-2.88,Low,0.7185998986757276,0.019894835349614233,0.7185998986757276,0.26150526597465773
54.54,-2.7600000000000002,Medium,0.4566629045979059,0.36416974959153686,0.17916734581055693,0.4566629045979059
54.54,-2.72,High,0.7102052707142761,0.7102052707142761,0.05135678231858307,0.23843794696714105
54.54,-2.7,Medium,0.5231524536200896,0.3202114904514184,0.15663605592849195,0.5231524536200896
54.54,-2.68,High,0.7749322452342104,0.7749322452342104,0.008815035999050369,0.21625271876673927
54.54,-2.66,Low,0.5578166314867652,0.06423561651655114,0.5578166314867652,0.37794775199668323
54.54,-2.64,Medium,0.44640002841087595,0.13233908683095374,0.4212608847581707,0.44640002841087595
54.54,-2.62,Medium,0.5527387796371994,0.06887497495267168,0.3783862454101285,0.5527387796371994
54.54,-2.6,Low,0.4951741644188964,0.08971108909733036,0.4951741644188964,0.4151147464837734
54.54,-2.58,High,0.7134821795993573,0.7134821795993573,0.02285942640669775,0.263658393993945
54.54,-2.56,Low,0.6777085192089984,0.0247584812851484,0.6777085192089984,0.29753299950585277
54.54,-2.52,Medium,0.5194704602178399,0.2159365371858025,0.2645930025963575,0.5194704602178399
54.54,-2.5,Low,0.4485356248070762,0.11068029091045002,0.4485356248070762,0.44078408428247406
54.54,-2.48,Medium,0.5696830070410818,0.16454831743632606,0.2657686755225922,0.5696830070410818
54.54,-2.46,Medium,0.5187725953958833,0.3248027144486413,0.1564246901554759,0.5187725953958833
54.54,-2.42,High,0.7314433615438909,0.7314433615438909,0.021376625459583066,0.24718001299652548
54.54,-2.4,High,0.7254351185447909,0.7254351185447909,0.03674801517698537,0.23781686627822338
54.54,-2.38,High,0.5880528340780481,0.5880528340780481,0.04951923362334837,0.3624279322986037
54.54,-2.34,Medium,0.43534974855618147,0.13994427979877785,0.4247059716450404,0.43534974855618147
54.54,-2.32,High,0.4893258977103339,0.4893258977103339,0.08574357904500497,0.42493052324466096
54.54,-2.2800000000000002,Low,0.6992300449833418,0.014492050761769449,0.6992300449833418,0.286277904254889
54.54,-2.2600000000000002,Medium,0.44128349009968654,0.13350848150653705,0.42520802839377675,0.44128349009968654
54.56,-3.58,High,0.9616013040276737,0.9616013040276737,0.0004862525534826432,0.03791244341884357
54.56,-3.56,High,0.9567065462056489,0.9567065462056489,0.003362064379038138,0.03993138941531294
54.56,-3.54,High,0.5589778250249448,0.5589778250249448,0.06078532316235575,0.38023685181269995
54.56,-3.5,Low,0.5645420428476762,0.06830737394597844,0.5645420428476762,0.3671505832063455
54.56,-3.48,High,0.9203046343928776,0.9203046343928776,0.0027069867652647355,0.07698837884185818
54.56,-3.46,High,0.9579735561998811,0.9579735561998811,0.0010776326735326225,0.04094881112658562
54.56,-3.44,High,0.8600376844188418,0.8600376844188418,0.006609816068237755,0.1333524995129201
54.56,-3.42,High,0.7576626660918301,0.7576626660918301,0.01830436481637621,0.2240329690917937
54.56,-3.22,Medium,0.47850985943362984,0.3579927436736978,0.16349739689267254,0.47850985943362984
54.56,-3.2,Medium,0.47377058902185304,0.4175947011580011,0.10863470982014607,0.47377058902185304
54.56,-3.18,High,0.5832587184417415,0.5832587184417415,0.04728383133092106,0.3694574502273381
54.56,-3.16,Low,0.6539043373892396,0.027746336314996723,0.6539043373892396,0.31834932629576335
54.56,-3.14,Medium,0.48219671777824813,0.3292313810920847,0.1885719011296672,0.48219671777824813
54.56,-3.06,High,0.6502900189375407,0.6502900189375407,0.03926889424931001,0.31044108681314936
54.56,-2.96,Medium,0.4677499925373965,0.10564320851309773,0.426606798949506,0.4677499925373965
54.56,-2.94,Low,0.5584628854240737,0.030212583839928187,0.5584628854240737,0.4113245307359978
54.56,-2.9,Medium,0.5419008466537057,0.15791633274612452,0.3001828206001696,0.5419008466537057
54.56,-2.88,Medium,0.5059149589811602,0.356823918714434,0.13726112230440615,0.5059149589811602
54.56,-2.86,Low,0.4841725152674721,0.11991841732142174,0.4841725152674721,0.3959090674111063
54.56,-2.7800000000000002,Low,0.5587583026111822,0.05679650657513183,0.5587583026111822,0.38444519081368606
54.56,-2.7600000000000002,High,0.5625873844500642,0.5625873844500642,0.054598138722386856,0.3828144768275491
54.56,-2.74,Medium,0.467617267834707,0.3810053731053668,0.15137735905992605,0.467617267834707
54.56,-2.72,Low,0.5036677762794881,0.055945127016862134,0.5036677762794881,0.4403870967036499
54.56,-2.68,Medium,0.5473454716753672,0.23562851790199701,0.21702601042263595,0.5473454716753672
54.56,-2.66,Medium,0.5653253293402289,0.17257363706414972,0.2621010335956215,0.5653253293402289
54.56,-2.64,Medium,0.5052295256356067,0.0972038636824752,0.3975666106819184,0.5052295256356067
54.56,-2.62,High,0.6497721221132241,0.6497721221132241,0.02855016094298892,0.32167771694378694
54.56,-2.58,Medium,0.49432546513420483,0.37916975665803393,0.1265047782077615,0.49432546513420483
54.56,-2.56,Medium,0.45570443069527505,0.09282699012896173,0.4514685791757631,0.45570443069527505
54.56,-2.54,Low,0.6936999669389428,0.019884828034158232,0.6936999669389428,0.28641520502689916
54.56,-2.52,Low,0.4684401376421399,0.06575546730300252,0.4684401376421399,0.46580439505485766
54.56,-2.5,High,0.5521781639152507,0.5521781639152507,0.06765741389559722,0.3801644221891528
54.56,-2.48,Low,0.5397888596842741,0.07644759047885531,0.5397888596842741,0.3837635498368702
54.56,-2.46,Medium,0.4878221054521588,0.3298238936384864,0.18235400090935483,0.4878221054521588
54.56,-2.44,Medium,0.554187308714128,0.2659014188645073,0.1799112724213644,0.554187308714128
54.56,-2.42,Low,0.576077688131109,0.020735383928646867,0.576077688131109,0.40318692794024386
54.58,-3.58,High,0.9685373991965384,0.9685373991965384,0.0005728808212308538,0.03088971998223075
54.58,-3.56,High,0.9478144642875468,0.9478144642875468,0.001022776692231145,0.0511627590202221
54.58,-3.54,High,0.7795638319439749,0.7795638319439749,0.009936658795611997,0.2104995092604132
54.58,-3.52,High,0.8806219095214525,0.8806219095214525,0.00880252416426355,0.11057556631428357
54.58,-3.5,Low,0.44054098668591984,0.14516556339936687,0.44054098668591984,0.41429344991471334
54.58,-3.48,Low,0.5495203547070154,0.0412370727917412,0.5495203547070154,0.4092425725012431
54.58,-3.46,High,0.6118315000345413,0.6118315000345413,0.04131126051214599,0.3468572394533126
54.58,-3.44,High,0.6670891411672543,0.6670891411672543,0.03797548735750865,0.29493537147523685
54.58,-3.42,High,0.46337138462997546,0.46337138462997546,0.08914175000387538,0.44748686536614907
54.58,-3.4,High,0.49504112075771567,0.49504112075771567,0.08691756501490772,0.4180413142273768
54.58,-3.36,Low,0.6959554448665276,0.01904318713681142,0.6959554448665276,0.28500136799666054
54.58,-3.34,Low,0.5697613489779318,0.0527359297897891,0.5697613489779318,0.3775027212322785
54.58,-3.3200000000000003,High,0.5759025633788134,0.5759025633788134,0.09835233788503508,0.32574509873615165
54.58,-3.3000000000000003,Low,0.6833506275140785,0.012983912625745853,0.6833506275140785,0.30366545986017557
54.58,-3.18,High,0.7920462835723063,0.7920462835723063,0.011868577979620008,0.19608513844807304
54.58,-3.16,High,0.7203882387675418,0.7203882387675418,0.012391035165943443,0.26722072606651437
54.58,-3.14,Low,0.672479471121935,0.03113163831407092,0.672479471121935,0.2963888905639941
54.58,-3.08,High,0.8271428187372423,0.8271428187372423,0.007938965683579142,0.16491821557917774
54.58,-2.98,Low,0.6579361242025725,0.02000697983433279,0.6579361242025725,0.32205689596309506
54.58,-2.96,Medium,0.49885982319800787,0.2079054797442441,0.2932346970577481,0.49885982319800787
54.58,-2.94,Low,0.6631557176522099,0.020741824966028596,0.6631557176522099,0.3161024573817614
54.58,-2.92,Low,0.6251125981047823,0.03141456710183256,0.6251125981047823,0.3434728347933854
54.58,-2.9,Low,0.47192680766368716,0.0669987729590833,0.47192680766368716,0.4610744193772298
54.58,-2.88,Medium,0.45422890825399537,0.4366643573823011,0.10910673436370359,0.45422890825399537
54.58,-2.86,High,0.6590890844987112,0.6590890844987112,0.03611551587635764,0.3047953996249313
54.58,-2.84,Medium,0.488887715760406,0.09288718653894774,0.41822509770064614,0.488887715760406
54.58,-2.7600000000000002,Low,0.5217694352741972,0.11304199718876816,0.5217694352741972,0.36518856753703444
54.58,-2.74,Medium,0.5373473042388086,0.19588765418746576,0.26676504157372594,0.5373473042388086
54.58,-2.72,Low,0.5510088348200329,0.02520874828109232,0.5510088348200329,0.42378241689887447
54.58,-2.7,Medium,0.491471125248993,0.09633637104338744,0.41219250370761956,0.491471125248993
54.58,-2.68,Medium,0.530075265786337,0.2652372019460987,0.20468753226756442,0.530075265786337
54.58,-2.66,Medium,0.46764938636862047,0.12868133654107092,0.40366927709030853,0.46764938636862047
54.58,-2.64,High,0.6080288438969432,0.6080288438969432,0.03640671540554148,0.3555644406975149
54.58,-2.62,High,0.9375245476509513,0.9375245476509513,0.001857581138855862,0.06061787121019261
54.58,-2.6,Medium,0.49109417247783665,0.31144471436685867,0.19746111315530468,0.49109417247783665
54.58,-2.58,High,0.515810379341874,0.515810379341874,0.06501611897303144,0.4191735016850946
54.58,-2.56,Medium,0.5277686533288455,0.026799961433186015,0.4454313852379686,0.5277686533288455
54.58,-2.54,Low,0.5752261973359079,0.03975940638461783,0.5752261973359079,0.3850143962794747
54.58,-2.52,Medium,0.4652022037049459,0.4576790702238788,0.07711872607117524,0.4652022037049459
54.58,-2.5,High,0.9792046147674504,0.9792046147674504,0.0004767453807481409,0.02031863985180144
54.58,-2.48,High,0.964645628073044,0.964645628073044,0.0005303696011089202,0.034824002325846946
54.58,-2.46,High,0.5872472282959632,0.5872472282959632,0.06687270103345092,0.3458800706705864
54.58,-2.44,Low,0.5403479520022537,0.03664787898620288,0.5403479520022537,0.4230041690115433
54.58,-2.42,High,0.7118117394168821,0.7118117394168821,0.02021754924962472,0.267970711333493
54.6,-3.56,High,0.5875757558787152,0.5875757558787152,0.0393157215474118,0.3731085225738731
54.6,-3.54,High,0.9580995113841441,0.9580995113841441,0.004623825903076557,0.037276662712779726
54.6,-3.52,High,0.924162606489716,0.924162606489716,0.0007737336201178631,0.07506365989016553
54.6,-3.5,High,0.9027444801698123,0.9027444801698123,0.006071129769016759,0.09118439006117064
54.6,-3.48,Low,0.4783021122163451,0.06400187682748712,0.4783021122163451,0.4576960109561676
54.6,-3.46,High,0.6451255000232854,0.6451255000232854,0.03578645632836657,0.3190880436483484
54.6,-3.44,High,0.5852284759620907,0.5852284759620907,0.05107574707363883,0.3636957769642706
54.6,-3.42,Medium,0.5103505420013374,0.3047439360154186,0.18490552198324423,0.5103505420013374
54.6,-3.38,Medium,0.4510231014045949,0.2041521871868168,0.3448247114085883,0.4510231014045949
54.6,-3.36,Medium,0.48581873636801487,0.3377507931285104,0.1764304705034749,0.48581873636801487
54.6,-3.3200000000000003,Medium,0.5091688772034866,0.358113787113169,0.13271733568334443,0.5091688772034866
54.6,-3.3000000000000003,Medium,0.5358849434298445,0.27012770549885906,0.19398735107129605,0.5358849434298445
54.6,-3.22,Low,0.5147950256194536,0.07357313167922439,0.5147950256194536,0.41163184270132225
54.6,-3.2,High,0.9503721343895996,0.9503721343895996,0.0016033991367912243,0.048024466473609057
54.6,-3.18,High,0.9569097614824882,0.9569097614824882,0.0012439693191807883,0.041846269198330406
54.6,-3.16,High,0.8841816703794856,0.8841816703794856,0.003529428265414003,0.11228890135510015
54.6,-3.14,High,0.948443571290918,0.948443571290918,0.0008130530054871194,0.05074337570359404
54.6,-3.12,High,0.9696289035524619,0.9696289035524619,0.0038726975092849307,0.026498398938253464
54.6,-3.1,Medium,0.46968809615579393,0.4205139517407467,0.10979795210345944,0.46968809615579393
54.6,-3.08,High,0.478643660429906,0.478643660429906,0.08713766091481617,0.4342186786552778
54.6,-3.06,Medium,0.5089705171946448,0.32586986153234515,0.16515962127301037,0.5089705171946448
54.6,-2.94,Medium,0.48260673438759705,0.42572971076118465,0.09166355485121827,0.48260673438759705
54.6,-2.92,Medium,0.5338293317012811,0.18041002416716956,0.285760644131549,0.5338293317012811
54.6,-2.88,High,0.7773087254343604,0.7773087254343604,0.014994563952290079,0.2076967106133497
54.6,-2.86,High,0.6519681127241629,0.6519681127241629,0.033617341955200324,0.3144145453206367
54.6,-2.84,Medium,0.5027536111391162,0.36801414844823854,0.12923224041264528,0.5027536111391162
54.6,-2.82,High,0.49998708218396765,0.49998708218396765,0.09231056741223093,0.4077023504038016
54.6,-2.7800000000000002,Low,0.8185585492929028,0.006184344678642292,0.8185585492929028,0.1752571060284553
54.6,-2.7600000000000002,High,0.7362561429924617,0.7362561429924617,0.017933560665385,0.2458102963421535
54.6,-2.74,High,0.48575806396864335,0.48575806396864335,0.08682785669863077,0.42741407933272546
54.6,-2.72,High,0.4774876411455417,0.4774876411455417,0.0703121400763417,0.45220021877811656
54.6,-2.7,Medium,0.4854665098153156,0.37491249688766964,0.13962099329701477,0.4854665098153156
54.6,-2.68,High,0.682835409326664,0.682835409326664,0.028280185294462665,0.2888844053788735
54.6,-2.66,Low,0.4879349941290629,0.06527084008813326,0.4879349941290629,0.4467941657828039
54.6,-2.64,High,0.49171460388921573,0.49171460388921573,0.0825363749789658,0.4257490211318178
54.6,-2.62,High,0.7572483659173092,0.7572483659173092,0.012789727987514637,0.2299619060951758
54.6,-2.6,Medium,0.4997815190538904,0.3446658447844694,0.15555263616163992,0.4997815190538904
54.6,-2.58,Medium,0.5033693024705022,0.09521058655766568,0.40142011097183244,0.5033693024705022
54.6,-2.56,High,0.8338045608159054,0.8338045608159054,0.011206519054494758,0.1549889201295997
54.6,-2.54,Medium,0.5105488938212852,0.32601594122608824,0.1634351649526261,0.5105488938212852
54.6,-2.52,High,0.9252397095818334,0.9252397095818334,0.002523864354400234,0.07223642606376601
54.6,-2.5,High,0.6671981493416087,0.6671981493416087,0.03429645800757843,0.2985053926508131
54.6,-2.48,Medium,0.5188501038316895,0.20507145596853038,0.27607844019978045,0.5188501038316895
54.6,-2.46,Medium,0.5021137765816454,0.13112783701499403,0.36675838640336056,0.5021137765816454
54.6,-2.44,Low,0.6616434108337005,0.0263758270206294,0.6616434108337005,0.3119807621456697
54.620000000000005,-3.56,High,0.9708589483451289,0.9708589483451289,0.0005238114499005236,0.028617240204970817
54.620000000000005,-3.54,High,0.8758073887155646,0.8758073887155646,0.008750906990504457,0.11544170429393111
54.620000000000005,-3.52,High,0.9252631562184225,0.9252631562184225,0.0007368880530194146,0.07399995572855748
54.620000000000005,-3.5,High,0.6903743499053155,0.6903743499053155,0.03231451848181266,0.27731113161287174
54.620000000000005,-3.48,Low,0.492726935327948,0.04884838013399702,0.492726935327948,0.45842468453805485
54.620000000000005,-3.46,Medium,0.45846943134879853,0.4481150916745236,0.09341547697667822,0.45846943134879853
54.620000000000005,-3.44,High,0.8950012157902527,0.8950012157902527,0.004598395405448537,0.10040038880429876
54.620000000000005,-3.4,High,0.8769014460747045,0.8769014460747045,0.0065884044088794355,0.11651014951641629
54.620000000000005,-3.38,Medium,0.4868545115034403,0.43001211587929666,0.08313337261726357,0.4868545115034403
54.620000000000005,-3.36,Medium,0.48769352427507506,0.3679930607575155,0.14431341496740946,0.48769352427507506
54.620000000000005,-3.34,Low,0.7269647845165699,0.007178586619390826,0.7269647845165699,0.26585662886403905
54.620000000000005,-3.3200000000000003,High,0.485263100366469,0.485263100366469,0.09799543117370028,0.4167414684598308
54.620000000000005,-3.3000000000000003,High,0.7822343370568781,0.7822343370568781,0.018394460536795637,0.1993712024063263
54.620000000000005,-3.2,High,0.9282249672779749,0.9282249672779749,0.002359949309476106,0.06941508341254904
54.620000000000005,-3.18,High,0.5746121120531035,0.5746121120531035,0.05542059139138228,0.36996729655551464
54.620000000000005,-3.16,High,0.9062735686089094,0.9062735686089094,0.001803564530754657,0.09192286686033625
54.620000000000005,-3.14,High,0.9180536387042473,0.9180536387042473,0.0016703103812044959,0.08027605091454823
54.620000000000005,-3.12,Low,0.5331704526480261,0.07876654888859175,0.5331704526480261,0.3880629984633821
54.620000000000005,-3.08,Medium,0.5188584886503317,0.2541499770517145,0.22699153429795393,0.5188584886503317
54.620000000000005,-3.06,High,0.9162912990800038,0.9162912990800038,0.004461615928045454,0.07924708499195059
54.620000000000005,-3.04,High,0.7009617198881181,0.7009617198881181,0.03141728887446125,0.26762099123742145
54.620000000000005,-3.02,Medium,0.5379821366913938,0.15724175878456967,0.3047761045240364,0.5379821366913938
54.620000000000005,-3.0,Low,0.7628546286015812,0.01201538255951823,0.7628546286015812,0.2251299888389006
54.620000000000005,-2.98,High,0.9152018595410308,0.9152018595410308,0.002266531801817055,0.08253160865715183
54.620000000000005,-2.96,Low,0.4829337124712001,0.06730760002209936,0.4829337124712001,0.4497586875067007
54.620000000000005,-2.92,Medium,0.5436096493967224,0.04995345001046177,0.40643690059281545,0.5436096493967224
54.620000000000005,-2.9,Low,0.5341687868883594,0.07607466870185908,0.5341687868883594,0.38975654440978147
54.620000000000005,-2.88,Medium,0.5038786953727312,0.1303019977970448,0.36581930683022407,0.5038786953727312
54.620000000000005,-2.86,Medium,0.5127953991724088,0.12551246272390232,0.3616921381036889,0.5127953991724088
54.620000000000005,-2.84,High,0.662883264292295,0.662883264292295,0.040191439930312364,0.29692529577739246
54.620000000000005,-2.82,High,0.7775184198286185,0.7775184198286185,0.019436540610086834,0.20304503956129463
54.620000000000005,-2.8000000000000003,Medium,0.3783832423786466,0.32379479179264853,0.297821965828705,0.3783832423786466
54.620000000000005,-2.7800000000000002,Low,0.5372115819378178,0.06384878985726307,0.5372115819378178,0.3989396282049189
54.620000000000005,-2.7600000000000002,Low,0.6858033382711493,0.016324215078194117,0.6858033382711493,0.2978724466506562
54.620000000000005,-2.74,Medium,0.5416247465652044,0.2737744234139386,0.1846008300208573,0.5416247465652044
54.620000000000005,-2.72,Medium,0.5577571820377393,0.19052935524909087,0.2517134627131703,0.5577571820377393
54.620000000000005,-2.7,High,0.513327709239039,0.513327709239039,0.08365286241755174,0.403019428343409
54.620000000000005,-2.68,Medium,0.5338170690841536,0.2962531983666693,0.16992973254917756,0.5338170690841536
54.620000000000005,-2.66,Medium,0.4496509461892313,0.16413306625515048,0.38621598755561826,0.4496509461892313
54.620000000000005,-2.64,High,0.7461110720066402,0.7461110720066402,0.02001550213580242,0.23387342585755697
54.620000000000005,-2.62,Medium,0.5451541085330195,0.18316673492358393,0.27167915654339686,0.5451541085330195
54.620000000000005,-2.6,Medium,0.543740453121545,0.09725237739227605,0.3590071694861791,0.543740453121545
54.620000000000005,-2.58,Medium,0.5222971887747427,0.28755884814413757,0.19014396308111967,0.5222971887747427
54.620000000000005,-2.56,High,0.9618458680767438,0.9618458680767438,0.0010372964141352474,0.03711683550912144
54.620000000000005,-2.54,High,0.6240469187712511,0.6240469187712511,0.043201406172676815,0.33275167505607184
54.620000000000005,-2.52,High,0.8364064625486748,0.8364064625486748,0.009326234783381616,0.15426730266794347
54.620000000000005,-2.5,Medium,0.5730843553785224,0.030888117329168407,0.396027527292309,0.5730843553785224
54.620000000000005,-2.48,High,0.8616672648861043,0.8616672648861043,0.006952699494861604,0.1313800356190341
54.620000000000005,-2.46,Low,0.6948716804419807,0.029346993833652184,0.6948716804419807,0.27578132572436664
54.64,-3.58,Medium,0.5104550010941665,0.1554692418880788,0.3340757570177547,0.5104550010941665
54.64,-3.56,High,0.947311674212787,0.947311674212787,0.0008661143051245414,0.051822211482087245
54.64,-3.54,High,0.9633426746208265,0.9633426746208265,0.0005025826517218866,0.03615474272745141
54.64,-3.52,High,0.9325739689905735,0.9325739689905735,0.0008867102438377765,0.0665393207655875
54.64,-3.5,Low,0.5117527049833084,0.10797927391093089,0.5117527049833084,0.38026802110576086
54.64,-3.48,Low,0.6484204400132983,0.03364289505870221,0.6484204400132983,0.31793666492799966
54.64,-3.46,High,0.6418325947059504,0.6418325947059504,0.03604031481458498,0.3221270904794649
54.64,-3.44,High,0.5943774491485269,0.5943774491485269,0.09108463874388534,0.31453791210758775
54.64,-3.4,High,0.880622085035472,0.880622085035472,0.005739406968387782,0.11363850799614
54.64,-3.38,Low,0.5177996987295199,0.0904100333759383,0.5177996987295199,0.3917902678945412
54.64,-3.36,Medium,0.43558089820909734,0.43063716053350176,0.1337819412574008,0.43558089820909734
54.64,-3.34,Low,0.5865420936657155,0.03717581258238896,0.5865420936657155,0.3762820937518954
54.64,-3.3200000000000003,Medium,0.45868054321504126,0.14772529326435488,0.39359416352060367,0.45868054321504126
54.64,-3.3000000000000003,Medium,0.4437764439614606,0.17225870116318545,0.38396485487535403,0.4437764439614606
54.64,-3.2600000000000002,Low,0.8147335910618082,0.008737040491581576,0.8147335910618082,0.17652936844661002
54.64,-3.22,Low,0.5104057591487741,0.07263010241811806,0.5104057591487741,0.4169641384331078
54.64,-3.2,Medium,0.5134327405560525,0.250931596376666,0.23563566306728137,0.5134327405560525
54.64,-3.18,High,0.7038520899911173,0.7038520899911173,0.024249383895142355,0.2718985261137408
54.64,-3.02,Medium,0.49927518011327543,0.17046025301408604,0.3302645668726382,0.49927518011327543
54.64,-3.0,Low,0.6974341353699895,0.019636358704955146,0.6974341353699895,0.28292950592505517
54.64,-2.98,Medium,0.48448723069099997,0.35805078305086196,0.15746198625813806,0.48448723069099997
54.64,-2.96,Low,0.532179179222325,0.04951697476839202,0.532179179222325,0.41830384600928305
54.64,-2.94,Low,0.4645440773677517,0.08073841063626568,0.4645440773677517,0.45471751199598276
54.64,-2.92,Medium,0.5226567337881619,0.18336885158608054,0.2939744146257574,0.5226567337881619
54.64,-2.9,High,0.7081914383189026,0.7081914383189026,0.032450234882279605,0.25935832679881804
54.64,-2.88,High,0.8229621801948354,0.8229621801948354,0.010931229873438983,0.16610658993172545
54.64,-2.86,Medium,0.4694352121678533,0.06360576877191297,0.4669590190602338,0.4694352121678533
54.64,-2.84,Medium,0.5070621699019869,0.32410024863773834,0.16883758146027464,0.5070621699019869
54.64,-2.82,Medium,0.4705420298231037,0.42027621718348923,0.10918175299340695,0.4705420298231037
54.64,-2.8000000000000003,High,0.9313677489337099,0.9313677489337099,0.0031198318774381495,0.065512419188852
54.64,-2.7800000000000002,High,0.848648796072249,0.848648796072249,0.013713613640695814,0.13763759028705536
54.64,-2.7600000000000002,High,0.7030008118961254,0.7030008118961254,0.021981732950727056,0.2750174551531474
54.64,-2.74,Medium,0.5343482206224466,0.33068637848051624,0.13496540089703746,0.5343482206224466
54.64,-2.72,High,0.9290343840610384,0.9290343840610384,0.0034436179878080345,0.0675219979511536
54.64,-2.7,Medium,0.508451058630123,0.3528233147049551,0.1387256266649225,0.508451058630123
54.64,-2.68,Low,0.541035176529224,0.04985176575720431,0.541035176529224,0.40911305771357137
54.64,-2.66,High,0.5064979724957709,0.5064979724957709,0.06446983777746823,0.4290321897267607
54.64,-2.64,Medium,0.4785498767770205,0.11310268656307536,0.408347436659904,0.4785498767770205
54.64,-2.62,High,0.4956937261313093,0.4956937261313093,0.0749788928386301,0.4293273810300608
54.64,-2.6,High,0.8339589891592217,0.8339589891592217,0.009560513078497696,0.15648049776228062
54.64,-2.58,High,0.658904211754768,0.658904211754768,0.029178979056183753,0.3119168091890486
54.64,-2.56,High,0.9412604573918706,0.9412604573918706,0.002083965631629459,0.056655576976499714
54.64,-2.54,High,0.48722594472031033,0.48722594472031033,0.0737354661660781,0.4390385891136117
54.64,-2.52,High,0.5014854761572587,0.5014854761572587,0.06844761330548865,0.430066910537253
54.64,-2.5,High,0.594831396322162,0.594831396322162,0.06476977182653862,0.34039883185129954
54.64,-2.48,Low,0.4945868342266506,0.05324975287538296,0.4945868342266506,0.4521634128979665
54.660000000000004,-3.56,High,0.8456612475622404,0.8456612475622404,0.01690652208054354,0.13743223035721625
54.660000000000004,-3.54,High,0.9005543654310298,0.9005543654310298,0.0015829730083150334,0.09786266156065475
54.660000000000004,-3.52,High,0.9562810615365284,0.9562810615365284,0.003080619533290553,0.040638318930180765
54.660000000000004,-3.5,High,0.9440794499879833,0.9440794499879833,0.00711125754265049,0.04880929246936642
54.660000000000004,-3.48,High,0.7305488351593236,0.7305488351593236,0.0219989256353896,0.24745223920528697
54.660000000000004,-3.46,High,0.5505346575261876,0.5505346575261876,0.05755813614069349,0.3919072063331191
54.660000000000004,-3.44,High,0.9620412572298411,0.9620412572298411,0.0015282748959416575,0.03643046787421679
54.660000000000004,-3.42,High,0.8945715595279263,0.8945715595279263,0.00628858484647956,0.09913985562559433
54.660000000000004,-3.4,Medium,0.5475882966607049,0.12006750261125428,0.3323442007280408,0.5475882966607049
54.660000000000004,-3.38,High,0.9444158676315315,0.9444158676315315,0.0020833775116281903,0.05350075485684033
54.660000000000004,-3.36,High,0.9447720455847928,0.9447720455847928,0.0015885316536355235,0.053639422761571326
54.660000000000004,-3.34,High,0.7845261166579459,0.7845261166579459,0.017338389625611142,0.19813549371644282
54.660000000000004,-3.3200000000000003,Medium,0.474731947702966,0.248317679800011,0.276950372497023,0.474731947702966
54.660000000000004,-3.3000000000000003,High,0.9273961649434916,0.9273961649434916,0.002875512802464812,0.0697283222540433
54.660000000000004,-3.2800000000000002,High,0.683991315658488,0.683991315658488,0.06439650542137967,0.25161217892013227
54.660000000000004,-3.2600000000000002,High,0.7780129039387396,0.7780129039387396,0.014593282765856244,0.20739381329540463
54.660000000000004,-3.24,Medium,0.5558457800894248,0.16759326998895382,0.27656094992162156,0.5558457800894248
54.660000000000004,-3.22,Medium,0.5070290649443937,0.15901394668342417,0.3339569883721822,0.5070290649443937
54.660000000000004,-3.2,High,0.590342619265423,0.590342619265423,0.05084027912863747,0.3588171016059398
54.660000000000004,-3.18,Medium,0.49890012728254185,0.3819792674757423,0.11912060524171593,0.49890012728254185
54.660000000000004,-2.98,Medium,0.5157919695637352,0.21239518514568534,0.2718128452905794,0.5157919695637352
54.660000000000004,-2.94,Low,0.6551591997681812,0.04086608422678733,0.6551591997681812,0.3039747160050317
54.660000000000004,-2.92,Medium,0.5046094689917772,0.1662726297532853,0.32911790125493745,0.5046094689917772
54.660000000000004,-2.88,High,0.8226342086344155,0.8226342086344155,0.010988147539473591,0.1663776438261112
54.660000000000004,-2.86,High,0.7987961059575064,0.7987961059575064,0.012997821060756688,0.18820607298173705
54.660000000000004,-2.84,High,0.5268380014743491,0.5268380014743491,0.08639556493326468,0.3867664335923866
54.660000000000004,-2.82,High,0.8186912633825882,0.8186912633825882,0.009615801634255848,0.17169293498315583
54.660000000000004,-2.8000000000000003,Medium,0.5295190249194941,0.18184889166936813,0.28863208341113766,0.5295190249194941
54.660000000000004,-2.7800000000000002,High,0.8973082797839312,0.8973082797839312,0.002849108394015095,0.09984261182205344
54.660000000000004,-2.7600000000000002,High,0.934904347890171,0.934904347890171,0.0028074515226956536,0.06228820058713366
54.660000000000004,-2.74,High,0.9374912221517279,0.9374912221517279,0.0018583565450430932,0.06065042130322898
54.660000000000004,-2.72,High,0.4715400066204611,0.4715400066204611,0.0799649174208322,0.44849507595870675
54.660000000000004,-2.7,Medium,0.5188009855087791,0.31855840303277944,0.16264061145844164,0.5188009855087791
54.660000000000004,-2.68,Medium,0.5427282618983547,0.10875600437359928,0.34851573372804595,0.5427282618983547
54.660000000000004,-2.66,High,0.46842772004890465,0.46842772004890465,0.09070299734639532,0.4408692826047003
54.660000000000004,-2.64,Medium,0.5167608504692062,0.33896602476615134,0.14427312476464232,0.5167608504692062
54.660000000000004,-2.62,High,0.6813014285698367,0.6813014285698367,0.032804892992199235,0.28589367843796404
54.660000000000004,-2.6,Medium,0.47674007253272327,0.44658686738026426,0.07667306008701273,0.47674007253272327
54.660000000000004,-2.58,Medium,0.5037335735053873,0.14912336185970917,0.3471430646349038,0.5037335735053873
54.660000000000004,-2.56,Low,0.6179805520096475,0.06801005260507845,0.6179805520096475,0.3140093953852741
54.660000000000004,-2.54,High,0.5221138847146921,0.5221138847146921,0.07855424248226564,0.39933187280304244
54.660000000000004,-2.52,Medium,0.5224835970843802,0.24113853693054715,0.23637786598507265,0.5224835970843802
54.660000000000004,-2.48,Low,0.616804875578057,0.026203835520665523,0.616804875578057,0.3569912889012774
54.68,-3.54,Medium,0.48495040428547154,0.3966754159777712,0.11837417973675704,0.48495040428547154
54.68,-3.52,High,0.9755282839977342,0.9755282839977342,0.0007180921476475464,0.023753623854618208
54.68,-3.5,Medium,0.5389334378765009,0.12642285772616335,0.3346437043973356,0.5389334378765009
54.68,-3.48,High,0.9100372183858312,0.9100372183858312,0.00892695718597724,0.08103582442819195
54.68,-3.46,High,0.939507827428703,0.939507827428703,0.004185300543577782,0.05630687202771949
54.68,-3.44,High,0.9583588926570057,0.9583588926570057,0.0012407208713698162,0.04040038647162365
54.68,-3.42,High,0.7234578204356353,0.7234578204356353,0.022681521916454287,0.25386065764791027
54.68,-3.4,High,0.6438172086094425,0.6438172086094425,0.037868786577757524,0.31831400481280037
54.68,-3.38,High,0.90802168455887,0.90802168455887,0.0034633573643952265,0.08851495807673461
54.68,-3.36,High,0.8445344804929981,0.8445344804929981,0.008521246357957884,0.14694427314904387
54.68,-3.34,Low,0.4972277489112182,0.07477010211102053,0.4972277489112182,0.4280021489777613
54.68,-3.3200000000000003,Low,0.7628322289290237,0.017168797435990982,0.7628322289290237,0.21999897363498547
54.68,-3.3000000000000003,Medium,0.49734643953548063,0.17953234181989974,0.32312121864461946,0.49734643953548063
54.68,-3.2800000000000002,Medium,0.5263974137919416,0.21353146991670524,0.26007111629135365,0.5263974137919416
54.68,-3.2600000000000002,High,0.8058469332474302,0.8058469332474302,0.018478621523582543,0.1756744452289873
54.68,-3.24,High,0.835695629746767,0.835695629746767,0.009454211071757045,0.15485015918147588
54.68,-3.22,High,0.5677580149516297,0.5677580149516297,0.06847834919691417,0.3637636358514565
54.68,-3.2,High,0.9385240029865404,0.9385240029865404,0.002357046192745064,0.059118950820714763
54.68,-3.18,Medium,0.4830664457542659,0.09740690929979053,0.4195266449459437,0.4830664457542659
54.68,-3.16,Medium,0.457095679655475,0.447609226434983,0.09529509390954198,0.457095679655475
54.68,-3.0,Medium,0.5093269644396928,0.15142737234978798,0.33924566321051924,0.5093269644396928
54.68,-2.98,Low,0.6072119874671271,0.04132592847969522,0.6072119874671271,0.3514620840531776
54.68,-2.96,Low,0.7144859989545357,0.01919922009994512,0.7144859989545357,0.2663147809455186
54.68,-2.88,High,0.674955262107422,0.674955262107422,0.036848047180533694,0.2881966907120441
54.68,-2.86,High,0.627221086617277,0.627221086617277,0.04307376153012167,0.32970515185260135
54.68,-2.84,High,0.6311401470803653,0.6311401470803653,0.04785347760136156,0.3210063753182733
54.68,-2.82,Medium,0.46098451505517596,0.4450029115680937,0.09401257337673051,0.46098451505517596
54.68,-2.8000000000000003,Medium,0.49213056785316567,0.3964552197901696,0.11141421235666517,0.49213056785316567
54.68,-2.7800000000000002,Medium,0.5517727543164096,0.17371454808528847,0.2745126975983015,0.5517727543164096
54.68,-2.7600000000000002,High,0.9331480746039271,0.9331480746039271,0.0030649392047137174,0.06378698619135938
54.68,-2.74,High,0.5912417771992413,0.5912417771992413,0.04413086678231533,0.3646273560184433
54.68,-2.72,High,0.5648361084966551,0.5648361084966551,0.05599993475310384,0.379163956750241
54.68,-2.7,High,0.7863486739839145,0.7863486739839145,0.01284718922184767,0.20080413679423745
54.68,-2.68,High,0.45859965565950284,0.45859965565950284,0.09153777382707556,0.44986257051342143
54.68,-2.66,Medium,0.5663775224003451,0.13860678604668247,0.29501569155297247,0.5663775224003451
54.68,-2.64,Low,0.6349017689162288,0.03072992465168881,0.6349017689162288,0.3343683064320823
54.68,-2.62,Medium,0.494348529502359,0.2201603449260684,0.2854911255715725,0.494348529502359
54.68,-2.6,Medium,0.4829321648307324,0.3028035922827283,0.21426424288653972,0.4829321648307324
54.68,-2.58,Medium,0.48284530572132633,0.08504815075943804,0.4321065435192356,0.48284530572132633
54.68,-2.56,Low,0.7424719477561199,0.017659941241008423,0.7424719477561199,0.23986811100287206
54.68,-2.54,Low,0.6590011072690691,0.0208105627177334,0.6590011072690691,0.32018833001319735
54.68,-2.46,Low,0.5845675338375236,0.04873123960754763,0.5845675338375236,0.36670122655492887
54.7,-3.52,High,0.8699506816258394,0.8699506816258394,0.005635078101531762,0.12441424027262872
54.7,-3.5,High,0.9669587231350245,0.9669587231350245,0.0006541774310778673,0.03238709943389775
54.7,-3.48,High,0.9726299764377547,0.9726299764377547,0.00048736695707759744,0.026882656605167612
54.7,-3.46,High,0.9715756082239987,0.9715756082239987,0.003983143297312648,0.024441248478688657
54.7,-3.44,High,0.5411532769757279,0.5411532769757279,0.054088143680716974,0.40475857934355525
54.7,-3.42,Medium,0.5333280160892166,0.32377667607532445,0.1428953078354591,0.5333280160892166
54.7,-3.4,High,0.5548659130314602,0.5548659130314602,0.060918817251570945,0.38421526971696907
54.7,-3.38,High,0.7896845999734992,0.7896845999734992,0.007618271114532989,0.20269712891196798
54.7,-3.34,Medium,0.5088901432675218,0.1076917665182612,0.3834180902142168,0.5088901432675218
54.7,-3.3200000000000003,High,0.787307121919663,0.787307121919663,0.013304703526896588,0.19938817455344013
54.7,-3.3000000000000003,Low,0.8360814981105434,0.019536238397168674,0.8360814981105434,0.1443822634922882
54.7,-3.2800000000000002,Medium,0.522646759767647,0.2376183006005942,0.2397349396317589,0.522646759767647
54.7,-3.2600000000000002,Low,0.6014233594997277,0.028450088195024644,0.6014233594997277,0.370126552305248
54.7,-3.24,Medium,0.485169124061756,0.37302123662195596,0.14180963931628793,0.485169124061756
54.7,-3.22,Low,0.5027014454663504,0.051438117039269225,0.5027014454663504,0.44586043749438015
54.7,-3.18,Medium,0.6312228460944629,0.12247765136188925,0.24629950254364766,0.6312228460944629
54.7,-3.16,Low,0.5365040041756125,0.04748754025383026,0.5365040041756125,0.41600845557055743
54.7,-3.0,Medium,0.4785446764051759,0.39090149997185414,0.13055382362296988,0.4785446764051759
54.7,-2.98,Medium,0.5011809090525887,0.3625691339711533,0.13624995697625805,0.5011809090525887
54.7,-2.96,Low,0.5609742903015237,0.04156656697698404,0.5609742903015237,0.3974591427214927
54.7,-2.92,Low,0.5407356496036916,0.0528357361954759,0.5407356496036916,0.40642861420083226
54.7,-2.9,Medium,0.5032972269109781,0.16705560760008392,0.32964716548893824,0.5032972269109781
54.7,-2.88,Medium,0.5360242820673696,0.21782247660215717,0.2461532413304727,0.5360242820673696
54.7,-2.84,Medium,0.5432217296658434,0.22843098877986223,0.22834728155429446,0.5432217296658434
54.7,-2.82,Low,0.6951736294048723,0.023299076582003583,0.6951736294048723,0.28152729401312376
54.7,-2.8000000000000003,High,0.7469849005382718,0.7469849005382718,0.019596278572315443,0.23341882088941307
54.7,-2.7800000000000002,High,0.5320347935169341,0.5320347935169341,0.0716554853824814,0.39630972110058416
54.7,-2.7600000000000002,High,0.8325846053903958,0.8325846053903958,0.013888083352508766,0.1535273112570961
54.7,-2.74,Medium,0.5490887081196714,0.1807615189238275,0.2701497729565012,0.5490887081196714
54.7,-2.72,Medium,0.5114877285428487,0.2340561485345161,0.25445612292263503,0.5114877285428487
54.7,-2.7,Medium,0.5358559056396184,0.17239882144338012,0.2917452729170018,0.5358559056396184
54.7,-2.68,High,0.7369184707658725,0.7369184707658725,0.02306844058071005,0.24001308865341722
54.7,-2.66,High,0.8723871593099733,0.8723871593099733,0.007182274826643837,0.12043056586338272
54.7,-2.64,Medium,0.5557358029441796,0.22241385047015394,0.22185034658566632,0.5557358029441796
54.7,-2.62,Medium,0.5930424244605021,0.12490863819898815,0.2820489373405088,0.5930424244605021
54.7,-2.6,High,0.7935696041246252,0.7935696041246252,0.011083912426038447,0.19534648344933658
54.7,-2.58,High,0.6993515418162879,0.6993515418162879,0.03267054096829146,0.26797791721542086
54.72,-3.5,High,0.9668623562926625,0.9668623562926625,0.0005577494090821295,0.032579894298255314
54.72,-3.48,High,0.9720725087271898,0.9720725087271898,0.0005048149780993856,0.027422676294710874
54.72,-3.46,High,0.5172367245389878,0.5172367245389878,0.0597046877956007,0.42305858766541166
54.72,-3.44,High,0.9719734222282891,0.9719734222282891,0.0006908232065759982,0.027335754565135068
54.72,-3.42,Medium,0.5352377927827553,0.2142000599955486,0.250562147221696,0.5352377927827553
54.72,-3.4,Medium,0.5582147483880662,0.2362198267049226,0.20556542490701127,0.5582147483880662
54.72,-3.38,Medium,0.519824591407477,0.35239917365037016,0.1277762349421527,0.519824591407477
54.72,-3.34,Low,0.5318302415379412,0.05521360799353383,0.5318302415379412,0.41295615046852524
54.72,-3.3200000000000003,Low,0.5263068952263008,0.04441376534709362,0.5263068952263008,0.4292793394266058
54.72,-3.3000000000000003,Low,0.5026557122323092,0.06281175416864401,0.5026557122323092,0.4345325335990466
54.72,-3.2800000000000002,Low,0.5570950548831327,0.05084596491271599,0.5570950548831327,0.3920589802041517
54.72,-3.2600000000000002,Low,0.6844488292370461,0.024149029493584197,0.6844488292370461,0.2914021412693696
54.72,-3.18,Medium,0.569248383706529,0.18096892176579132,0.24978269452767946,0.569248383706529
54.72,-3.16,Medium,0.5208217075258179,0.3367800013492404,0.14239829112494187,0.5208217075258179
54.72,-3.14,Medium,0.46991205393965385,0.09858435689629086,0.4315035891640552,0.46991205393965385
54.72,-3.12,Low,0.5487767716029169,0.042343974961725185,0.5487767716029169,0.4088792534353579
54.72,-3.1,Medium,0.5048147189867189,0.10262685537749328,0.3925584256357876,0.5048147189867189
54.72,-3.08,Medium,0.5532465880137937,0.20918171553316398,0.23757169645304235,0.5532465880137937
54.72,-3.06,Medium,0.4782708352715025,0.08759146637110955,0.4341376983573882,0.4782708352715025
54.72,-3.04,Medium,0.5657479498544908,0.15688293061972675,0.2773691195257828,0.5657479498544908
54.72,-3.02,Medium,0.4557777356307829,0.25818560009302227,0.2860366642761946,0.4557777356307829
54.72,-3.0,Medium,0.5077002411346555,0.3718974551948445,0.12040230367050014,0.5077002411346555
54.72,-2.98,Medium,0.5269224643472004,0.23692030716300055,0.23615722848979906,0.5269224643472004
54.72,-2.96,Medium,0.5654753522564299,0.13955754880729893,0.29496709893627115,0.5654753522564299
54.72,-2.94,Medium,0.5065489808397178,0.19186723057055605,0.3015837885897264,0.5065489808397178
54.72,-2.92,Medium,0.5530107791481738,0.19784419823871097,0.2491450226131152,0.5530107791481738
54.72,-2.9,Medium,0.5264186742392523,0.3004903565111471,0.17309096924960093,0.5264186742392523
54.72,-2.88,High,0.8492023761563933,0.8492023761563933,0.007104543919581673,0.1436930799240242
54.72,-2.86,Medium,0.5409586876272899,0.221955375775049,0.23708593659766117,0.5409586876272899
54.72,-2.84,High,0.5224676547388103,0.5224676547388103,0.061349499429382795,0.41618284583180687
54.72,-2.82,Medium,0.5189475478375761,0.10772865578008956,0.3733237963823345,0.5189475478375761
54.72,-2.8000000000000003,High,0.4702812579472584,0.4702812579472584,0.0754878283509841,0.4542309137017575
54.72,-2.7800000000000002,High,0.806200728791659,0.806200728791659,0.014240187710691094,0.17955908349765015
54.72,-2.7600000000000002,Medium,0.5266020123527376,0.17339758042926995,0.30000040721799237,0.5266020123527376
54.72,-2.72,Low,0.4852169981403533,0.05968884861986313,0.4852169981403533,0.45509415323978364
54.72,-2.7,High,0.8317229425135152,0.8317229425135152,0.018205340413373614,0.150071717073111
54.72,-2.68,High,0.6910090566016255,0.6910090566016255,0.021817745900836228,0.2871731974975383
54.72,-2.66,High,0.506256619709679,0.506256619709679,0.08951299490469859,0.40423038538562267
54.72,-2.64,Medium,0.547708875748975,0.13303665516262325,0.31925446908840177,0.547708875748975
54.72,-2.62,Low,0.6339675734074032,0.02764042606726685,0.6339675734074032,0.33839200052532953
54.72,-2.6,High,0.6288392402754756,0.6288392402754756,0.0388440081727022,0.3323167515518217
54.72,-2.56,Low,0.7250145279718825,0.01491294874867672,0.7250145279718825,0.26007252327944114
54.74,-3.48,Low,0.564960799194974,0.06462008308753737,0.564960799194974,0.3704191177174887
54.74,-3.44,High,0.9559940281437878,0.9559940281437878,0.0013050599476293575,0.042700911908581995
54.74,-3.42,High,0.8281662632614935,0.8281662632614935,0.012697441241095571,0.1591362954974111
54.74,-3.4,High,0.4848058450540865,0.4848058450540865,0.08103347741677545,0.43416067752913806
54.74,-3.38,High,0.734608481762653,0.734608481762653,0.025450394577791385,0.23994112365955508
54.74,-3.36,Medium,0.4959434869497224,0.17081759354888587,0.33323891950139184,0.4959434869497224
54.74,-3.34,High,0.7815349779159491,0.7815349779159491,0.01586850469296698,0.20259651739108406
54.74,-3.3200000000000003,High,0.949610591763899,0.949610591763899,0.0015138609343925483,0.04887554730170856
54.74,-3.3000000000000003,Low,0.8188791077804362,0.00608081672925001,0.8188791077804362,0.17504007549031428
54.74,-3.2800000000000002,High,0.7547960464214767,0.7547960464214767,0.01627633481943306,0.22892761875909037
54.74,-3.2600000000000002,Medium,0.5302455686528134,0.19053882732346009,0.27921560402372636,0.5302455686528134
54.74,-3.24,High,0.7894533508085807,0.7894533508085807,0.01768234708420868,0.19286430210721053
54.74,-3.22,Low,0.5390253516022697,0.05727129576322982,0.5390253516022697,0.40370335263450063
54.74,-3.2,Medium,0.5112922578695607,0.13674035826698167,0.35196738386345783,0.5112922578695607
54.74,-3.18,High,0.8267773653188552,0.8267773653188552,0.014749912236274792,0.1584727224448702
54.74,-3.16,Medium,0.5590672387629188,0.22664022998179148,0.21429253125528958,0.5590672387629188
54.74,-3.14,Low,0.7265856089555208,0.019114060678954953,0.7265856089555208,0.25430033036552424
54.74,-3.12,Low,0.5320011998614063,0.058919715534471874,0.5320011998614063,0.4090790846041218
54.74,-3.1,Medium,0.5085751583178492,0.13565327514159523,0.3557715665405554,0.5085751583178492
54.74,-3.08,High,0.5437218089100582,0.5437218089100582,0.06505052626093943,0.39122766482900223
54.74,-3.06,High,0.7111679397832731,0.7111679397832731,0.02964956894053389,0.2591824912761934
54.74,-3.04,Low,0.5829693495023635,0.06537281233396289,0.5829693495023635,0.3516578381636735
54.74,-3.02,Medium,0.48846010568189635,0.38343794360226463,0.12810195071583994,0.48846010568189635
54.74,-3.0,Medium,0.5023351837436362,0.3738698803997048,0.12379493585665889,0.5023351837436362
54.74,-2.98,High,0.8114983895711696,0.8114983895711696,0.00892560670897351,0.17957600371985705
54.74,-2.96,Medium,0.4617450408774256,0.144807746564702,0.3934472125578721,0.4617450408774256
54.74,-2.94,Medium,0.5197191357666997,0.2940015901147614,0.18627927411853942,0.5197191357666997
54.74,-2.92,Medium,0.5424197954081518,0.18391010825577264,0.27367009633607564,0.5424197954081518
54.74,-2.9,Low,0.4872725250554116,0.06426916340709637,0.4872725250554116,0.44845831153749166
54.74,-2.88,Low,0.4957099334048245,0.04681746379785648,0.4957099334048245,0.45747260279731905
54.74,-2.86,Medium,0.5289342108132352,0.335887962027903,0.13517782715886179,0.5289342108132352
54.74,-2.84,High,0.9183926058877317,0.9183926058877317,0.0017722266792947806,0.0798351674329731
54.74,-2.82,High,0.7702404229112152,0.7702404229112152,0.012961051229738951,0.21679852585904608
54.74,-2.8000000000000003,Low,0.475053431857418,0.10244422514539486,0.475053431857418,0.422502342997187
54.74,-2.72,High,0.6185908059743269,0.6185908059743269,0.04258069731264705,0.33882849671302595
54.74,-2.7,High,0.5520671331361748,0.5520671331361748,0.06510254937816351,0.38283031748566143
54.74,-2.68,High,0.933279884009612,0.933279884009612,0.0007894540648858581,0.06593066192550155
54.74,-2.66,High,0.7065854003742629,0.7065854003742629,0.031270960252011155,0.26214363937372587
54.74,-2.62,Medium,0.49587120668547185,0.1743986487420642,0.32973014457246413,0.49587120668547185
54.74,-2.6,High,0.721809119569441,0.721809119569441,0.034318438360947175,0.24387244206961178
54.74,-2.38,Low,0.5594128134988671,0.057240946318889464,0.5594128134988671,0.38334624018224356
54.76,-3.42,High,0.7360022828996787,0.7360022828996787,0.014690256719307375,0.2493074603810134
54.76,-3.4,High,0.46247924943001506,0.46247924943001506,0.08712646665815788,0.4503942839118265
54.76,-3.38,High,0.9519501501112818,0.9519501501112818,0.0018722261705722929,0.04617762371814575
54.76,-3.36,Medium,0.5203851351687588,0.3200610058284705,0.15955385900277053,0.5203851351687588
54.76,-3.34,High,0.9699129099961167,0.9699129099961167,0.0006435212123701308,0.029443568791513424
54.76,-3.3200000000000003,High,0.9539926113453473,0.9539926113453473,0.004239683815882626,0.0417677048387701
54.76,-3.3000000000000003,High,0.8429225637382199,0.8429225637382199,0.008399379525089722,0.14867805673669024
54.76,-3.2800000000000002,High,0.7358970967015861,0.7358970967015861,0.0434458597935013,0.22065704350491233
54.76,-3.2600000000000002,Medium,0.466096670569646,0.41849924262638316,0.11540408680397073,0.466096670569646
54.76,-3.24,High,0.6177014530402921,0.6177014530402921,0.03685794911779963,0.3454405978419085
54.76,-3.22,High,0.53898861015533,0.53898861015533,0.05528183642909406,0.40572955341557626
54.76,-3.2,Medium,0.5389090863551498,0.2579518291323992,0.20313908451245088,0.5389090863551498
54.76,-3.18,Medium,0.47019371523439085,0.41944186107156656,0.11036442369404248,0.47019371523439085
54.76,-3.16,Medium,0.5671902600349938,0.20748270977260325,0.22532703019240297,0.5671902600349938
54.76,-3.14,Medium,0.5090726689804973,0.17890867094618396,0.31201866007331885,0.5090726689804973
54.76,-3.12,Low,0.7165786551277314,0.015806392224772776,0.7165786551277314,0.26761495264749574
54.76,-3.08,Medium,0.5795344706285621,0.10214451709730943,0.3183210122741286,0.5795344706285621
54.76,-3.06,High,0.49324526519427636,0.49324526519427636,0.0881265887899106,0.41862814601581294
54.76,-3.04,Low,0.49977544916385747,0.028080143793665926,0.49977544916385747,0.47214440704247695
54.76,-3.02,Medium,0.5211061163650659,0.11937204520950954,0.35952183842542484,0.5211061163650659
54.76,-3.0,High,0.7871650457214712,0.7871650457214712,0.00857593143630306,0.2042590228422254
54.76,-2.98,High,0.47592295723737477,0.47592295723737477,0.07967803378713098,0.4443990089754943
54.76,-2.94,Medium,0.4495105420619316,0.43977558402972206,0.11071387390834662,0.4495105420619316
54.76,-2.92,Medium,0.5391039329692472,0.18155060790459487,0.2793454591261585,0.5391039329692472
54.76,-2.9,Low,0.48830428334821446,0.07329052734572483,0.48830428334821446,0.43840518930606054
54.76,-2.88,Medium,0.5547961411007118,0.2393640676123926,0.20583979128689578,0.5547961411007118
54.76,-2.86,Medium,0.5289658060773472,0.15300514004753582,0.318029053875117,0.5289658060773472
54.76,-2.84,High,0.650360341048248,0.650360341048248,0.04357019017040622,0.3060694687813455
54.76,-2.82,High,0.7263120017943231,0.7263120017943231,0.015575316009625435,0.2581126821960514
54.76,-2.8000000000000003,Medium,0.5257272462079934,0.27121370416018215,0.20305904963182456,0.5257272462079934
54.76,-2.7800000000000002,Low,0.557105245687451,0.046289177177840354,0.557105245687451,0.3966055771347088
54.76,-2.7600000000000002,Low,0.6901460513489189,0.016627424624490846,0.6901460513489189,0.29322652402659055
54.76,-2.74,Medium,0.5116655931425417,0.0922238020200924,0.3961106048373658,0.5116655931425417
54.76,-2.72,High,0.6382027179099391,0.6382027179099391,0.03258920479421849,0.3292080772958424
54.76,-2.7,High,0.9429560441463782,0.9429560441463782,0.0022951791469481065,0.05474877670667391
54.76,-2.68,Medium,0.5010296508017835,0.10612198047311246,0.39284836872510404,0.5010296508017835
54.76,-2.66,Medium,0.517121628975028,0.3009896477706307,0.18188872325434155,0.517121628975028
54.76,-2.6,Medium,0.5141087211856463,0.10459429685682975,0.38129698195752376,0.5141087211856463
54.76,-2.58,Low,0.47690261816795854,0.11838608762767859,0.47690261816795854,0.40471129420436236
54.76,-2.56,Low,0.572724659725436,0.04867227230943239,0.572724659725436,0.37860306796513127
54.76,-2.4,High,0.6659659006591735,0.6659659006591735,0.03606149381456792,0.2979726055262583
54.76,-2.38,Medium,0.5144203895131474,0.1896953467446524,0.2958842637422006,0.5144203895131474
54.76,-2.36,Low,0.710563497263339,0.016427506234930774,0.710563497263339,0.2730089965017297
54.78,-3.42,High,0.9218816065545568,0.9218816065545568,0.0031402215087132767,0.0749781719367302
54.78,-3.4,Low,0.5809749728057468,0.05899385446705467,0.5809749728057468,0.3600311727271985
54.78,-3.38,Medium,0.5537543631010571,0.1272640561280868,0.3189815807708558,0.5537543631010571
54.78,-3.36,High,0.4567642326046083,0.4567642326046083,0.08723901769127661,0.4559967497041149
54.78,-3.34,High,0.9152762556699564,0.9152762556699564,0.001687930986219315,0.08303581334382396
54.78,-3.3200000000000003,Medium,0.5013419345652855,0.3767240717580641,0.12193399367664982,0.5013419345652855
54.78,-3.3000000000000003,Medium,0.5172366794707695,0.2612683152014417,0.22149500532778874,0.5172366794707695
54.78,-3.2800000000000002,Low,0.4979986837517291,0.06899088429902923,0.4979986837517291,0.4330104319492416
54.78,-3.2600000000000002,Medium,0.5306124947557423,0.37553992668864306,0.09384757855561475,0.5306124947557423
54.78,-3.24,High,0.8572937022926657,0.8572937022926657,0.006051721564869844,0.1366545761424643
54.78,-3.22,Medium,0.5171046729188216,0.2930922011385359,0.18980312594264256,0.5171046729188216
54.78,-3.2,Medium,0.4480807851249029,0.4305824550299894,0.12133675984510793,0.4480807851249029
54.78,-3.18,High,0.7680405740719016,0.7680405740719016,0.016643062703069818,0.2153163632250292
54.78,-3.16,Medium,0.5020728870806522,0.3832654613460644,0.1146616515732835,0.5020728870806522
54.78,-3.14,Low,0.5480618931879059,0.05084650242901878,0.5480618931879059,0.401091604383075
54.78,-3.12,Low,0.5422356228983475,0.059614644781085885,0.5422356228983475,0.39814973232056644
54.78,-3.1,Medium,0.5287091413011016,0.2505956877732164,0.22069517092568178,0.5287091413011016
54.78,-3.08,Medium,0.48015638390768567,0.09686991292817052,0.422973703164144,0.48015638390768567
54.78,-3.04,Low,0.7192292680488367,0.01663977535844117,0.7192292680488367,0.26413095659272195
54.78,-3.02,High,0.4990898610474022,0.4990898610474022,0.10160122820616324,0.3993089107464345
54.78,-3.0,High,0.9396376474994241,0.9396376474994241,0.002066006291282936,0.05829634620929244
54.78,-2.98,Medium,0.5316340055061053,0.23179554665818064,0.23657044783571388,0.5316340055061053
54.78,-2.96,Medium,0.49303389273769327,0.39336776650349625,0.11359834075881063,0.49303389273769327
54.78,-2.94,High,0.6918513739518707,0.6918513739518707,0.028096435811555673,0.28005219023657313
54.78,-2.92,Medium,0.48797781994924994,0.21091642288214804,0.30110575716860166,0.48797781994924994
54.78,-2.9,High,0.8119055394682018,0.8119055394682018,0.012994829255570437,0.17509963127622785
54.78,-2.88,Medium,0.5493990078743028,0.19981741897499453,0.25078357315070254,0.5493990078743028
54.78,-2.86,Medium,0.5585012955922809,0.17220111246120137,0.269297591946518,0.5585012955922809
54.78,-2.84,Medium,0.4493320416676693,0.42808281819641036,0.12258514013592008,0.4493320416676693
54.78,-2.82,High,0.708468164916995,0.708468164916995,0.02374908986916985,0.2677827452138351
54.78,-2.8000000000000003,Low,0.5724610860587178,0.043256250737622653,0.5724610860587178,0.3842826632036591
54.78,-2.7600000000000002,Low,0.8170114365947745,0.006437078353348609,0.8170114365947745,0.1765514850518773
54.78,-2.72,Medium,0.49497253800182767,0.30891552661989946,0.19611193537827312,0.49497253800182767
54.78,-2.7,Medium,0.47569240687191366,0.36024062098916865,0.16406697213891788,0.47569240687191366
54.78,-2.68,Medium,0.4889461235507078,0.38961492080995197,0.12143895563934055,0.4889461235507078
54.78,-2.66,Low,0.5778702289804847,0.044882750152544046,0.5778702289804847,0.3772470208669712
54.78,-2.64,Medium,0.5008984540198531,0.20067321159143808,0.29842833438870864,0.5008984540198531
54.78,-2.62,High,0.4645153613609564,0.4645153613609564,0.12842216290560365,0.40706247573343973
54.78,-2.6,Low,0.6948095543490741,0.02118528409676903,0.6948095543490741,0.2840051615541565
54.78,-2.48,Low,0.7215564557122911,0.017939453002437777,0.7215564557122911,0.260504091285271
54.78,-2.46,Medium,0.47088405180070453,0.3944245875706273,0.13469136062866813,0.47088405180070453
54.78,-2.44,Medium,0.510320351453612,0.09700793962423791,0.39267170892215014,0.510320351453612
54.78,-2.42,Medium,0.49521567208286044,0.34090429098695224,0.16388003693018738,0.49521567208286044
54.78,-2.4,Medium,0.4665614385982751,0.31495286162353514,0.21848569977818966,0.4665614385982751
54.78,-2.36,Low,0.6879857552772903,0.024617513504393895,0.6879857552772903,0.2873967312183161
54.78,-2.34,High,0.5383330790395969,0.5383330790395969,0.06511433469049029,0.3965525862699131
54.800000000000004,-3.44,Low,0.47137697489940567,0.07898737379010162,0.47137697489940567,0.44963565131049277
54.800000000000004,-3.42,High,0.8129752788913909,0.8129752788913909,0.01003484529037949,0.17698987581822934
54.800000000000004,-3.4,High,0.511628258106253,0.511628258106253,0.08188917827179445,0.40648256362195245
54.800000000000004,-3.38,Low,0.4773030805910232,0.0642536127488568,0.4773030805910232,0.4584433066601195
54.800000000000004,-3.36,Medium,0.537239401506846,0.2869250759334612,0.1758355225596927,0.537239401506846
54.800000000000004,-3.34,Medium,0.5285761797603592,0.1481106901064094,0.3233131301332315,0.5285761797603592
54.800000000000004,-3.3200000000000003,Medium,0.564389500342838,0.27748302593177515,0.158127473725387,0.564389500342838
54.800000000000004,-3.3000000000000003,High,0.6153165392950235,0.6153165392950235,0.04682235340804704,0.3378611072969289
54.800000000000004,-3.2800000000000002,High,0.44984591972579685,0.44984591972579685,0.11288172344335055,0.43727235683085275
54.800000000000004,-3.2600000000000002,High,0.6717967896027425,0.6717967896027425,0.034825116724162636,0.2933780936730948
54.800000000000004,-3.24,Medium,0.4868402045368815,0.15927339474937047,0.35388640071374816,0.4868402045368815
54.800000000000004,-3.22,High,0.6761811989900219,0.6761811989900219,0.031520963944028625,0.2922978370659494
54.800000000000004,-3.2,Medium,0.5542902566861293,0.24469379913787853,0.20101594417599222,0.5542902566861293
54.800000000000004,-3.18,High,0.7835871855418273,0.7835871855418273,0.015302580570919055,0.20111023388725355
54.800000000000004,-3.16,Medium,0.4374623203628469,0.3548905113195008,0.20764716831765268,0.4374623203628469
54.800000000000004,-3.14,High,0.6033737790673914,0.6033737790673914,0.048939695410258215,0.3476865255223503
54.800000000000004,-3.12,Low,0.6510635441268849,0.015094683816067241,0.6510635441268849,0.33384177205704774
54.800000000000004,-3.1,Medium,0.5380592718799398,0.2268593559590865,0.23508137216097402,0.5380592718799398
54.800000000000004,-3.08,Medium,0.524861733440441,0.09970331819757998,0.3754349483619787,0.524861733440441
54.800000000000004,-3.06,High,0.6535172537561845,0.6535172537561845,0.0357579243943921,0.31072482184942324
54.800000000000004,-3.04,Medium,0.507244675174898,0.07242563844839676,0.42032968637670515,0.507244675174898
54.800000000000004,-3.02,Medium,0.530568611764331,0.08231765893534454,0.38711372930032484,0.530568611764331
54.800000000000004,-3.0,High,0.68835656930556,0.68835656930556,0.028508803368260477,0.2831346273261797
54.800000000000004,-2.98,Medium,0.5370894574774578,0.22173419139895434,0.24117635112358765,0.5370894574774578
54.800000000000004,-2.96,High,0.8920500419800418,0.8920500419800418,0.004011368115202603,0.1039385899047562
54.800000000000004,-2.94,Medium,0.549969246282968,0.11528804127453014,0.33474271244250176,0.549969246282968
54.800000000000004,-2.92,Medium,0.5173279405014424,0.18636529576381888,0.2963067637347385,0.5173279405014424
54.800000000000004,-2.9,Medium,0.5235014741369164,0.22995630612664195,0.2465422197364417,0.5235014741369164
54.800000000000004,-2.88,Medium,0.5499022209711847,0.14746035808762145,0.3026374209411939,0.5499022209711847
54.800000000000004,-2.86,High,0.7302606753453331,0.7302606753453331,0.031444427341483824,0.23829489731318332
54.800000000000004,-2.84,High,0.8653526136593013,0.8653526136593013,0.007054578575107472,0.12759280776559195
54.800000000000004,-2.82,High,0.771134424214379,0.771134424214379,0.019444551774270378,0.2094210240113509
54.800000000000004,-2.8000000000000003,Medium,0.5114426000281571,0.20456588259749642,0.2839915173743466,0.5114426000281571
54.800000000000004,-2.7800000000000002,Medium,0.4852823183586426,0.3912080573128187,0.12350962432853903,0.4852823183586426
54.800000000000004,-2.7600000000000002,High,0.6895441086175463,0.6895441086175463,0.029544338217222244,0.2809115531652312
54.800000000000004,-2.74,Medium,0.49590589241446636,0.2887988490440075,0.21529525854152606,0.49590589241446636
54.800000000000004,-2.72,High,0.5081517799956217,0.5081517799956217,0.0782178710537996,0.4136303489505786
54.800000000000004,-2.7,Low,0.667904172254013,0.02224590502858001,0.667904172254013,0.3098499227174071
54.800000000000004,-2.68,Medium,0.47806474756207934,0.07346537215431007,0.4484698802836106,0.47806474756207934
54.800000000000004,-2.66,Low,0.6800065874901258,0.022860703449447684,0.6800065874901258,0.29713270906042655
54.800000000000004,-2.64,Low,0.45266577993725804,0.09868535706732832,0.45266577993725804,0.44864886299541384
54.800000000000004,-2.46,High,0.5784666924329903,0.5784666924329903,0.06180405710993396,0.35972925045707554
54.800000000000004,-2.44,High,0.680671428267075,0.680671428267075,0.022307668776978717,0.29702090295594646
54.800000000000004,-2.42,Medium,0.48884019848046334,0.17836951395604606,0.3327902875634907,0.48884019848046334
54.800000000000004,-2.4,Low,0.6701559330766955,0.017588932279200595,0.6701559330766955,0.3122551346441041
54.800000000000004,-2.38,High,0.6463825266066954,0.6463825266066954,0.034387112410922765,0.3192303609823818
54.800000000000004,-2.36,Medium,0.4252009115958176,0.27673619310354713,0.2980628953006356,0.4252009115958176
54.800000000000004,-2.34,Medium,0.4949367686915626,0.37190743263355996,0.13315579867487753,0.4949367686915626
54.82,-3.42,Medium,0.49824258200018856,0.17600447418962265,0.325752943810189,0.49824258200018856
54.82,-3.4,Medium,0.5297257385236809,0.13831199911036063,0.33196226236595877,0.5297257385236809
54.82,-3.38,Medium,0.4850104968284786,0.06143875065962389,0.45355075251189775,0.4850104968284786
54.82,-3.36,Medium,0.5488447099078921,0.180900928245714,0.2702543618463939,0.5488447099078921
54.82,-3.34,High,0.6369583976865401,0.6369583976865401,0.04715106782971619,0.3158905344837441
54.82,-3.3200000000000003,Low,0.5267926631909389,0.05586224545165356,0.5267926631909389,0.417345091357407
54.82,-3.3000000000000003,Low,0.6404660633021142,0.032108727011481965,0.6404660633021142,0.327425209686404
54.82,-3.2800000000000002,High,0.5594144573809785,0.5594144573809785,0.07373266029322184,0.3668528823257997
54.82,-3.2600000000000002,Medium,0.49508971189050377,0.2540731853707856,0.25083710273871046,0.49508971189050377
54.82,-3.24,High,0.754107802426848,0.754107802426848,0.030222640001660084,0.2156695575714921
54.82,-3.22,High,0.664944826033453,0.664944826033453,0.03071714404623658,0.3043380299203103
54.82,-3.2,High,0.7458430615182357,0.7458430615182357,0.021791378237378915,0.2323655602443856
54.82,-3.18,High,0.9675645106295958,0.9675645106295958,0.0006420793127175509,0.031793410057686454
54.82,-3.16,High,0.9632624440620033,0.9632624440620033,0.0009267523164202023,0.03581080362157663
54.82,-3.14,Medium,0.5811130482056598,0.2346824033929245,0.18420454840141598,0.5811130482056598
54.82,-3.12,Medium,0.5278003966043261,0.23232960571079236,0.23986999768488157,0.5278003966043261
54.82,-3.1,High,0.4861788278986489,0.4861788278986489,0.07187499720800744,0.44194617489334365
54.82,-3.06,High,0.47368847213728343,0.47368847213728343,0.06341400685771173,0.4628975210050049
54.82,-3.04,Medium,0.48500163693405596,0.39428056880958884,0.1207177942563558,0.48500163693405596
54.82,-3.02,High,0.5268109907982172,0.5268109907982172,0.08161309661017098,0.39157591259161184
54.82,-3.0,High,0.8762060938475905,0.8762060938475905,0.004238746362969815,0.11955515978943901
54.82,-2.98,High,0.5250620087933702,0.5250620087933702,0.05109501282141675,0.42384297838521307
54.82,-2.96,Medium,0.5021434851800667,0.28114683346460634,0.21670968135532698,0.5021434851800667
54.82,-2.94,High,0.5795943922938177,0.5795943922938177,0.052197326374734905,0.36820828133144706
54.82,-2.9,Low,0.5023688161531122,0.057870931449081266,0.5023688161531122,0.4397602523978067
54.82,-2.88,High,0.6440841002923469,0.6440841002923469,0.03899967031944698,0.31691622938820646
54.82,-2.86,Medium,0.5134624929946705,0.33011610609423647,0.1564214009110929,0.5134624929946705
54.82,-2.84,Medium,0.5985371459944839,0.09956476246961968,0.3018980915358965,0.5985371459944839
54.82,-2.82,Low,0.6733714379536838,0.023517980601829545,0.6733714379536838,0.3031105814444865
54.82,-2.8000000000000003,Low,0.5346499084256819,0.0382401190945439,0.5346499084256819,0.42710997247977417
54.82,-2.7800000000000002,Low,0.602896801525836,0.0421571287677772,0.602896801525836,0.3549460697063869
54.82,-2.7600000000000002,Medium,0.5534242486402099,0.2103092015488237,0.23626654981096606,0.5534242486402099
54.82,-2.74,Medium,0.4442733633155202,0.4348902819191162,0.12083635476536334,0.4442733633155202
54.82,-2.72,Low,0.5328032350463121,0.06070186639196223,0.5328032350463121,0.40649489856172566
54.82,-2.7,Low,0.5080384642056199,0.08028687640128948,0.5080384642056199,0.4116746593930906
54.82,-2.68,Medium,0.5184556884292597,0.289161558146376,0.19238275342436403,0.5184556884292597
54.82,-2.66,Medium,0.5105015264465708,0.34968053355440104,0.13981793999902833,0.5105015264465708
54.82,-2.46,Medium,0.5017253975184027,0.37907384823850515,0.11920075424309222,0.5017253975184027
54.82,-2.44,High,0.9447227919347886,0.9447227919347886,0.0018585543685186701,0.05341865369669264
54.82,-2.42,High,0.5416185175893964,0.5416185175893964,0.09098761209464168,0.3673938703159618
54.82,-2.4,Medium,0.5181877657459769,0.22789030006699254,0.25392193418703046,0.5181877657459769
54.82,-2.38,Low,0.7786342254265574,0.0086320771971104,0.7786342254265574,0.2127336973763321
54.84,-3.42,Medium,0.466691532429153,0.4157312109321283,0.11757725663871835,0.466691532429153
54.84,-3.4,Medium,0.5467180641055202,0.24704074255781616,0.20624119333666358,0.5467180641055202
54.84,-3.38,Medium,0.423476558136468,0.3270252036519721,0.2494982382115599,0.423476558136468
54.84,-3.36,High,0.598472389305134,0.598472389305134,0.03411218752725007,0.36741542316761594
54.84,-3.34,Medium,0.5221103536494329,0.1419847234555841,0.3359049228949835,0.5221103536494329
54.84,-3.3200000000000003,Medium,0.5180258042586053,0.35834052973674135,0.12363366600465354,0.5180258042586053
54.84,-3.3000000000000003,High,0.7166895134548276,0.7166895134548276,0.03240768957914584,0.2509027969660265
54.84,-3.2800000000000002,High,0.8451500471421832,0.8451500471421832,0.009852255663291835,0.14499769719452563
54.84,-3.2600000000000002,Medium,0.5127709035544112,0.18845003564999463,0.2987790607955941,0.5127709035544112
54.84,-3.24,Medium,0.49667115233396475,0.380870446485501,0.1224584011805341,0.49667115233396475
54.84,-3.22,High,0.6599482314649979,0.6599482314649979,0.041393225027775274,0.29865854350722704
54.84,-3.18,High,0.8191984339693336,0.8191984339693336,0.01525464206311679,0.1655469239675492
54.84,-3.16,High,0.9265892802442112,0.9265892802442112,0.00070998665094913,0.07270073310483935
54.84,-3.14,Medium,0.5101731324638243,0.30742616576143506,0.1824007017747409,0.5101731324638243
54.84,-3.12,High,0.5738396402106697,0.5738396402106697,0.0646158372529941,0.3615445225363361
54.84,-3.1,Medium,0.4706305124842447,0.41411281711522996,0.11525667040052553,0.4706305124842447
54.84,-3.08,High,0.8990483725193656,0.8990483725193656,0.008089010363795175,0.0928626171168399
54.84,-3.06,High,0.9230979515405028,0.9230979515405028,0.003166642733297097,0.07373540572620012
54.84,-3.04,High,0.7306514285835495,0.7306514285835495,0.023571941918965625,0.2457766294974851
54.84,-3.02,Medium,0.4989800751401293,0.31058239167566315,0.19043753318420745,0.4989800751401293
54.84,-3.0,High,0.8805254335238993,0.8805254335238993,0.007554962952269408,0.11191960352383154
54.84,-2.98,High,0.9539516626086485,0.9539516626086485,0.004688945230205685,0.041359392161146244
54.84,-2.96,High,0.5299583677935565,0.5299583677935565,0.06163561412410494,0.40840601808233873
54.84,-2.94,High,0.7658910235743542,0.7658910235743542,0.020436469180413388,0.21367250724523232
54.84,-2.92,High,0.48282107580947065,0.48282107580947065,0.0766387084145842,0.4405402157759451
54.84,-2.9,Medium,0.5581445639420443,0.15288910856529556,0.28896632749266066,0.5581445639420443
54.84,-2.88,High,0.626136433081645,0.626136433081645,0.05175490164851222,0.3221086652698433
54.84,-2.86,High,0.4729748473277088,0.4729748473277088,0.08835005278738954,0.4386750998849017
54.84,-2.84,High,0.45215664007238054,0.45215664007238054,0.09820838738782182,0.44963497253979773
54.84,-2.82,High,0.8371365513988183,0.8371365513988183,0.00931073304792973,0.15355271555325178
54.84,-2.8000000000000003,Medium,0.49256995081794275,0.12273036283737497,0.38469968634468205,0.49256995081794275
54.84,-2.7800000000000002,Medium,0.5229482391517144,0.20751752920601704,0.2695342316422688,0.5229482391517144
54.84,-2.7600000000000002,High,0.7493321374330363,0.7493321374330363,0.021731718295664035,0.22893614427130057
54.84,-2.74,Medium,0.5152971635023832,0.18121837401897,0.30348446247864674,0.5152971635023832
54.84,-2.7,High,0.4462752082801448,0.4462752082801448,0.13775835337830028,0.4159664383415549
54.84,-2.68,Medium,0.5157714196199753,0.2324509383505149,0.2517776420295098,0.5157714196199753
54.84,-2.42,Medium,0.5107465340610698,0.2785308672740521,0.21072259866487822,0.5107465340610698
54.86,-3.4,High,0.6542638656734688,0.6542638656734688,0.04067065764828731,0.30506547667824413
54.86,-3.38,High,0.9313016603660299,0.9313016603660299,0.0007322753382035833,0.06796606429576585
54.86,-3.36,High,0.787403692716279,0.787403692716279,0.018581867883163104,0.194014439400558
54.86,-3.34,Medium,0.514330833501943,0.3259437289406806,0.15972543755737634,0.514330833501943
54.86,-3.3200000000000003,High,0.5031769511963732,0.5031769511963732,0.12439304892611915,0.37242999987750786
54.86,-3.3000000000000003,Medium,0.4754247613367586,0.19322651162178586,0.33134872704145535,0.4754247613367586
54.86,-3.2800000000000002,Low,0.6196668969679842,0.035578907361561364,0.6196668969679842,0.3447541956704539
54.86,-3.2600000000000002,Medium,0.4763416732871491,0.4028186890001407,0.1208396377127099,0.4763416732871491
54.86,-3.2,Medium,0.5404899062909787,0.12051278302675934,0.3389973106822617,0.5404899062909787
54.86,-3.18,High,0.666411766032555,0.666411766032555,0.01992133939599938,0.31366689457144575
54.86,-3.16,High,0.7636774214955367,0.7636774214955367,0.01874925851496549,0.2175733199894973
54.86,-3.14,Medium,0.5432631378223448,0.2794869455436901,0.17724991663396492,0.5432631378223448
54.86,-3.12,Medium,0.5639418042597684,0.23472436942111988,0.20133382631911215,0.5639418042597684
54.86,-3.1,High,0.47807436182465746,0.47807436182465746,0.10680202572876013,0.4151236124465825
54.86,-3.08,Medium,0.5277122977035251,0.3246472464987848,0.14764045579768972,0.5277122977035251
54.86,-3.06,Medium,0.5444437797157473,0.32149956394135853,0.13405665634289424,0.5444437797157473
54.86,-3.04,High,0.7036177618748034,0.7036177618748034,0.04119103959579604,0.2551911985294004
54.86,-3.02,High,0.6751102912376407,0.6751102912376407,0.04499129082159361,0.2798984179407655
54.86,-3.0,High,0.5984056675249977,0.5984056675249977,0.05448649036163704,0.34710784211336576
54.86,-2.98,High,0.8591285423334846,0.8591285423334846,0.005994668080729254,0.13487678958578678
54.86,-2.96,High,0.6855081597256434,0.6855081597256434,0.02001452105267118,0.29447731922168513
54.86,-2.94,High,0.7627183431823922,0.7627183431823922,0.011209015198911812,0.22607264161869567
54.86,-2.92,High,0.9597676411326779,0.9597676411326779,0.001321279117817557,0.038911079749504876
54.86,-2.9,High,0.8213041503985042,0.8213041503985042,0.02067572051368521,0.1580201290878105
54.86,-2.88,High,0.5888228980523703,0.5888228980523703,0.04403018588205512,0.36714691606557437
54.86,-2.86,High,0.9156323255418338,0.9156323255418338,0.00432144081522652,0.08004623364293961
54.86,-2.84,High,0.8744743457143683,0.8744743457143683,0.004889053338656632,0.1206366009469753
54.86,-2.82,Medium,0.45459427648879797,0.1203737658523106,0.42503195765889146,0.45459427648879797
54.86,-2.8000000000000003,Low,0.6291585763054761,0.03323371164249913,0.6291585763054761,0.3376077120520246
54.86,-2.7800000000000002,Medium,0.5213077901945752,0.2578949997742992,0.22079721003112504,0.5213077901945752
54.86,-2.7600000000000002,Medium,0.5543194690752166,0.15868537332583293,0.28699515759895095,0.5543194690752166
54.86,-2.74,Medium,0.5603123102462297,0.14876248307240084,0.2909252066813698,0.5603123102462297
54.86,-2.72,Low,0.6581619511854498,0.032238727549571744,0.6581619511854498,0.30959932126497836
54.86,-2.7,Medium,0.48913795216008876,0.11702294713223405,0.393839100707677,0.48913795216008876
54.88,-3.38,High,0.9359299842682808,0.9359299842682808,0.007333131421454876,0.056736884310265016
54.88,-3.36,High,0.833749388799997,0.833749388799997,0.01026282597702334,0.15598778522297935
54.88,-3.34,Medium,0.4800741683063868,0.4030448035552957,0.1168810281383177,0.4800741683063868
54.88,-3.2600000000000002,High,0.46952179378352055,0.46952179378352055,0.12707367282822435,0.4034045333882554
54.88,-3.24,Medium,0.45505224185589954,0.41017289427032694,0.13477486387377352,0.45505224185589954
54.88,-3.22,High,0.7867460458143178,0.7867460458143178,0.01277815454011646,0.20047579964556517
54.88,-3.2,High,0.7171210596220223,0.7171210596220223,0.028544578339323508,0.2543343620386543
54.88,-3.18,Medium,0.49218050126763946,0.14098963953742336,0.36682985919493716,0.49218050126763946
54.88,-3.16,Medium,0.511628190079547,0.1785356560269756,0.30983615389347735,0.511628190079547
54.88,-3.14,High,0.7779474275248036,0.7779474275248036,0.01581736387718731,0.2062352085980095
54.88,-3.12,Medium,0.5241298531383936,0.13975929953970748,0.33611084732189894,0.5241298531383936
54.88,-3.04,High,0.7693413448388288,0.7693413448388288,0.015627512499484842,0.21503114266168666
54.88,-3.02,Medium,0.6030111384733605,0.161480309658993,0.23550855186764608,0.6030111384733605
54.88,-3.0,Medium,0.5190995778965979,0.28518206993324724,0.1957183521701549,0.5190995778965979
54.88,-2.98,High,0.9095394478910418,0.9095394478910418,0.001031407369715096,0.08942914473924227
54.88,-2.96,High,0.9650725357551034,0.9650725357551034,0.000486781239316646,0.03444068300558003
54.88,-2.94,High,0.9695704505301173,0.9695704505301173,0.0004724627586104543,0.029957086711272257
54.88,-2.92,High,0.963489345350482,0.963489345350482,0.00046395715781792483,0.03604669749170009
54.88,-2.9,High,0.9081161881378768,0.9081161881378768,0.0010017050579913813,0.09088210680413096
54.88,-2.88,High,0.9225071364328568,0.9225071364328568,0.005775973804819711,0.07171688976232325
54.88,-2.86,Medium,0.44148668402192576,0.35005023125548135,0.20846308472259273,0.44148668402192576
54.88,-2.84,High,0.965481983526826,0.965481983526826,0.0013769719637918149,0.033141044509382954
54.88,-2.82,High,0.9196302790779107,0.9196302790779107,0.002646401862477526,0.07772331905961152
54.88,-2.8000000000000003,High,0.802034617304317,0.802034617304317,0.009157005792052603,0.18880837690363045
54.88,-2.7800000000000002,High,0.9245708455475125,0.9245708455475125,0.003660406066755118,0.07176874838573277
54.88,-2.7600000000000002,Medium,0.48442522551398887,0.3361639342795921,0.17941084020641893,0.48442522551398887
54.88,-2.74,Medium,0.47272607171215014,0.09133477908462419,0.4359391492032255,0.47272607171215014
54.88,-2.72,Medium,0.5031294456175963,0.12529833692804387,0.37157221745435975,0.5031294456175963
54.88,-2.68,Low,0.5770382107855102,0.038055821581065824,0.5770382107855102,0.3849059676334237
54.9,-3.36,Medium,0.5334223197869461,0.18163386738226994,0.284943812830784,0.5334223197869461
54.9,-3.2600000000000002,Medium,0.5512099093976304,0.18765182851689502,0.261138262085475,0.5512099093976304
54.9,-3.24,Medium,0.4960054385907883,0.0896657161844049,0.41432884522480684,0.4960054385907883
54.9,-3.22,Medium,0.5057271325843778,0.33644234976261067,0.15783051765301126,0.5057271325843778
54.9,-3.2,High,0.9461021034166116,0.9461021034166116,0.002188528743845578,0.05170936783954252
54.9,-3.18,Medium,0.45735949307219814,0.440430869460859,0.10220963746694282,0.45735949307219814
54.9,-3.16,Medium,0.5207737838315379,0.22231378544349845,0.2569124307249632,0.5207737838315379
54.9,-3.14,Low,0.6580137543204198,0.027244606564062725,0.6580137543204198,0.314741639115517
54.9,-3.12,Medium,0.5490521774845434,0.20232750611779757,0.2486203163976592,0.5490521774845434
54.9,-3.1,Medium,0.49302571807802265,0.4103004951973157,0.09667378672466191,0.49302571807802265
54.9,-3.08,High,0.8104953508826261,0.8104953508826261,0.011369077414291651,0.17813557170308245
54.9,-3.06,High,0.8513168910164688,0.8513168910164688,0.005757282559067024,0.1429258264244635
54.9,-3.04,High,0.8567989034526653,0.8567989034526653,0.007038920838691429,0.13616217570864358
54.9,-3.02,High,0.5455601815959258,0.5455601815959258,0.047891918969543666,0.4065478994345304
54.9,-3.0,High,0.5447277443491361,0.5447277443491361,0.06576301898528651,0.38950923666557735
54.9,-2.98,High,0.9727597171492515,0.9727597171492515,0.00050960546972784,0.026730677381020546
54.9,-2.96,High,0.6753978295510754,0.6753978295510754,0.0009901807232832957,0.3236119897256408
54.9,-2.94,High,0.950039880569462,0.950039880569462,0.0005588190967020547,0.049401300333835364
54.9,-2.92,High,0.9412904256077956,0.9412904256077956,0.0007391572076594715,0.05797041718454449
54.9,-2.9,High,0.9661566613561631,0.9661566613561631,0.0007404881852082173,0.03310285045862881
54.9,-2.88,High,0.9269381409109634,0.9269381409109634,0.005702911409273628,0.06735894767976269
54.9,-2.86,High,0.77807066162828,0.77807066162828,0.01472611828125676,0.20720322009046332
54.9,-2.84,High,0.7942655402614343,0.7942655402614343,0.014365793434817592,0.1913686663037479
54.9,-2.82,High,0.9391354915555903,0.9391354915555903,0.008222881911931485,0.05264162653247818
54.9,-2.8000000000000003,High,0.8187567437332341,0.8187567437332341,0.005144272088996756,0.17609898417776873
54.9,-2.7800000000000002,High,0.4848071135739783,0.4848071135739783,0.08728779033460862,0.42790509609141325
54.9,-2.7600000000000002,High,0.7400276358064422,0.7400276358064422,0.012332119736849364,0.2476402444567084
54.9,-2.74,Medium,0.4902490377850928,0.3344618893573359,0.17528907285757128,0.4902490377850928
54.9,-2.72,High,0.7648152851387718,0.7648152851387718,0.012616880191151113,0.22256783467007718
54.9,-2.7,High,0.4696700860522216,0.4696700860522216,0.12482591672264381,0.40550399722513475
54.9,-2.66,Low,0.6676731047402601,0.02059996311612615,0.6676731047402601,0.3117269321436138
54.92,-3.3000000000000003,Low,0.47707127658024795,0.10130630721269539,0.47707127658024795,0.4216224162070566
54.92,-3.2600000000000002,Low,0.6699311916822392,0.027263685675519064,0.6699311916822392,0.3028051226422413
54.92,-3.24,High,0.6914669572846853,0.6914669572846853,0.024533552675882163,0.28399949003943276
54.92,-3.22,Medium,0.5040416617987684,0.3498599402467063,0.1460983979545256,0.5040416617987684
54.92,-3.2,Medium,0.5801736799733588,0.29498162952327517,0.12484469050336575,0.5801736799733588
54.92,-3.18,Medium,0.48337676949973846,0.31661389214033997,0.2000093383599214,0.48337676949973846
54.92,-3.14,Medium,0.43230832949482056,0.43046218912793216,0.13722948137724728,0.43230832949482056
54.92,-3.12,Low,0.6656274818700063,0.02712445014394768,0.6656274818700063,0.30724806798604587
54.92,-3.1,High,0.7445100935092005,0.7445100935092005,0.022205323795192907,0.23328458269560687
54.92,-3.08,High,0.7792730337631482,0.7792730337631482,0.02297439248672108,0.19775257375013053
54.92,-3.06,High,0.9299985950699091,0.9299985950699091,0.003210589483638908,0.06679081544645249
54.92,-3.04,Medium,0.5126353005384005,0.2342824812677282,0.25308221819387117,0.5126353005384005
54.92,-3.02,High,0.9527353248706188,0.9527353248706188,0.0021045746508117215,0.045160100478569616
54.92,-3.0,High,0.9137197334579831,0.9137197334579831,0.004372972149306971,0.08190729439270956
54.92,-2.98,High,0.5735764248527401,0.5735764248527401,0.06333467057698833,0.3630889045702716
54.92,-2.96,High,0.9718052421376803,0.9718052421376803,0.0005665382814037257,0.02762821958091589
54.92,-2.94,High,0.9581741727990828,0.9581741727990828,0.0005047523044837322,0.04132107489643366
54.92,-2.92,High,0.9691856993001114,0.9691856993001114,0.0005616214375743137,0.03025267926231426
54.92,-2.9,High,0.9227213454879174,0.9227213454879174,0.005827142325066497,0.07145151218701645
54.92,-2.88,High,0.6629552664909185,0.6629552664909185,0.026237136757940767,0.3108075967511408
54.92,-2.86,High,0.944350471630136,0.944350471630136,0.0013323879169234432,0.05431714045293953
54.92,-2.84,Low,0.5870403708226134,0.06053471991150766,0.5870403708226134,0.35242490926587927
54.92,-2.82,Medium,0.4913751942066619,0.41692981793398987,0.09169498785934786,0.4913751942066619
54.92,-2.8000000000000003,Medium,0.47429950317543473,0.4435007835809253,0.08219971324364024,0.47429950317543473
54.92,-2.7800000000000002,High,0.8700609082447559,0.8700609082447559,0.00847243893802448,0.12146665281722002
54.92,-2.7600000000000002,High,0.8271923314186433,0.8271923314186433,0.0098156546611879,0.1629920139201694
54.92,-2.74,High,0.935827631052463,0.935827631052463,0.0007958469124134762,0.06337652203512248
54.92,-2.72,Medium,0.5363614655002678,0.15118962309201106,0.31244891140772124,0.5363614655002678
54.92,-2.7,Medium,0.5015931590654569,0.3381920509517662,0.1602147899827773,0.5015931590654569
54.92,-2.66,High,0.7876082107850428,0.7876082107850428,0.018893176665379083,0.19349861254957798
54.92,-2.64,High,0.570380220416246,0.570380220416246,0.051538921765872825,0.37808085781788087
54.92,-2.62,Low,0.7123478365209457,0.016351573585477605,0.7123478365209457,0.2713005898935765
54.92,-2.6,Medium,0.5048100412490022,0.1795741922010662,0.31561576654993123,0.5048100412490022
54.92,-2.56,Medium,0.5110608989445171,0.2772473780971703,0.2116917229583126,0.5110608989445171
54.94,-3.2800000000000002,Low,0.8113506363800792,0.01303937580583149,0.8113506363800792,0.1756099878140889
54.94,-3.2600000000000002,Medium,0.5111890938436239,0.10344302639292496,0.38536787976345094,0.5111890938436239
54.94,-3.24,Medium,0.5386916331468752,0.166465254338922,0.29484311251420264,0.5386916331468752
54.94,-3.22,Low,0.6830712058480881,0.023036937724623088,0.6830712058480881,0.2938918564272885
54.94,-3.2,Medium,0.4972368899047278,0.08593788376044781,0.4168252263348248,0.4972368899047278
54.94,-3.18,High,0.8559678437750212,0.8559678437750212,0.00806546041286874,0.13596669581211102
54.94,-3.16,Low,0.5383138208134587,0.0616811693733153,0.5383138208134587,0.4000050098132259
54.94,-3.04,Medium,0.5987336165347036,0.13450422379367843,0.26676215967161765,0.5987336165347036
54.94,-3.02,Medium,0.46516924489068273,0.41105238824434404,0.12377836686497362,0.46516924489068273
54.94,-3.0,High,0.9598528664489381,0.9598528664489381,0.0012317630913724422,0.0389153704596898
54.94,-2.98,High,0.6742087388335003,0.6742087388335003,0.02318995169292488,0.3026013094735746
54.94,-2.96,High,0.8174451262625253,0.8174451262625253,0.01101359104083901,0.17154128269663566
54.94,-2.94,High,0.9635448105141206,0.9635448105141206,0.00410774194107835,0.03234744754480097
54.94,-2.92,High,0.89305424936035,0.89305424936035,0.0068313846885845264,0.10011436595106496
54.94,-2.9,Medium,0.5143167790621116,0.3505162060641168,0.13516701487377172,0.5143167790621116
54.94,-2.88,High,0.6722759404207537,0.6722759404207537,0.03533431323454976,0.29238974634469656
54.94,-2.86,Medium,0.5120039783818828,0.08879083890504397,0.39920518271307337,0.5120039783818828
54.94,-2.84,High,0.4694830683279727,0.4694830683279727,0.07957076900886917,0.45094616266315796
54.94,-2.82,Medium,0.5688097620302345,0.19726533512897565,0.23392490284079018,0.5688097620302345
54.94,-2.8000000000000003,High,0.502429688382644,0.502429688382644,0.0756726067444882,0.4218977048728679
54.94,-2.7800000000000002,High,0.6599584918094868,0.6599584918094868,0.03882203188008324,0.30121947631042956
54.94,-2.7600000000000002,Medium,0.532383934886316,0.20899259273753756,0.2586234723761464,0.532383934886316
54.94,-2.74,High,0.9694363830466919,0.9694363830466919,0.0005183464697022037,0.03004527048360598
54.94,-2.72,High,0.9347678664021702,0.9347678664021702,0.005325672086522571,0.05990646151130686
54.94,-2.7,High,0.7426486042965419,0.7426486042965419,0.0188002944430967,0.23855110126036164
54.94,-2.68,High,0.7262792445848213,0.7262792445848213,0.01937112150058134,0.2543496339145971
54.94,-2.66,Medium,0.48996904646275824,0.17613353116536504,0.3338974223718772,0.48996904646275824
54.94,-2.64,Medium,0.5655948035333771,0.22637537398477506,0.20802982248184765,0.5655948035333771
54.94,-2.62,Medium,0.47159276576150705,0.09146502084929593,0.43694221338919653,0.47159276576150705
54.94,-2.6,Low,0.48112439173950716,0.071958772033653,0.48112439173950716,0.4469168362268394
54.94,-2.56,Low,0.7586792313945975,0.013167959268853453,0.7586792313945975,0.22815280933654875
54.96,-3.22,Medium,0.522693772475004,0.12743784152981866,0.34986838599517733,0.522693772475004
54.96,-3.02,High,0.9133657495290047,0.9133657495290047,0.003435902893317968,0.08319834757767758
54.96,-3.0,High,0.6739214959469764,0.6739214959469764,0.03198621542988011,0.2940922886231443
54.96,-2.98,High,0.9068067983497292,0.9068067983497292,0.0026330372211196516,0.09056016442915177
54.96,-2.96,High,0.7751481149646102,0.7751481149646102,0.011616150171695911,0.2132357348636935
54.96,-2.94,High,0.8779752575141124,0.8779752575141124,0.005271149740476384,0.11675359274541107
54.96,-2.92,High,0.46174549048185815,0.46174549048185815,0.10161182321813887,0.4366426863000029
54.96,-2.9,Medium,0.45177724156925886,0.4388836500008757,0.10933910842986544,0.45177724156925886
54.96,-2.88,High,0.8734079956797456,0.8734079956797456,0.006297071697938846,0.12029493262231533
54.96,-2.86,High,0.8675121447773158,0.8675121447773158,0.00739959689271353,0.12508825832997036
54.96,-2.84,Medium,0.5211215643881613,0.27551238247285664,0.2033660531389824,0.5211215643881613
54.96,-2.82,High,0.8821376369528505,0.8821376369528505,0.00572725548797698,0.11213510755917211
54.96,-2.8000000000000003,High,0.4902578303408511,0.4902578303408511,0.08185100820556102,0.4278911614535877
54.96,-2.7800000000000002,High,0.734221860292526,0.734221860292526,0.025076439911387464,0.2407016997960867
54.96,-2.7600000000000002,Medium,0.5240664505108571,0.27309974654722835,0.20283380294191425,0.5240664505108571
54.96,-2.74,Medium,0.5745561672763497,0.1702432526142679,0.2552005801093819,0.5745561672763497
54.96,-2.72,Low,0.45793906511125826,0.08536382106320246,0.45793906511125826,0.4566971138255393
54.96,-2.7,Medium,0.49554688509683514,0.3944583451547127,0.10999476974845229,0.49554688509683514
54.96,-2.68,Medium,0.5355224043003387,0.1253762451259108,0.33910135057375007,0.5355224043003387
54.96,-2.66,Medium,0.4454106047035446,0.4192281904697595,0.13536120482669609,0.4454106047035446
54.96,-2.64,High,0.6469035150309301,0.6469035150309301,0.05968726571776282,0.2934092192513073
54.96,-2.6,Low,0.7537248321240178,0.01504157130235101,0.7537248321240178,0.2312335965736313
54.980000000000004,-3.04,Medium,0.5480381522844445,0.20914363473266748,0.2428182129828878,0.5480381522844445
54.980000000000004,-3.02,Medium,0.46093694943751773,0.4510042899796244,0.08805876058285764,0.46093694943751773
54.980000000000004,-3.0,Medium,0.5348643201201962,0.3080851291507612,0.15705055072904245,0.5348643201201962
54.980000000000004,-2.98,High,0.5893805892217353,0.5893805892217353,0.05850887727053825,0.35211053350772653
54.980000000000004,-2.96,High,0.9461758394784121,0.9461758394784121,0.0011351937274016466,0.052688966794185735
54.980000000000004,-2.94,High,0.9409708001812933,0.9409708001812933,0.0008501979865405671,0.05817900183216564
54.980000000000004,-2.92,High,0.7863443391605628,0.7863443391605628,0.012512531797943453,0.20114312904149392
54.980000000000004,-2.9,Medium,0.5031471170799324,0.37905351990126035,0.11779936301880731,0.5031471170799324
54.980000000000004,-2.88,High,0.9498063819807708,0.9498063819807708,0.0018033162322067468,0.04839030178702167
54.980000000000004,-2.86,High,0.460310258899351,0.460310258899351,0.09092152305242487,0.4487682180482242
54.980000000000004,-2.84,Medium,0.5357374491859359,0.22534426609299124,0.23891828472107288,0.5357374491859359
54.980000000000004,-2.82,High,0.8390797526145154,0.8390797526145154,0.008942059383724221,0.15197818800176033
54.980000000000004,-2.8000000000000003,High,0.4567966763650271,0.4567966763650271,0.1124582839328079,0.4307450397021652
54.980000000000004,-2.7600000000000002,Medium,0.5055708466389924,0.1937416273505278,0.3006875260104795,0.5055708466389924
54.980000000000004,-2.74,Medium,0.47443147228504456,0.3950129948638895,0.13055553285106591,0.47443147228504456
54.980000000000004,-2.72,Medium,0.4682558237232215,0.3993639619499889,0.1323802143267896,0.4682558237232215
54.980000000000004,-2.7,Medium,0.5301558171087086,0.1885692448023513,0.2812749380889404,0.5301558171087086
54.980000000000004,-2.68,Medium,0.5453124938262083,0.23002005525667765,0.2246674509171145,0.5453124938262083
54.980000000000004,-2.66,Low,0.6695828248805645,0.025114335489984055,0.6695828248805645,0.30530283962945165
54.980000000000004,-2.64,Medium,0.546684414000695,0.18199507836385265,0.27132050763545257,0.546684414000695
54.980000000000004,-2.62,Medium,0.5262844047809828,0.17213291168398107,0.3015826835350365,0.5262844047809828
54.980000000000004,-2.6,Low,0.6075901738906124,0.03361420358635337,0.6075901738906124,0.3587956225230338
54.980000000000004,-2.58,Medium,0.49550429387540623,0.374955494995183,0.12954021112941064,0.49550429387540623
55.0,-3.04,High,0.6294597957572116,0.6294597957572116,0.04088696420345179,0.32965324003933666
55.0,-3.02,High,0.7359583064236461,0.7359583064236461,0.018859394806798057,0.24518229876955547
55.0,-3.0,High,0.8790963357065622,0.8790963357065622,0.006559826736053038,0.11434383755738432
55.0,-2.98,High,0.8799707736421537,0.8799707736421537,0.006209361736332562,0.11381986462151365
55.0,-2.96,High,0.9730311987064917,0.9730311987064917,0.0006909957566032784,0.026277805536905112
55.0,-2.94,Medium,0.5261747110363748,0.3530062854128696,0.12081900355075578,0.5261747110363748
55.0,-2.92,High,0.8090247198589238,0.8090247198589238,0.012787879397539113,0.17818740074353762
55.0,-2.9,Medium,0.5150404216247393,0.34560651607717374,0.1393530622980875,0.5150404216247393
55.0,-2.88,High,0.5334522093675176,0.5334522093675176,0.08220843575776547,0.384339354874717
55.0,-2.86,Medium,0.5141617860025547,0.24556335130423687,0.24027486269320858,0.5141617860025547
55.0,-2.84,High,0.7916085417050631,0.7916085417050631,0.012444300404539603,0.1959471578903974
55.0,-2.82,High,0.8419777793942891,0.8419777793942891,0.00884178088800051,0.14918043971771014
55.0,-2.8000000000000003,Medium,0.5435620252846655,0.12752008836820075,0.3289178863471339,0.5435620252846655
55.0,-2.7800000000000002,Low,0.4480731278724319,0.10410912112879223,0.4480731278724319,0.4478177509987762
55.0,-2.74,High,0.5003888777877301,0.5003888777877301,0.07906182780369439,0.4205492944085756
55.0,-2.72,Medium,0.5231935662242563,0.09479095057009816,0.382015483205646,0.5231935662242563
55.0,-2.7,Medium,0.5199831629047513,0.3407569456982631,0.1392598913969856,0.5199831629047513
55.0,-2.68,High,0.4657973133585836,0.4657973133585836,0.07054723177433737,0.46365545486707893
55.0,-2.66,Medium,0.45678501826870366,0.1275390245031863,0.4156759572281103,0.45678501826870366
55.0,-2.64,Low,0.694760970042741,0.02130331329775546,0.694760970042741,0.28393571665950335
55.0,-2.6,Medium,0.47204304236393446,0.07200104227584765,0.45595591536021796,0.47204304236393446
55.0,-2.58,Medium,0.5135813586504316,0.36799796733173507,0.11842067401783293,0.5135813586504316
55.02,-3.0,High,0.5865688524279979,0.5865688524279979,0.04446926044566488,0.36896188712633693
55.02,-2.98,High,0.9686547537886164,0.9686547537886164,0.0007681687939990915,0.030577077417384867
55.02,-2.96,High,0.9682001438925006,0.9682001438925006,0.0006269277602145395,0.03117292834728521
55.02,-2.94,Medium,0.518405531254952,0.07272692736173535,0.4088675413833126,0.518405531254952
55.02,-2.92,High,0.7585444520870456,0.7585444520870456,0.015014290825062955,0.2264412570878912
55.02,-2.9,Medium,0.5597398599504317,0.25536006195694494,0.1849000780926234,0.5597398599504317
55.02,-2.88,Medium,0.470513948637811,0.40675352298352974,0.12273252837865975,0.470513948637811
55.02,-2.86,Medium,0.5287504062388816,0.12741066551265867,0.34383892824845963,0.5287504062388816
55.02,-2.84,Medium,0.46496678441030964,0.10039244797591604,0.43464076761377485,0.46496678441030964
55.02,-2.82,High,0.5510803627965055,0.5510803627965055,0.05600730401610786,0.39291233318738716
55.02,-2.8000000000000003,Low,0.5769198777582633,0.04441852532989105,0.5769198777582633,0.3786615969118456
55.02,-2.7800000000000002,Low,0.5233627404871402,0.034547291758589796,0.5233627404871402,0.44208996775427
55.02,-2.7600000000000002,Medium,0.5275529648781275,0.19258839250879686,0.27985864261307547,0.5275529648781275
55.02,-2.74,Medium,0.47182353932596094,0.12339122148559188,0.4047852391884474,0.47182353932596094
55.02,-2.72,Medium,0.5123102023388736,0.32349725913301164,0.16419253852811466,0.5123102023388736
55.02,-2.7,High,0.9441371508833827,0.9441371508833827,0.002085096948540408,0.0537777521680767
55.02,-2.68,Low,0.5090930221383894,0.1323209373811083,0.5090930221383894,0.35858604048050224
55.02,-2.66,Low,0.726295754101655,0.014976428229151281,0.726295754101655,0.2587278176691939
55.02,-2.6,High,0.9356561862628583,0.9356561862628583,0.002362293895579213,0.06198151984156225
55.04,-2.98,High,0.4877467068989537,0.4877467068989537,0.06916279380668196,0.443090499294364
55.04,-2.96,High,0.4985277369599049,0.4985277369599049,0.09330953681366944,0.40816272622642563
55.04,-2.94,Medium,0.4691845268981445,0.4069581988915719,0.12385727421028354,0.4691845268981445
55.04,-2.9,High,0.9361535320788529,0.9361535320788529,0.001934102370156154,0.0619123655509908
55.04,-2.88,Medium,0.4588681171149235,0.32252316723494656,0.21860871565013018,0.4588681171149235
55.04,-2.86,Medium,0.5013946811659372,0.3220890776836256,0.17651624115043735,0.5013946811659372
55.04,-2.84,Medium,0.5634276778629098,0.1770561204936805,0.25951620164340966,0.5634276778629098
55.04,-2.82,Medium,0.47907985080076493,0.38462744612117844,0.13629270307805658,0.47907985080076493
55.04,-2.8000000000000003,Medium,0.4694076653029191,0.1670093699671833,0.36358296472989765,0.4694076653029191
55.04,-2.7800000000000002,High,0.6071135461644657,0.6071135461644657,0.040228275443472176,0.35265817839206226
55.04,-2.7600000000000002,Low,0.4510562541645101,0.11397244550941828,0.4510562541645101,0.43497130032607223
55.04,-2.74,Low,0.4782931826947101,0.07243823411793128,0.4782931826947101,0.44926858318735796
55.04,-2.68,Low,0.522664054009668,0.08743671875386964,0.522664054009668,0.3898992272364626
55.06,-2.94,Low,0.680845419794233,0.024204668356196942,0.680845419794233,0.2949499118495697
55.06,-2.92,High,0.5333467893064469,0.5333467893064469,0.06586207155906752,0.4007911391344854
55.06,-2.9,Medium,0.4651075639841487,0.24581797013161155,0.28907446588423996,0.4651075639841487
55.06,-2.88,Medium,0.45406647006657075,0.11853156715853791,0.4274019627748913,0.45406647006657075
55.06,-2.86,High,0.4639903104206234,0.4639903104206234,0.09631408535409443,0.43969560422528253
55.06,-2.84,Medium,0.5198717272521947,0.11439535815957273,0.36573291458823254,0.5198717272521947
55.06,-2.82,Medium,0.5709759487717598,0.15217928650010065,0.27684476472813974,0.5709759487717598
55.06,-2.8000000000000003,Medium,0.5116880457143342,0.1555009951962881,0.33281095908937725,0.5116880457143342
55.06,-2.7800000000000002,High,0.9354175023422564,0.9354175023422564,0.0023546392028297213,0.06222785845491338
55.06,-2.7600000000000002,High,0.7060438525350249,0.7060438525350249,0.028874571686112706,0.2650815757788625
55.06,-2.74,Low,0.7495223169228277,0.012608187806000816,0.7495223169228277,0.2378694952711713
55.06,-2.72,Medium,0.5358631750328727,0.14115218094453974,0.32298464402258736,0.5358631750328727
55.06,-2.7,Low,0.5418475247765333,0.06246670731932368,0.5418475247765333,0.39568576790414345
55.06,-2.68,Medium,0.5227643028787421,0.1621034015405899,0.3151322955806679,0.5227643028787421
55.08,-2.92,Low,0.6336471736733843,0.032689420977112416,0.6336471736733843,0.33366340534950295
55.08,-2.9,Low,0.6011225536740418,0.026885404534974983,0.6011225536740418,0.3719920417909835
55.08,-2.88,Medium,0.4969290425157109,0.35280214619172995,0.15026881129255928,0.4969290425157109
55.08,-2.86,Medium,0.5177554157138088,0.33485526412614364,0.1473893201600478,0.5177554157138088
55.08,-2.84,Medium,0.49375232562593324,0.3117034369040262,0.19454423747004074,0.49375232562593324
55.08,-2.82,Low,0.6769280964058026,0.02427486488071876,0.6769280964058026,0.2987970387134783
55.08,-2.7800000000000002,Low,0.45517386423832695,0.09443245912595585,0.45517386423832695,0.45039367663571694
55.08,-2.7600000000000002,Medium,0.4903286622505368,0.36354673146839134,0.14612460628107196,0.4903286622505368
55.08,-2.74,Low,0.5889304914414282,0.042354772699465616,0.5889304914414282,0.3687147358591058
55.08,-2.7,Medium,0.5185068380713919,0.18233151313044352,0.29916164879816465,0.5185068380713919
55.08,-2.68,Medium,0.4929372357289015,0.11842245624878057,0.3886403080223177,0.4929372357289015
55.1,-2.88,Medium,0.4824902911697589,0.1280719608422699,0.38943774798797115,0.4824902911697589
55.1,-2.86,High,0.5825619443646755,0.5825619443646755,0.04754091878473573,0.36989713685058867
55.1,-2.84,Medium,0.47574676167342744,0.4208687925315735,0.10338444579499871,0.47574676167342744
55.1,-2.82,Medium,0.5084024558480053,0.19390986798172324,0.2976876761702713,0.5084024558480053
55.1,-2.8000000000000003,Low,0.7896908670925115,0.008621290003165652,0.7896908670925115,0.20168784290432307
55.1,-2.7600000000000002,Medium,0.4891520957905289,0.3694714369453919,0.14137646726407907,0.4891520957905289
55.1,-2.74,Low,0.49739845369672664,0.06530394655113174,0.49739845369672664,0.4372975997521418
55.1,-2.72,Low,0.46304053259457256,0.0898124539366166,0.46304053259457256,0.4471470134688111
55.120000000000005,-2.82,Medium,0.49293918104688417,0.09293866440748187,0.4141221545456342,0.49293918104688417
55.120000000000005,-2.7600000000000002,Medium,0.523329462075631,0.14622520570696934,0.33044533221740024,0.523329462075631
55.14,-2.82,Medium,0.5142079107649001,0.09077438739812636,0.3950177018369734,0.5142079107649001
55.14,-2.7800000000000002,Low,0.8109554140435664,0.009842753889419468,0.8109554140435664,0.17920183206701445
