lat,lon,risk_level,confidence,prob_high,prob_low,prob_medium
53.18,-2.22,Medium,0.5183424,0.3644083,0.11724932,0.5183424
53.18,-2.2,High,0.9898816,0.9898816,0.0006861062,0.009432247
53.18,-2.14,Low,0.5117165,0.06339943,0.5117165,0.4248841
53.18,-2.12,High,0.60635775,0.60635775,0.018673792,0.3749684
53.18,-2.1,Medium,0.6142755,0.08720807,0.29851642,0.6142755
53.18,-2.08,Low,0.51622534,0.052812796,0.51622534,0.43096182
53.18,-2.06,Medium,0.4923314,0.25676847,0.25090012,0.4923314
53.2,-2.2600000000000002,Low,0.58571,0.025368964,0.58571,0.38892108
53.2,-2.24,Low,0.5875281,0.044465877,0.5875281,0.368006
53.2,-2.22,High,0.49946466,0.49946466,0.035414968,0.46512035
53.2,-2.2,High,0.7694305,0.7694305,0.005785279,0.22478423
53.2,-2.18,High,0.8881912,0.8881912,0.011159639,0.10064913
53.2,-2.16,High,0.6059612,0.6059612,0.020713476,0.37332538
53.2,-2.14,High,0.67573756,0.67573756,0.025953418,0.29830903
53.2,-2.12,High,0.86181474,0.86181474,0.0029755128,0.13520972
53.2,-2.1,Low,0.52243936,0.0670023,0.52243936,0.41055828
53.2,-2.08,High,0.58135474,0.58135474,0.06966584,0.34897944
53.2,-2.06,Low,0.4961208,0.113530934,0.4961208,0.39034826
53.2,-2.04,Medium,0.5593323,0.2743008,0.16636688,0.5593323
53.2,-2.02,Medium,0.4967484,0.14223358,0.361018,0.4967484
53.2,-2.0,Low,0.48384425,0.049554978,0.48384425,0.46660078
53.22,-2.2800000000000002,High,0.8668151,0.8668151,0.0036607997,0.12952408
53.22,-2.2600000000000002,High,0.62315917,0.62315917,0.021530028,0.35531077
53.22,-2.24,Medium,0.4671124,0.4558321,0.077055484,0.4671124
53.22,-2.22,High,0.8699181,0.8699181,0.0034750241,0.1266069
53.22,-2.2,Medium,0.540538,0.239327,0.22013503,0.540538
53.22,-2.18,High,0.6862452,0.6862452,0.013402681,0.3003521
53.22,-2.16,High,0.7562251,0.7562251,0.022904566,0.22087029
53.22,-2.14,High,0.81281084,0.81281084,0.017203726,0.1699854
53.22,-2.12,High,0.8009229,0.8009229,0.011770226,0.18730688
53.22,-2.1,High,0.7252271,0.7252271,0.010129458,0.26464343
53.22,-2.08,High,0.6895134,0.6895134,0.01349432,0.2969923
53.22,-2.06,Medium,0.5363581,0.21552669,0.2481152,0.5363581
53.22,-2.02,Medium,0.5339029,0.19282778,0.2732694,0.5339029
53.24,-2.3000000000000003,High,0.5800284,0.5800284,0.023017023,0.3969545
53.24,-2.2800000000000002,Medium,0.5044877,0.24217623,0.25333607,0.5044877
53.24,-2.2600000000000002,High,0.56389976,0.56389976,0.055486407,0.38061383
53.24,-2.24,High,0.9425398,0.9425398,0.004458756,0.05300146
53.24,-2.22,Medium,0.5172352,0.3733685,0.10939628,0.5172352
53.24,-2.2,High,0.47399065,0.47399065,0.074974604,0.45103475
53.24,-2.18,High,0.83433694,0.83433694,0.0023626732,0.16330042
53.24,-2.16,High,0.9949679,0.9949679,0.00043395496,0.004598204
53.24,-2.14,High,0.9972959,0.9972959,0.00033335577,0.0023707538
53.24,-2.12,High,0.98979026,0.98979026,0.0004972174,0.009712482
53.24,-2.1,High,0.99354494,0.99354494,0.00053282996,0.0059221988
53.24,-2.08,High,0.6051465,0.6051465,0.04557653,0.349277
53.24,-2.06,Medium,0.5485104,0.14911312,0.30237648,0.5485104
53.24,-2.04,Low,0.7327912,0.011360254,0.7327912,0.2558486
53.24,-2.02,Low,0.6436176,0.028065221,0.6436176,0.32831717
53.24,-2.0,Low,0.6746389,0.011927917,0.6746389,0.3134332
53.24,-1.94,High,0.9275677,0.9275677,0.0020786352,0.0703536
53.24,-1.92,Medium,0.46039674,0.3627605,0.17684276,0.46039674
53.24,-1.9000000000000001,High,0.99399054,0.99399054,0.0006630408,0.005346469
53.26,-2.3000000000000003,High,0.56720245,0.56720245,0.017915685,0.41488189
53.26,-2.2800000000000002,High,0.88023955,0.88023955,0.004911017,0.11484945
53.26,-2.2600000000000002,High,0.9145649,0.9145649,0.0010200592,0.084415
53.26,-2.24,Medium,0.54200816,0.3890113,0.06898054,0.54200816
53.26,-2.22,High,0.61945075,0.61945075,0.12723403,0.2533152
53.26,-2.2,Medium,0.48272413,0.47099796,0.04627789,0.48272413
53.26,-2.18,High,0.9768257,0.9768257,0.0008911317,0.02228316
53.26,-2.16,High,0.99429816,0.99429816,0.000318318,0.0053834966
53.26,-2.14,High,0.98148984,0.98148984,0.00065826083,0.01785189
53.26,-2.12,High,0.9867779,0.9867779,0.00058627967,0.012635743
53.26,-2.1,High,0.99777055,0.99777055,0.00021701431,0.002012519
53.26,-2.08,High,0.88736403,0.88736403,0.002101429,0.11053457
53.26,-2.06,Medium,0.5333206,0.26397604,0.20270337,0.5333206
53.26,-2.04,Medium,0.5267363,0.10661428,0.36664942,0.5267363
53.26,-2.02,Medium,0.5850672,0.23596352,0.17896923,0.5850672
53.26,-2.0,Low,0.73041886,0.027750766,0.73041886,0.24183041
53.26,-1.94,High,0.97348094,0.97348094,0.0016120105,0.024907084
53.26,-1.92,High,0.98876745,0.98876745,0.0008723033,0.010360305
53.26,-1.9000000000000001,High,0.98491156,0.98491156,0.0004204684,0.014667967
53.26,-1.8800000000000001,Low,0.568834,0.045531265,0.568834,0.38563475
53.26,-1.86,Medium,0.47216043,0.07042323,0.45741636,0.47216043
53.26,-1.84,Medium,0.5693401,0.030181892,0.40047804,0.5693401
53.26,-1.82,High,0.49265164,0.49265164,0.0521867,0.45516163
53.26,-1.8,Medium,0.57274467,0.16200987,0.2652455,0.57274467
53.28,-2.3000000000000003,Medium,0.5981422,0.09327197,0.30858585,0.5981422
53.28,-2.2800000000000002,High,0.98520064,0.98520064,0.0009391292,0.013860199
53.28,-2.2600000000000002,High,0.91194546,0.91194546,0.0050067897,0.083047755
53.28,-2.24,High,0.98882174,0.98882174,0.0006108304,0.010567372
53.28,-2.22,High,0.81746274,0.81746274,0.0071164193,0.1754209
53.28,-2.2,High,0.91063774,0.91063774,0.0036845144,0.08567778
53.28,-2.18,High,0.96095127,0.96095127,0.002338044,0.036710616
53.28,-2.16,High,0.99486583,0.99486583,0.0002548824,0.0048792567
53.28,-2.14,High,0.9967083,0.9967083,0.00028492472,0.00300676
53.28,-2.12,High,0.9976687,0.9976687,0.0003092017,0.0020220957
53.28,-2.1,High,0.96472764,0.96472764,0.0017387317,0.033533603
53.28,-2.08,High,0.9952667,0.9952667,0.00022730834,0.004506008
53.28,-2.06,Medium,0.56078154,0.30229625,0.13692221,0.56078154
53.28,-2.04,Medium,0.54266596,0.35171664,0.1056174,0.54266596
53.28,-2.02,Low,0.6715829,0.018535594,0.6715829,0.30988154
53.28,-1.98,Low,0.7865069,0.0061251433,0.7865069,0.20736796
53.28,-1.96,Medium,0.6043835,0.22728558,0.16833088,0.6043835
53.28,-1.9000000000000001,High,0.7223454,0.7223454,0.01390944,0.26374516
53.28,-1.8800000000000001,High,0.90150416,0.90150416,0.0012816305,0.09721425
53.28,-1.86,High,0.8270163,0.8270163,0.004914351,0.16806938
53.28,-1.84,Medium,0.52524555,0.07646721,0.3982873,0.52524555
53.28,-1.82,Medium,0.5540602,0.29924488,0.14669493,0.5540602
53.300000000000004,-2.3000000000000003,High,0.4911616,0.4911616,0.0650934,0.443745
53.300000000000004,-2.2800000000000002,High,0.94475466,0.94475466,0.0021580386,0.053087287
53.300000000000004,-2.2600000000000002,High,0.9678829,0.9678829,0.00068803586,0.03142909
53.300000000000004,-2.24,High,0.99793845,0.99793845,0.0002427921,0.001818722
53.300000000000004,-2.22,High,0.98630583,0.98630583,0.0006609923,0.013033212
53.300000000000004,-2.2,High,0.7757036,0.7757036,0.010354083,0.21394226
53.300000000000004,-2.18,High,0.99507767,0.99507767,0.00022221134,0.004700127
53.300000000000004,-2.16,High,0.99420446,0.99420446,0.0010085495,0.004786997
53.300000000000004,-2.14,High,0.99822766,0.99822766,0.00015147011,0.0016209439
53.300000000000004,-2.12,High,0.99643147,0.99643147,0.00023047774,0.0033380236
53.300000000000004,-2.1,High,0.9751624,0.9751624,0.0004095823,0.024428047
53.300000000000004,-2.08,High,0.9877599,0.9877599,0.0003916611,0.011848523
53.300000000000004,-2.06,High,0.620594,0.620594,0.026468609,0.35293734
53.300000000000004,-2.04,Low,0.5953653,0.040218547,0.5953653,0.36441618
53.300000000000004,-2.02,High,0.8154632,0.8154632,0.011108001,0.17342876
53.300000000000004,-2.0,High,0.55465895,0.55465895,0.091615,0.3537261
53.300000000000004,-1.98,High,0.7420617,0.7420617,0.013121051,0.24481724
53.300000000000004,-1.96,High,0.76148033,0.76148033,0.05632784,0.18219182
53.300000000000004,-1.94,High,0.94905597,0.94905597,0.001854426,0.049089644
53.300000000000004,-1.92,High,0.7127202,0.7127202,0.04883469,0.23844507
53.300000000000004,-1.9000000000000001,High,0.9142583,0.9142583,0.0037175235,0.08202419
53.300000000000004,-1.8800000000000001,High,0.98992074,0.98992074,0.0030796642,0.0069996277
53.300000000000004,-1.86,Medium,0.59700036,0.037559163,0.36544043,0.59700036
53.300000000000004,-1.84,High,0.88408977,0.88408977,0.004447747,0.1114625
53.300000000000004,-1.82,High,0.75106436,0.75106436,0.008200492,0.24073517
53.300000000000004,-1.8,Medium,0.5439881,0.16323477,0.29277712,0.5439881
53.32,-2.2600000000000002,High,0.9967636,0.9967636,0.00021683915,0.003019581
53.32,-2.24,High,0.9943256,0.9943256,0.00046688798,0.0052075037
53.32,-2.22,High,0.9965558,0.9965558,0.00034352756,0.003100723
53.32,-2.2,High,0.9789708,0.9789708,0.0007359259,0.02029324
53.32,-2.18,High,0.9708018,0.9708018,0.0007658153,0.028432341
53.32,-2.16,High,0.85982084,0.85982084,0.009250465,0.13092871
53.32,-2.14,High,0.9493742,0.9493742,0.00082248775,0.049803246
53.32,-2.12,High,0.8739007,0.8739007,0.006220132,0.11987913
53.32,-2.1,High,0.926926,0.926926,0.0018555605,0.07121843
53.32,-2.08,High,0.9756916,0.9756916,0.0005300386,0.023778323
53.32,-2.06,Medium,0.5877811,0.030269565,0.3819494,0.5877811
53.32,-2.02,High,0.8948711,0.8948711,0.009421453,0.095707454
53.32,-2.0,High,0.9807459,0.9807459,0.000623222,0.01863089
53.32,-1.98,High,0.9978676,0.9978676,0.00022619935,0.0019061442
53.32,-1.96,High,0.9351788,0.9351788,0.002292024,0.062529184
53.32,-1.94,High,0.88938624,0.88938624,0.002553968,0.10805984
53.32,-1.92,High,0.9638958,0.9638958,0.00089417055,0.035210002
53.32,-1.9000000000000001,High,0.9979977,0.9979977,0.00028991624,0.001712392
53.32,-1.8800000000000001,High,0.6430216,0.6430216,0.013700757,0.34327766
53.32,-1.86,High,0.6061506,0.6061506,0.050608408,0.343241
53.32,-1.84,Medium,0.4345305,0.3275704,0.23789907,0.4345305
53.32,-1.82,Medium,0.53593874,0.219867,0.24419425,0.53593874
53.34,-2.3000000000000003,Low,0.5609905,0.034507904,0.5609905,0.40450165
53.34,-2.2800000000000002,Medium,0.55785793,0.32219553,0.119946584,0.55785793
53.34,-2.2600000000000002,High,0.99575114,0.99575114,0.00022747193,0.0040213354
53.34,-2.24,High,0.99743587,0.99743587,0.00029266486,0.002271485
53.34,-2.22,High,0.9907569,0.9907569,0.00048178845,0.008761265
53.34,-2.2,High,0.99700135,0.99700135,0.00029905202,0.0026995942
53.34,-2.18,High,0.954546,0.954546,0.0012681263,0.044185977
53.34,-2.16,High,0.99296474,0.99296474,0.00018500068,0.006850186
53.34,-2.14,High,0.99813384,0.99813384,0.00021141497,0.0016547587
53.34,-2.12,High,0.99306715,0.99306715,0.00047066362,0.0064622206
53.34,-2.1,High,0.996012,0.996012,0.00030437412,0.0036836613
53.34,-2.08,High,0.9971169,0.9971169,0.00023968318,0.002643445
53.34,-2.06,Medium,0.57719177,0.2589464,0.16386184,0.57719177
53.34,-2.04,Medium,0.519174,0.41150737,0.06931865,0.519174
53.34,-2.02,Medium,0.6588305,0.15059446,0.19057502,0.6588305
53.34,-2.0,High,0.9936452,0.9936452,0.0007256727,0.005629128
53.34,-1.98,High,0.9979234,0.9979234,0.00019008564,0.0018865234
53.34,-1.96,High,0.96959126,0.96959126,0.0009438957,0.02946477
53.34,-1.94,High,0.99609154,0.99609154,0.00036217706,0.0035462617
53.34,-1.92,High,0.6945995,0.6945995,0.00952087,0.29587966
53.34,-1.9000000000000001,High,0.7442388,0.7442388,0.016482921,0.2392783
53.34,-1.8800000000000001,Medium,0.56671745,0.12816732,0.3051152,0.56671745
53.34,-1.86,Low,0.71377975,0.029869506,0.71377975,0.25635073
53.34,-1.84,Low,0.7364925,0.011621928,0.7364925,0.2518855
53.36,-2.36,High,0.88655555,0.88655555,0.00987737,0.10356706
53.36,-2.34,High,0.7643261,0.7643261,0.0051533445,0.23052059
53.36,-2.32,High,0.9980287,0.9980287,0.00024065832,0.0017306202
53.36,-2.2800000000000002,Medium,0.666027,0.07975902,0.254214,0.666027
53.36,-2.2600000000000002,High,0.9976502,0.9976502,0.00024940073,0.0021003862
53.36,-2.24,High,0.81005484,0.81005484,0.0045131575,0.18543203
53.36,-2.22,High,0.9976736,0.9976736,0.00027715266,0.002049311
53.36,-2.2,High,0.9965348,0.9965348,0.000227801,0.0032373688
53.36,-2.18,High,0.99254954,0.99254954,0.0004107611,0.0070396527
53.36,-2.16,High,0.9880713,0.9880713,0.00056417944,0.011364461
53.36,-2.14,High,0.99494225,0.99494225,0.00020508474,0.0048526595
53.36,-2.12,High,0.983668,0.983668,0.00061087584,0.015721105
53.36,-2.1,High,0.99200684,0.99200684,0.0011373576,0.0068558315
53.36,-2.08,High,0.9982486,0.9982486,0.00018353297,0.0015679018
53.36,-2.06,High,0.99545825,0.99545825,0.0002685062,0.004273225
53.36,-2.04,High,0.99652725,0.99652725,0.00026202737,0.0032107008
53.36,-2.02,High,0.99414176,0.99414176,0.00049234985,0.0053659286
53.36,-2.0,High,0.99574846,0.99574846,0.00030601758,0.003945586
53.36,-1.98,High,0.9860109,0.9860109,0.00061902485,0.013370033
53.36,-1.96,High,0.70287055,0.70287055,0.07049108,0.2266384
53.36,-1.94,High,0.8734807,0.8734807,0.0086784735,0.1178408
53.36,-1.92,High,0.7078483,0.7078483,0.008619012,0.28353268
53.38,-2.4,Medium,0.53770524,0.21377449,0.24852023,0.53770524
53.38,-2.38,High,0.99654096,0.99654096,0.00018346943,0.0032755784
53.38,-2.36,High,0.99304706,0.99304706,0.00042796182,0.0065250536
53.38,-2.34,High,0.9974464,0.9974464,0.0002636079,0.002289958
53.38,-2.32,High,0.9593111,0.9593111,0.0010483756,0.03964054
53.38,-2.3000000000000003,Medium,0.47280726,0.4372097,0.089983016,0.47280726
53.38,-2.2800000000000002,High,0.8898449,0.8898449,0.0029867957,0.10716835
53.38,-2.2600000000000002,High,0.981028,0.981028,0.0005262673,0.018445654
53.38,-2.24,High,0.9960824,0.9960824,0.00039983695,0.0035177364
53.38,-2.22,High,0.99251693,0.99251693,0.0004471041,0.007036032
53.38,-2.2,High,0.9766442,0.9766442,0.000497529,0.022858266
53.38,-2.18,High,0.9937621,0.9937621,0.00045644178,0.0057815043
53.38,-2.16,High,0.9868912,0.9868912,0.0006077793,0.01250105
53.38,-2.14,High,0.9899248,0.9899248,0.0004422784,0.0096329115
53.38,-2.12,High,0.9705302,0.9705302,0.0008042805,0.028665489
53.38,-2.1,High,0.99732107,0.99732107,0.00039394546,0.0022850186
53.38,-2.08,High,0.9983303,0.9983303,0.0002488058,0.001420962
53.38,-2.06,High,0.9771606,0.9771606,0.0010860607,0.021753304
53.38,-2.04,High,0.9925619,0.9925619,0.00031971335,0.0071183764
53.38,-2.02,High,0.6689486,0.6689486,0.027513761,0.30353764
53.38,-2.0,High,0.9973239,0.9973239,0.0001526232,0.002523518
53.38,-1.98,High,0.9980647,0.9980647,0.00022423518,0.0017110474
53.38,-1.96,High,0.9953667,0.9953667,0.00027756838,0.004355727
53.38,-1.94,High,0.99497885,0.99497885,0.00029901147,0.0047221053
53.38,-1.92,Medium,0.543842,0.34725508,0.10890283,0.543842
53.38,-1.9000000000000001,Low,0.7365645,0.017799474,0.7365645,0.24563603
53.4,-2.5,High,0.5533541,0.5533541,0.034204755,0.41244113
53.4,-2.48,Medium,0.53838027,0.42672217,0.03489754,0.53838027
53.4,-2.46,High,0.9123665,0.9123665,0.0031206398,0.08451283
53.4,-2.4,Medium,0.67460525,0.27297902,0.052415792,0.67460525
53.4,-2.38,High,0.92241204,0.92241204,0.0014798696,0.076108046
53.4,-2.36,High,0.9636573,0.9636573,0.0010394335,0.035303198
53.4,-2.34,High,0.99774146,0.99774146,0.00027043317,0.0019881702
53.4,-2.32,High,0.996834,0.996834,0.00033663108,0.0028294
53.4,-2.3000000000000003,High,0.9851332,0.9851332,0.00060241605,0.014264369
53.4,-2.2800000000000002,High,0.96756035,0.96756035,0.0017314807,0.030708166
53.4,-2.2600000000000002,High,0.9921427,0.9921427,0.00052873127,0.007328631
53.4,-2.24,High,0.9969945,0.9969945,0.00030327536,0.0027022364
53.4,-2.22,High,0.9971783,0.9971783,0.00031248404,0.0025091984
53.4,-2.2,High,0.9715452,0.9715452,0.0004596869,0.027995128
53.4,-2.18,High,0.9915168,0.9915168,0.0005506811,0.007932482
53.4,-2.16,High,0.9908958,0.9908958,0.00043681858,0.008667409
53.4,-2.14,High,0.99067104,0.99067104,0.00047295023,0.008856069
53.4,-2.12,High,0.9976895,0.9976895,0.00036249662,0.001947987
53.4,-2.1,High,0.99645054,0.99645054,0.00037681323,0.0031726242
53.4,-2.08,High,0.99482685,0.99482685,0.00032262894,0.004850452
53.4,-2.06,High,0.98115116,0.98115116,0.00038163856,0.018467177
53.4,-2.04,High,0.99765056,0.99765056,0.00027939217,0.002070061
53.4,-2.02,High,0.9938601,0.9938601,0.00037782887,0.0057620793
53.4,-2.0,High,0.6705422,0.6705422,0.019233968,0.31022388
53.4,-1.98,High,0.7725884,0.7725884,0.04160954,0.18580206
53.4,-1.96,Medium,0.7082465,0.055193786,0.23655966,0.7082465
53.4,-1.94,Medium,0.45671308,0.44288477,0.10040212,0.45671308
53.42,-2.54,High,0.99799585,0.99799585,0.0002958659,0.0017083662
53.42,-2.52,High,0.996581,0.996581,0.00031169585,0.0031073214
53.42,-2.5,High,0.99721944,0.99721944,0.00034886927,0.0024317047
53.42,-2.48,High,0.7402155,0.7402155,0.020579033,0.23920551
53.42,-2.46,High,0.9962237,0.9962237,0.00046909443,0.0033072613
53.42,-2.44,High,0.9979061,0.9979061,0.00021252876,0.0018814008
53.42,-2.42,High,0.99787605,0.99787605,0.00033192532,0.0017920627
53.42,-2.4,Medium,0.516339,0.22726606,0.25639492,0.516339
53.42,-2.38,High,0.4636273,0.4636273,0.16921104,0.36716163
53.42,-2.36,High,0.99798113,0.99798113,0.0002884217,0.0017304535
53.42,-2.34,High,0.9982705,0.9982705,0.00020023137,0.0015292973
53.42,-2.32,High,0.9944818,0.9944818,0.00038933154,0.0051288554
53.42,-2.3000000000000003,High,0.99525154,0.99525154,0.00042003192,0.0043284493
53.42,-2.2800000000000002,High,0.987194,0.987194,0.0009731321,0.011832845
53.42,-2.2600000000000002,High,0.9971438,0.9971438,0.0002991407,0.0025570625
53.42,-2.24,High,0.99033374,0.99033374,0.0004406285,0.0092256535
53.42,-2.22,High,0.9889607,0.9889607,0.00046574866,0.010573499
53.42,-2.2,High,0.98630756,0.98630756,0.00049756886,0.013194918
53.42,-2.18,High,0.9969229,0.9969229,0.0003494154,0.0027276275
53.42,-2.16,High,0.99262035,0.99262035,0.0005722653,0.006807414
53.42,-2.14,High,0.9979103,0.9979103,0.0002823921,0.0018073173
53.42,-2.12,High,0.99602747,0.99602747,0.00027539567,0.0036971015
53.42,-2.1,High,0.9766259,0.9766259,0.00087714946,0.022496983
53.42,-2.08,High,0.972714,0.972714,0.0006719392,0.026613997
53.42,-2.06,High,0.99012285,0.99012285,0.00028602677,0.009591155
53.42,-2.04,High,0.98292625,0.98292625,0.0007276769,0.01634614
53.42,-2.02,High,0.6419563,0.6419563,0.029453903,0.3285897
53.42,-2.0,High,0.7512725,0.7512725,0.010618071,0.23810945
53.42,-1.98,High,0.7876631,0.7876631,0.04829118,0.16404575
53.42,-1.96,Medium,0.5028632,0.34184375,0.15529303,0.5028632
53.42,-1.94,Medium,0.47486684,0.43518355,0.08994958,0.47486684
53.44,-2.7,Low,0.5929439,0.08617075,0.5929439,0.32088533
53.44,-2.66,High,0.73973125,0.73973125,0.020829787,0.23943898
53.44,-2.64,High,0.99700683,0.99700683,0.00021279782,0.0027803436
53.44,-2.62,High,0.9982008,0.9982008,0.00027609215,0.0015231648
53.44,-2.6,Medium,0.67249525,0.120296486,0.20720828,0.67249525
53.44,-2.58,Medium,0.44962582,0.12159854,0.42877567,0.44962582
53.44,-2.56,High,0.53274244,0.53274244,0.049481764,0.4177758
53.44,-2.54,Medium,0.4592765,0.3953892,0.14533424,0.4592765
53.44,-2.52,High,0.9714134,0.9714134,0.0007110635,0.027875593
53.44,-2.5,High,0.9311843,0.9311843,0.0013152928,0.06750042
53.44,-2.48,High,0.59148914,0.59148914,0.039525054,0.36898583
53.44,-2.46,High,0.90787655,0.90787655,0.001997454,0.09012595
53.44,-2.44,High,0.9790967,0.9790967,0.0004458532,0.020457432
53.44,-2.42,High,0.99418044,0.99418044,0.00054644473,0.0052731857
53.44,-2.4,High,0.989576,0.989576,0.00050496723,0.009918992
53.44,-2.38,High,0.9968375,0.9968375,0.00027119936,0.002891265
53.44,-2.36,High,0.99854785,0.99854785,0.00025392568,0.0011982145
53.44,-2.34,High,0.9978479,0.9978479,0.00021216483,0.0019399188
53.44,-2.32,High,0.99724245,0.99724245,0.00028702468,0.0024705606
53.44,-2.3000000000000003,High,0.9972669,0.9972669,0.00024873734,0.0024844205
53.44,-2.2800000000000002,High,0.9240098,0.9240098,0.0020005545,0.07398965
53.44,-2.2600000000000002,High,0.99158394,0.99158394,0.00036936795,0.008046722
53.44,-2.24,High,0.9897305,0.9897305,0.00045011216,0.009819393
53.44,-2.22,High,0.99053895,0.99053895,0.00053702906,0.008923991
53.44,-2.2,High,0.99031657,0.99031657,0.00044605377,0.009237449
53.44,-2.18,High,0.98808914,0.98808914,0.00067523983,0.011235633
53.44,-2.16,High,0.9884928,0.9884928,0.0005328848,0.010974317
53.44,-2.14,High,0.9750336,0.9750336,0.0008919692,0.024074443
53.44,-2.12,High,0.98979855,0.98979855,0.0004830533,0.009718383
53.44,-2.1,High,0.9961028,0.9961028,0.0004023815,0.0034948692
53.44,-2.08,High,0.99366874,0.99366874,0.00042049144,0.005910805
53.44,-2.06,High,0.99818265,0.99818265,0.00024376456,0.0015735795
53.44,-2.04,High,0.9897831,0.9897831,0.00040149875,0.009815356
53.44,-2.02,High,0.9976901,0.9976901,0.0002548242,0.0020550655
53.44,-2.0,High,0.9986778,0.9986778,0.00013820328,0.0011840137
53.44,-1.98,High,0.9947589,0.9947589,0.00042505804,0.0048160497
53.44,-1.96,High,0.9828972,0.9828972,0.00047549634,0.016627306
53.44,-1.94,High,0.99707794,0.99707794,0.00025114868,0.0026709551
53.44,-1.92,High,0.8919575,0.8919575,0.006045652,0.1019968
53.46,-2.7,High,0.9949969,0.9949969,0.00031641749,0.004686699
53.46,-2.68,High,0.99514645,0.99514645,0.00037152178,0.0044819633
53.46,-2.66,High,0.9735126,0.9735126,0.0006760952,0.025811313
53.46,-2.64,High,0.9820259,0.9820259,0.00037412744,0.017599922
53.46,-2.62,High,0.9818455,0.9818455,0.00041590031,0.017738659
53.46,-2.6,High,0.96856153,0.96856153,0.0010531844,0.030385295
53.46,-2.58,High,0.9693943,0.9693943,0.0009864867,0.029619195
53.46,-2.56,High,0.9892191,0.9892191,0.0005581207,0.010222733
53.46,-2.54,High,0.644357,0.644357,0.027544493,0.32809854
53.46,-2.52,High,0.9694112,0.9694112,0.0007758255,0.02981291
53.46,-2.5,High,0.8645535,0.8645535,0.005909872,0.12953661
53.46,-2.48,Medium,0.65285903,0.22765075,0.11949018,0.65285903
53.46,-2.46,High,0.8119937,0.8119937,0.0068679997,0.18113828
53.46,-2.44,High,0.8670196,0.8670196,0.011869108,0.12111124
53.46,-2.42,High,0.99697137,0.99697137,0.00026418787,0.0027644553
53.46,-2.4,High,0.99733293,0.99733293,0.00023553042,0.0024315289
53.46,-2.38,High,0.9968346,0.9968346,0.00037885865,0.0027866
53.46,-2.36,High,0.9978927,0.9978927,0.00014713041,0.0019601877
53.46,-2.34,High,0.99762195,0.99762195,0.0002910843,0.0020869824
53.46,-2.32,High,0.99814415,0.99814415,0.0002633519,0.0015925483
53.46,-2.3000000000000003,High,0.9976961,0.9976961,0.00033199778,0.001971829
53.46,-2.2800000000000002,High,0.93506205,0.93506205,0.0028687925,0.062069114
53.46,-2.2600000000000002,High,0.98115337,0.98115337,0.0006810092,0.018165633
53.46,-2.24,High,0.992094,0.992094,0.00045686678,0.0074491748
53.46,-2.22,High,0.9842316,0.9842316,0.000483244,0.015285143
53.46,-2.2,High,0.98486763,0.98486763,0.0006357118,0.014496662
53.46,-2.18,High,0.9839887,0.9839887,0.0006352753,0.015375967
53.46,-2.16,High,0.99368495,0.99368495,0.00044046543,0.0058745197
53.46,-2.14,High,0.9891412,0.9891412,0.0005568447,0.010301873
53.46,-2.12,High,0.99285865,0.99285865,0.0004477166,0.006693658
53.46,-2.1,High,0.9944559,0.9944559,0.00037272004,0.00517141
53.46,-2.08,High,0.98357725,0.98357725,0.00058078644,0.015841955
53.46,-2.06,High,0.9921463,0.9921463,0.0004463415,0.0074073486
53.46,-2.04,High,0.995828,0.995828,0.0012073588,0.0029645953
53.46,-2.02,High,0.92448175,0.92448175,0.0011476752,0.07437053
53.46,-2.0,High,0.9974369,0.9974369,0.00029051257,0.0022726143
53.46,-1.98,High,0.9635092,0.9635092,0.0010503539,0.035440385
53.46,-1.96,High,0.9971238,0.9971238,0.00034078138,0.0025354724
53.46,-1.94,High,0.995191,0.995191,0.00043182826,0.0043772054
53.46,-1.92,High,0.72408736,0.72408736,0.051179532,0.22473305
53.480000000000004,-2.72,High,0.9935953,0.9935953,0.00034293992,0.0060618343
53.480000000000004,-2.7,High,0.9266298,0.9266298,0.0015400206,0.07183018
53.480000000000004,-2.68,High,0.9979596,0.9979596,0.00019166588,0.0018487545
53.480000000000004,-2.66,High,0.9985819,0.9985819,0.00018468568,0.0012333926
53.480000000000004,-2.64,High,0.963402,0.963402,0.0008643517,0.035733603
53.480000000000004,-2.62,High,0.9974039,0.9974039,0.00018144779,0.00241462
53.480000000000004,-2.6,High,0.9607402,0.9607402,0.00096160726,0.03829815
53.480000000000004,-2.58,High,0.9734558,0.9734558,0.00089346996,0.025650818
53.480000000000004,-2.56,High,0.9952099,0.9952099,0.00036007914,0.004430044
53.480000000000004,-2.54,High,0.9979759,0.9979759,0.00035063847,0.0016734824
53.480000000000004,-2.52,High,0.9972662,0.9972662,0.0004862702,0.0022476278
53.480000000000004,-2.5,High,0.99672514,0.99672514,0.00018096513,0.0030939062
53.480000000000004,-2.48,High,0.8022809,0.8022809,0.02217762,0.17554154
53.480000000000004,-2.46,High,0.9491477,0.9491477,0.0011516816,0.04970063
53.480000000000004,-2.44,High,0.806965,0.806965,0.0069992957,0.18603571
53.480000000000004,-2.42,High,0.48517278,0.48517278,0.13668609,0.3781411
53.480000000000004,-2.4,Medium,0.39937195,0.365104,0.23552413,0.39937195
53.480000000000004,-2.38,High,0.99543923,0.99543923,0.00041151186,0.0041492437
53.480000000000004,-2.36,High,0.9886939,0.9886939,0.0005792833,0.010726808
53.480000000000004,-2.34,High,0.9972601,0.9972601,0.00032518094,0.0024147255
53.480000000000004,-2.32,High,0.98062897,0.98062897,0.0010097817,0.018361209
53.480000000000004,-2.3000000000000003,High,0.99301845,0.99301845,0.00026998392,0.0067115324
53.480000000000004,-2.2800000000000002,High,0.8188213,0.8188213,0.0030627884,0.17811595
53.480000000000004,-2.2600000000000002,High,0.99181926,0.99181926,0.0006209452,0.0075598187
53.480000000000004,-2.24,High,0.9915001,0.9915001,0.0006899427,0.0078100567
53.480000000000004,-2.22,High,0.982106,0.982106,0.0005006001,0.017393483
53.480000000000004,-2.2,High,0.9900934,0.9900934,0.0004709711,0.009435664
53.480000000000004,-2.18,High,0.99106675,0.99106675,0.0004379748,0.008495297
53.480000000000004,-2.16,High,0.9861097,0.9861097,0.0005201338,0.013370262
53.480000000000004,-2.14,High,0.9863961,0.9863961,0.0005887849,0.013015108
53.480000000000004,-2.12,High,0.99244326,0.99244326,0.0004140081,0.007142668
53.480000000000004,-2.1,High,0.99061954,0.99061954,0.00058092043,0.008799517
53.480000000000004,-2.08,High,0.98190755,0.98190755,0.0009176353,0.017174818
53.480000000000004,-2.06,High,0.9778505,0.9778505,0.00058982783,0.021559702
53.480000000000004,-2.04,High,0.99577564,0.99577564,0.00031219362,0.0039121476
53.480000000000004,-2.02,High,0.9864857,0.9864857,0.0008471243,0.012667095
53.480000000000004,-2.0,High,0.5937971,0.5937971,0.08534833,0.3208546
53.480000000000004,-1.98,High,0.719124,0.719124,0.0047435123,0.27613252
53.480000000000004,-1.96,High,0.7435179,0.7435179,0.12380155,0.13268057
53.480000000000004,-1.94,High,0.7528238,0.7528238,0.054017328,0.19315885
53.480000000000004,-1.92,Medium,0.48737276,0.15830517,0.3543221,0.48737276
53.5,-2.84,Medium,0.5313955,0.037238047,0.43136647,0.5313955
53.5,-2.72,High,0.9972051,0.9972051,0.00035483288,0.0024400812
53.5,-2.7,High,0.9971419,0.9971419,0.00023080401,0.0026272829
53.5,-2.68,High,0.98831415,0.98831415,0.00042778614,0.011258015
53.5,-2.66,High,0.9966973,0.9966973,0.0003246808,0.0029780339
53.5,-2.64,High,0.9946045,0.9946045,0.00053352414,0.0048619057
53.5,-2.62,High,0.9982882,0.9982882,0.00016715644,0.0015445916
53.5,-2.6,High,0.99679667,0.99679667,0.0003196759,0.0028836844
53.5,-2.58,High,0.9761515,0.9761515,0.000884323,0.022964165
53.5,-2.56,High,0.9171168,0.9171168,0.0013047723,0.0815784
53.5,-2.54,High,0.99191004,0.99191004,0.00041695585,0.0076729567
53.5,-2.52,High,0.9696502,0.9696502,0.0011245613,0.029225223
53.5,-2.5,High,0.99541277,0.99541277,0.00030280085,0.004284409
53.5,-2.48,High,0.99756384,0.99756384,0.00020277301,0.0022333588
53.5,-2.46,High,0.9823797,0.9823797,0.0006641483,0.016956192
53.5,-2.44,High,0.9978428,0.9978428,0.00026219347,0.0018950243
53.5,-2.42,High,0.99225026,0.99225026,0.00037892268,0.0073708426
53.5,-2.4,High,0.88243586,0.88243586,0.0033616207,0.114202544
53.5,-2.38,High,0.9975853,0.9975853,0.00020773464,0.002206965
53.5,-2.36,High,0.9970311,0.9970311,0.00030889924,0.0026599679
53.5,-2.34,High,0.9839162,0.9839162,0.0005614358,0.015522324
53.5,-2.32,High,0.9938871,0.9938871,0.00042444098,0.0056884703
53.5,-2.3000000000000003,High,0.9968342,0.9968342,0.00029819232,0.0028675643
53.5,-2.2800000000000002,High,0.91321576,0.91321576,0.0032763695,0.08350792
53.5,-2.2600000000000002,High,0.987728,0.987728,0.0005896269,0.011682393
53.5,-2.24,High,0.99251455,0.99251455,0.00054263684,0.0069428114
53.5,-2.22,High,0.9877372,0.9877372,0.0005183282,0.011744488
53.5,-2.2,High,0.9858305,0.9858305,0.00050340797,0.01366607
53.5,-2.18,High,0.98684895,0.98684895,0.0005085362,0.0126425
53.5,-2.16,High,0.9936522,0.9936522,0.0003682294,0.005979471
53.5,-2.14,High,0.9963361,0.9963361,0.00034365364,0.0033201857
53.5,-2.12,High,0.99771166,0.99771166,0.0002160846,0.0020722323
53.5,-2.1,High,0.95406926,0.95406926,0.0009139732,0.04501678
53.5,-2.08,High,0.9817386,0.9817386,0.00042188747,0.017839462
53.5,-2.06,High,0.9942855,0.9942855,0.0003613098,0.005353133
53.5,-2.04,High,0.9206905,0.9206905,0.0010002233,0.078309335
53.5,-2.02,High,0.99525213,0.99525213,0.001810773,0.002937072
53.5,-1.86,Low,0.84361637,0.006308712,0.84361637,0.15007494
53.52,-2.88,High,0.75948805,0.75948805,0.014805888,0.22570609
53.52,-2.86,High,0.50167316,0.50167316,0.03548476,0.46284208
53.52,-2.84,High,0.72873795,0.72873795,0.008986585,0.2622755
53.52,-2.82,Medium,0.5816627,0.08428542,0.33405185,0.5816627
53.52,-2.8000000000000003,Medium,0.5548781,0.2636424,0.18147947,0.5548781
53.52,-2.7800000000000002,Low,0.61678916,0.032922078,0.61678916,0.35028878
53.52,-2.7600000000000002,High,0.8994731,0.8994731,0.004348441,0.09617847
53.52,-2.74,High,0.6358004,0.6358004,0.05265984,0.31153974
53.52,-2.72,High,0.9973425,0.9973425,0.00028682005,0.0023707221
53.52,-2.7,High,0.9885626,0.9885626,0.0004009104,0.011036545
53.52,-2.68,High,0.99498427,0.99498427,0.0004410645,0.0045746425
53.52,-2.66,High,0.97452354,0.97452354,0.0007107187,0.02476571
53.52,-2.64,High,0.99320304,0.99320304,0.0005552356,0.006241667
53.52,-2.62,High,0.99778074,0.99778074,0.00018360502,0.0020356383
53.52,-2.6,High,0.9958217,0.9958217,0.00032938152,0.0038489457
53.52,-2.58,High,0.9984106,0.9984106,0.00032789863,0.0012615478
53.52,-2.56,High,0.7859023,0.7859023,0.0018007486,0.21229695
53.52,-2.54,High,0.9962042,0.9962042,0.00025810284,0.0035377594
53.52,-2.52,High,0.997781,0.997781,0.00041679345,0.0018022502
53.52,-2.5,High,0.96157354,0.96157354,0.0008116136,0.037614807
53.52,-2.48,High,0.997092,0.997092,0.0003121255,0.0025958496
53.52,-2.46,High,0.9966293,0.9966293,0.00031316563,0.003057573
53.52,-2.44,High,0.9937376,0.9937376,0.00034418292,0.0059182174
53.52,-2.42,High,0.9960377,0.9960377,0.00022688994,0.0037353337
53.52,-2.4,High,0.9759161,0.9759161,0.0012450989,0.022838812
53.52,-2.38,High,0.9975061,0.9975061,0.00033438133,0.0021595757
53.52,-2.36,High,0.99821377,0.99821377,0.0002477386,0.0015384579
53.52,-2.34,High,0.9937372,0.9937372,0.0004356882,0.0058270735
53.52,-2.32,High,0.9530679,0.9530679,0.0012304636,0.045701675
53.52,-2.3000000000000003,High,0.99757177,0.99757177,0.0004135628,0.0020146228
53.52,-2.2800000000000002,High,0.9848867,0.9848867,0.001423598,0.013689689
53.52,-2.2600000000000002,High,0.9950029,0.9950029,0.00033891466,0.004658193
53.52,-2.24,High,0.9945673,0.9945673,0.00056963845,0.0048630727
53.52,-2.22,High,0.98823404,0.98823404,0.00040527634,0.011360687
53.52,-2.2,High,0.98900247,0.98900247,0.00043009987,0.010567398
53.52,-2.18,High,0.9921102,0.9921102,0.0007502318,0.0071395864
53.52,-2.16,High,0.9924217,0.9924217,0.00045242833,0.0071259392
53.52,-2.14,High,0.9807854,0.9807854,0.0006034442,0.018611139
53.52,-2.12,High,0.9643724,0.9643724,0.0008464374,0.0347811
53.52,-2.1,High,0.9931884,0.9931884,0.0004577541,0.006353847
53.52,-2.08,High,0.9962314,0.9962314,0.0003537721,0.003414882
53.52,-2.06,High,0.99713755,0.99713755,0.00026746947,0.0025950486
53.52,-2.04,High,0.9349284,0.9349284,0.00097497005,0.06409659
53.52,-2.02,High,0.9965702,0.9965702,0.00046394276,0.0029658193
53.52,-2.0,Medium,0.6398327,0.16679402,0.1933733,0.6398327
53.52,-1.98,Medium,0.4642885,0.38837543,0.14733605,0.4642885
53.54,-2.88,High,0.9054465,0.9054465,0.0034824908,0.09107101
53.54,-2.86,High,0.89187795,0.89187795,0.0045504514,0.10357158
53.54,-2.84,High,0.98697287,0.98697287,0.00046134,0.012565836
53.54,-2.82,High,0.9506534,0.9506534,0.0009222764,0.048424423
53.54,-2.8000000000000003,High,0.99138707,0.99138707,0.0006461166,0.0079668425
53.54,-2.7800000000000002,High,0.921833,0.921833,0.0027746656,0.07539233
53.54,-2.7600000000000002,High,0.9740804,0.9740804,0.0005901775,0.025329426
53.54,-2.74,High,0.9967526,0.9967526,0.00030412382,0.0029432888
53.54,-2.72,High,0.9599359,0.9599359,0.00081532,0.039248846
53.54,-2.7,High,0.99789965,0.99789965,0.00026500184,0.0018353736
53.54,-2.68,High,0.9757624,0.9757624,0.00053266913,0.023704916
53.54,-2.66,High,0.98218703,0.98218703,0.0006512729,0.017161718
53.54,-2.64,High,0.9900789,0.9900789,0.0004123,0.009508815
53.54,-2.62,High,0.98947525,0.98947525,0.00043516068,0.010089523
53.54,-2.6,High,0.9908468,0.9908468,0.000393446,0.008759779
53.54,-2.58,High,0.99745375,0.99745375,0.00025434705,0.0022918526
53.54,-2.56,High,0.9974491,0.9974491,0.0003315034,0.0022194046
53.54,-2.54,High,0.998662,0.998662,0.00017811445,0.0011598477
53.54,-2.52,High,0.9853792,0.9853792,0.00041698178,0.014203764
53.54,-2.5,High,0.99704653,0.99704653,0.0002594543,0.00269403
53.54,-2.48,High,0.9980135,0.9980135,0.00019880905,0.0017876902
53.54,-2.46,High,0.9957255,0.9957255,0.0003150542,0.003959472
53.54,-2.44,High,0.9978528,0.9978528,0.00030979957,0.0018374484
53.54,-2.42,High,0.99354917,0.99354917,0.00047785958,0.00597302
53.54,-2.4,High,0.99199307,0.99199307,0.0005466638,0.0074603036
53.54,-2.38,High,0.9960288,0.9960288,0.0005373712,0.0034339172
53.54,-2.36,High,0.9246324,0.9246324,0.0016073785,0.07376029
53.54,-2.34,High,0.817473,0.817473,0.03456233,0.14796466
53.54,-2.32,High,0.98500943,0.98500943,0.0004506305,0.014539984
53.54,-2.3000000000000003,High,0.9816207,0.9816207,0.00044207214,0.017937137
53.54,-2.2800000000000002,High,0.91833085,0.91833085,0.003405451,0.07826369
53.54,-2.2600000000000002,High,0.994796,0.994796,0.0004079814,0.004796112
53.54,-2.24,High,0.99722385,0.99722385,0.00019525884,0.0025809132
53.54,-2.22,High,0.99547416,0.99547416,0.0003464266,0.004179442
53.54,-2.2,High,0.9958632,0.9958632,0.00037061863,0.003766143
53.54,-2.18,High,0.9828876,0.9828876,0.0006214079,0.016490923
53.54,-2.16,High,0.99019706,0.99019706,0.00055636413,0.009246558
53.54,-2.14,High,0.97605395,0.97605395,0.00052534806,0.023420691
53.54,-2.12,High,0.9833977,0.9833977,0.0005460565,0.016056176
53.54,-2.1,High,0.98447675,0.98447675,0.00053746626,0.014985773
53.54,-2.08,High,0.9856771,0.9856771,0.0005026164,0.013820252
53.54,-2.06,High,0.9917087,0.9917087,0.00033951917,0.007951841
53.54,-2.04,High,0.99738425,0.99738425,0.00027496487,0.0023407536
53.54,-2.02,High,0.9325328,0.9325328,0.0010527907,0.06641446
53.54,-2.0,High,0.9952834,0.9952834,0.0004927198,0.004223859
53.54,-1.98,High,0.5144365,0.5144365,0.06193121,0.42363232
53.54,-1.96,Low,0.6618616,0.013416068,0.6618616,0.32472232
53.56,-2.94,Medium,0.5482226,0.37043294,0.08134447,0.5482226
53.56,-2.9,High,0.6309059,0.6309059,0.05831185,0.3107822
53.56,-2.88,High,0.99204636,0.99204636,0.0005154562,0.00743818
53.56,-2.86,High,0.94969493,0.94969493,0.0010852969,0.049219728
53.56,-2.84,High,0.99403775,0.99403775,0.0008325678,0.00512972
53.56,-2.82,High,0.9960375,0.9960375,0.0001964855,0.0037660513
53.56,-2.8000000000000003,High,0.9714867,0.9714867,0.00080603303,0.027707297
53.56,-2.7800000000000002,High,0.9515435,0.9515435,0.0013365673,0.04711985
53.56,-2.7600000000000002,High,0.99288565,0.99288565,0.0004031462,0.006711214
53.56,-2.74,High,0.76245266,0.76245266,0.002500347,0.23504697
53.56,-2.72,High,0.9978648,0.9978648,0.00021970374,0.0019154964
53.56,-2.7,High,0.9973248,0.9973248,0.00021025816,0.0024649175
53.56,-2.68,High,0.9944214,0.9944214,0.00041289927,0.005165639
53.56,-2.66,High,0.99649054,0.99649054,0.0003662782,0.0031431562
53.56,-2.64,High,0.98994595,0.98994595,0.00031872935,0.009735309
53.56,-2.62,High,0.9800585,0.9800585,0.0005624603,0.019378994
53.56,-2.6,High,0.9940181,0.9940181,0.0002573815,0.005724487
53.56,-2.58,High,0.99799794,0.99799794,0.00019847632,0.0018035449
53.56,-2.56,High,0.9966568,0.9966568,0.0003281196,0.003015154
53.56,-2.54,High,0.99425066,0.99425066,0.00028489734,0.005464518
53.56,-2.52,High,0.9732179,0.9732179,0.0007910753,0.025991034
53.56,-2.5,High,0.9975681,0.9975681,0.00024318366,0.002188766
53.56,-2.48,High,0.99828523,0.99828523,0.0004973119,0.0012174362
53.56,-2.46,High,0.9905667,0.9905667,0.0005872179,0.008846123
53.56,-2.44,High,0.99102974,0.99102974,0.00038424597,0.008586009
53.56,-2.42,High,0.98958695,0.98958695,0.00034078045,0.010072295
53.56,-2.4,High,0.995998,0.995998,0.00029103423,0.0037110015
53.56,-2.38,High,0.9702368,0.9702368,0.0006579645,0.02910529
53.56,-2.36,High,0.9950486,0.9950486,0.00029367988,0.004657667
53.56,-2.34,High,0.96258736,0.96258736,0.0008595105,0.03655312
53.56,-2.32,High,0.9964012,0.9964012,0.0004037796,0.0031950385
53.56,-2.3000000000000003,High,0.97008824,0.97008824,0.0008935537,0.02901827
53.56,-2.2800000000000002,High,0.93937325,0.93937325,0.0019305344,0.058696203
53.56,-2.2600000000000002,Medium,0.7657311,0.092827015,0.14144191,0.7657311
53.56,-2.24,High,0.99180377,0.99180377,0.00039327636,0.007802959
53.56,-2.22,High,0.9975043,0.9975043,0.00026366638,0.0022320927
53.56,-2.2,High,0.9863874,0.9863874,0.00071946526,0.012893178
53.56,-2.18,High,0.99258864,0.99258864,0.00039095228,0.00702041
53.56,-2.16,High,0.9970884,0.9970884,0.00025500954,0.0026566323
53.56,-2.14,High,0.99070203,0.99070203,0.00044571958,0.008852226
53.56,-2.12,High,0.97133124,0.97133124,0.0005376702,0.028131064
53.56,-2.1,High,0.9836758,0.9836758,0.00048308278,0.015841186
53.56,-2.08,High,0.98595816,0.98595816,0.00045542285,0.013586395
53.56,-2.06,High,0.996476,0.996476,0.00044541535,0.0030785978
53.56,-2.04,High,0.9914657,0.9914657,0.00037360593,0.008160717
53.56,-2.02,High,0.9970427,0.9970427,0.0002883454,0.002668913
53.56,-2.0,High,0.99543273,0.99543273,0.0003068026,0.0042605177
53.56,-1.98,High,0.48150384,0.48150384,0.039165523,0.4793306
53.58,-3.02,Low,0.79443616,0.003979954,0.79443616,0.2015839
53.58,-2.98,Medium,0.5703576,0.24775678,0.18188556,0.5703576
53.58,-2.96,High,0.99580836,0.99580836,0.00034997237,0.0038417121
53.58,-2.94,High,0.99645495,0.99645495,0.00024498798,0.003300057
53.58,-2.92,High,0.87875044,0.87875044,0.0018641675,0.11938534
53.58,-2.9,High,0.99637306,0.99637306,0.00030436108,0.0033226325
53.58,-2.88,High,0.9961718,0.9961718,0.000680395,0.0031479003
53.58,-2.86,High,0.9976699,0.9976699,0.00017662419,0.0021534886
53.58,-2.84,High,0.8866642,0.8866642,0.0016935425,0.111642204
53.58,-2.82,High,0.8385765,0.8385765,0.004456935,0.15696658
53.58,-2.8000000000000003,Medium,0.5801758,0.27467418,0.14514998,0.5801758
53.58,-2.7800000000000002,High,0.98191124,0.98191124,0.0019198441,0.016168967
53.58,-2.7600000000000002,High,0.97319293,0.97319293,0.001530591,0.025276447
53.58,-2.74,High,0.9443796,0.9443796,0.0012106528,0.05440965
53.58,-2.72,High,0.99510515,0.99510515,0.00024969075,0.004645218
53.58,-2.7,High,0.9969284,0.9969284,0.00027802322,0.002793649
53.58,-2.68,High,0.99094206,0.99094206,0.00050361943,0.008554299
53.58,-2.66,High,0.99131256,0.99131256,0.00042358827,0.008263818
53.58,-2.64,High,0.99753416,0.99753416,0.0001648781,0.0023009074
53.58,-2.62,High,0.93429166,0.93429166,0.0019540433,0.06375423
53.58,-2.6,High,0.9685516,0.9685516,0.0005896005,0.030858835
53.58,-2.58,High,0.9979102,0.9979102,0.00024387219,0.0018459429
53.58,-2.56,High,0.9896736,0.9896736,0.00058798917,0.009738415
53.58,-2.54,High,0.99450725,0.99450725,0.00021601575,0.005276703
53.58,-2.52,High,0.96666384,0.96666384,0.00076789485,0.032568336
53.58,-2.5,High,0.99813265,0.99813265,0.000261288,0.0016060745
53.58,-2.48,High,0.99710387,0.99710387,0.00035431012,0.002541862
53.58,-2.46,High,0.9936186,0.9936186,0.0005467029,0.0058347154
53.58,-2.44,High,0.99007726,0.99007726,0.0005217597,0.009400971
53.58,-2.42,High,0.992058,0.992058,0.00045583464,0.007486147
53.58,-2.4,High,0.9939604,0.9939604,0.00047903357,0.0055605765
53.58,-2.38,High,0.99338007,0.99338007,0.0003387839,0.0062811547
53.58,-2.36,High,0.9975478,0.9975478,0.0002796726,0.0021724694
53.58,-2.34,High,0.97554713,0.97554713,0.00057157944,0.02388122
53.58,-2.32,High,0.990361,0.990361,0.0003855557,0.009253452
53.58,-2.3000000000000003,High,0.9963897,0.9963897,0.00028803566,0.0033222411
53.58,-2.2800000000000002,High,0.9786961,0.9786961,0.0015113212,0.019792577
53.58,-2.2600000000000002,High,0.8596311,0.8596311,0.0027988015,0.1375701
53.58,-2.24,High,0.996664,0.996664,0.00024909887,0.003086919
53.58,-2.22,High,0.97334474,0.97334474,0.0007766718,0.025878586
53.58,-2.2,High,0.9974152,0.9974152,0.00016103228,0.0024237698
53.58,-2.18,High,0.99498653,0.99498653,0.00044363015,0.0045698653
53.58,-2.16,High,0.6422279,0.6422279,0.0354775,0.32229462
53.58,-2.14,High,0.9966402,0.9966402,0.00038040968,0.0029793405
53.58,-2.12,High,0.99648106,0.99648106,0.00020759634,0.0033113337
53.58,-2.1,High,0.9830199,0.9830199,0.00054903864,0.016431035
53.58,-2.08,High,0.97771287,0.97771287,0.0006158221,0.021671334
53.58,-2.06,High,0.937349,0.937349,0.0023343598,0.06031665
53.58,-2.04,High,0.96808106,0.96808106,0.00078265177,0.031136287
53.58,-2.02,High,0.877373,0.877373,0.0015262989,0.121100746
53.58,-2.0,High,0.8159768,0.8159768,0.019459711,0.16456349
53.58,-1.98,High,0.95335066,0.95335066,0.0014073339,0.045242023
53.6,-3.0,Low,0.49215847,0.045742393,0.49215847,0.4620992
53.6,-2.98,High,0.6624827,0.6624827,0.027204001,0.3103133
53.6,-2.96,High,0.97939324,0.97939324,0.00066537596,0.019941363
53.6,-2.94,High,0.9820417,0.9820417,0.0007559707,0.017202336
53.6,-2.92,High,0.93961936,0.93961936,0.002093093,0.05828757
53.6,-2.9,High,0.9830587,0.9830587,0.0017652488,0.015175997
53.6,-2.88,High,0.99647826,0.99647826,0.00029004383,0.0032316744
53.6,-2.86,High,0.9981371,0.9981371,0.00018522135,0.0016777017
53.6,-2.84,High,0.9859119,0.9859119,0.0006128117,0.013475246
53.6,-2.82,High,0.99739206,0.99739206,0.00039073167,0.002217189
53.6,-2.8000000000000003,High,0.96409655,0.96409655,0.0005750301,0.035328396
53.6,-2.7800000000000002,High,0.9822192,0.9822192,0.001201191,0.016579533
53.6,-2.7600000000000002,High,0.9927827,0.9927827,0.0008449016,0.00637242
53.6,-2.74,High,0.8092325,0.8092325,0.013380577,0.177387
53.6,-2.72,High,0.9764009,0.9764009,0.00054496253,0.023054162
53.6,-2.7,High,0.99704546,0.99704546,0.00041280847,0.002541766
53.6,-2.68,High,0.9975637,0.9975637,0.00024448364,0.002191783
53.6,-2.66,High,0.99542505,0.99542505,0.00028453508,0.0042903903
53.6,-2.64,High,0.93354326,0.93354326,0.0029369274,0.06351978
53.6,-2.62,High,0.9942471,0.9942471,0.0006260118,0.0051268237
53.6,-2.6,High,0.9159478,0.9159478,0.0009475449,0.08310467
53.6,-2.58,High,0.9978969,0.9978969,0.00022159416,0.0018814501
53.6,-2.56,High,0.9890687,0.9890687,0.0005271326,0.010404128
53.6,-2.54,High,0.9866218,0.9866218,0.0005926322,0.012785551
53.6,-2.52,High,0.99799204,0.99799204,0.0003105904,0.0016974189
53.6,-2.5,High,0.9154625,0.9154625,0.0027959356,0.08174158
53.6,-2.48,High,0.99438584,0.99438584,0.00076952775,0.004844657
53.6,-2.46,High,0.99806565,0.99806565,0.00026339045,0.0016710078
53.6,-2.44,High,0.9892129,0.9892129,0.00045062907,0.0103364745
53.6,-2.42,High,0.99020994,0.99020994,0.0004660271,0.0093239825
53.6,-2.4,High,0.96710336,0.96710336,0.0006686594,0.032227952
53.6,-2.38,High,0.99746764,0.99746764,0.0003569011,0.0021755155
53.6,-2.36,High,0.9607906,0.9607906,0.0018217401,0.037387684
53.6,-2.34,High,0.9874493,0.9874493,0.00047236643,0.012078301
53.6,-2.32,High,0.98255986,0.98255986,0.0005285044,0.01691164
53.6,-2.3000000000000003,High,0.99127126,0.99127126,0.0005785373,0.008150199
53.6,-2.2800000000000002,High,0.9280138,0.9280138,0.002301793,0.069684386
53.6,-2.2600000000000002,High,0.99738747,0.99738747,0.00024571075,0.002366889
53.6,-2.24,High,0.98943245,0.98943245,0.0005391715,0.010028432
53.6,-2.22,High,0.9847557,0.9847557,0.0007928139,0.014451502
53.6,-2.2,High,0.9971866,0.9971866,0.00020677224,0.0026065637
53.6,-2.18,High,0.97507167,0.97507167,0.00082018203,0.02410809
53.6,-2.16,High,0.9858413,0.9858413,0.000418614,0.013740094
53.6,-2.14,High,0.98617506,0.98617506,0.0005117841,0.013313172
53.6,-2.12,High,0.997163,0.997163,0.00019008886,0.0026469147
53.6,-2.1,High,0.9958877,0.9958877,0.0003660978,0.003746254
53.6,-2.08,High,0.98539937,0.98539937,0.00044743312,0.014153219
53.6,-2.06,High,0.84526813,0.84526813,0.010094676,0.14463726
53.6,-2.04,High,0.98461527,0.98461527,0.0005660477,0.014818665
53.620000000000005,-3.0,High,0.9848925,0.9848925,0.0006212613,0.014486276
53.620000000000005,-2.98,Medium,0.57508767,0.30120724,0.12370507,0.57508767
53.620000000000005,-2.96,High,0.9942878,0.9942878,0.00040715086,0.0053050676
53.620000000000005,-2.94,High,0.98878527,0.98878527,0.0008206762,0.010394072
53.620000000000005,-2.92,High,0.99351805,0.99351805,0.0003389515,0.006142928
53.620000000000005,-2.9,High,0.8953857,0.8953857,0.0016011853,0.10301315
53.620000000000005,-2.88,Medium,0.6898214,0.23521227,0.07496629,0.6898214
53.620000000000005,-2.86,High,0.99642,0.99642,0.00023339567,0.003346545
53.620000000000005,-2.84,High,0.9169666,0.9169666,0.005651967,0.07738139
53.620000000000005,-2.82,High,0.9963044,0.9963044,0.00018004698,0.0035155686
53.620000000000005,-2.8000000000000003,High,0.9524195,0.9524195,0.0016745166,0.045905937
53.620000000000005,-2.7800000000000002,High,0.9802004,0.9802004,0.0016134507,0.01818615
53.620000000000005,-2.7600000000000002,High,0.98664397,0.98664397,0.0016854763,0.011670557
53.620000000000005,-2.74,High,0.95754564,0.95754564,0.0013190615,0.041135337
53.620000000000005,-2.72,High,0.9328665,0.9328665,0.001180703,0.065952815
53.620000000000005,-2.7,High,0.91609305,0.91609305,0.001782771,0.08212415
53.620000000000005,-2.68,High,0.995312,0.995312,0.00030925366,0.004378702
53.620000000000005,-2.66,High,0.9826126,0.9826126,0.0004429334,0.016944483
53.620000000000005,-2.64,High,0.90812296,0.90812296,0.013780672,0.078096315
53.620000000000005,-2.62,High,0.9954764,0.9954764,0.00026281588,0.004260798
53.620000000000005,-2.6,High,0.9880001,0.9880001,0.00059258885,0.011407248
53.620000000000005,-2.58,High,0.9803774,0.9803774,0.00053785427,0.019084798
53.620000000000005,-2.56,High,0.93875474,0.93875474,0.0017098748,0.059535425
53.620000000000005,-2.52,Medium,0.69881886,0.1662916,0.13488956,0.69881886
53.620000000000005,-2.5,High,0.48490196,0.48490196,0.17246392,0.34263408
53.620000000000005,-2.48,High,0.65455395,0.65455395,0.064236164,0.2812099
53.620000000000005,-2.46,High,0.94269466,0.94269466,0.0026424092,0.054662947
53.620000000000005,-2.44,High,0.98183984,0.98183984,0.00042600537,0.017734159
53.620000000000005,-2.42,High,0.9680987,0.9680987,0.0011111851,0.03079014
53.620000000000005,-2.4,High,0.998248,0.998248,0.00024961564,0.0015024763
53.620000000000005,-2.38,High,0.89978737,0.89978737,0.00753493,0.092677735
53.620000000000005,-2.36,High,0.997271,0.997271,0.00015739373,0.002571624
53.620000000000005,-2.34,High,0.9830329,0.9830329,0.0004930452,0.01647404
53.620000000000005,-2.32,High,0.99332607,0.99332607,0.00026278096,0.0064111874
53.620000000000005,-2.3000000000000003,High,0.9909939,0.9909939,0.00045178496,0.008554278
53.620000000000005,-2.2800000000000002,High,0.8289774,0.8289774,0.005547815,0.16547476
53.620000000000005,-2.2600000000000002,High,0.7485878,0.7485878,0.013958784,0.23745343
53.620000000000005,-2.24,High,0.5252443,0.5252443,0.024849037,0.44990665
53.620000000000005,-2.22,High,0.9773235,0.9773235,0.0006816047,0.021994948
53.620000000000005,-2.2,High,0.97056717,0.97056717,0.00054580736,0.02888709
53.620000000000005,-2.18,High,0.98486865,0.98486865,0.0006098034,0.014521508
53.620000000000005,-2.16,High,0.9834937,0.9834937,0.00047778853,0.01602851
53.620000000000005,-2.14,High,0.98664665,0.98664665,0.000530856,0.012822481
53.620000000000005,-2.12,High,0.98160124,0.98160124,0.00045162975,0.017947098
53.620000000000005,-2.1,High,0.99758685,0.99758685,0.000376085,0.0020371294
53.620000000000005,-2.08,High,0.8798275,0.8798275,0.0041881674,0.11598435
53.64,-2.96,Medium,0.51250595,0.4006157,0.086878374,0.51250595
53.64,-2.94,High,0.9043097,0.9043097,0.0048253494,0.090865
53.64,-2.92,Medium,0.51921237,0.10781838,0.3729692,0.51921237
53.64,-2.9,Medium,0.53302795,0.1553927,0.31157935,0.53302795
53.64,-2.88,High,0.9770712,0.9770712,0.00087379856,0.022055002
53.64,-2.86,High,0.9840172,0.9840172,0.00090358057,0.01507917
53.64,-2.84,High,0.7434233,0.7434233,0.019004144,0.23757258
53.64,-2.82,High,0.99286896,0.99286896,0.0008327015,0.006298318
53.64,-2.8000000000000003,High,0.7980178,0.7980178,0.0031700719,0.19881214
53.64,-2.7800000000000002,Low,0.80732256,0.03723301,0.80732256,0.15544435
53.64,-2.7600000000000002,Medium,0.5118958,0.2162932,0.27181098,0.5118958
53.64,-2.74,High,0.99375194,0.99375194,0.00028040126,0.0059676934
53.64,-2.72,High,0.97946703,0.97946703,0.00101095,0.019522035
53.64,-2.7,High,0.7436974,0.7436974,0.0057356344,0.2505669
53.64,-2.68,High,0.9075193,0.9075193,0.0030524104,0.08942836
53.64,-2.66,High,0.99698323,0.99698323,0.00025254735,0.0027642248
53.64,-2.64,High,0.989097,0.989097,0.00042399965,0.010478981
53.64,-2.62,High,0.9900525,0.9900525,0.00046869434,0.009478841
53.64,-2.6,High,0.9186307,0.9186307,0.0028964458,0.078472786
53.64,-2.58,Medium,0.54809976,0.3735102,0.07839005,0.54809976
53.64,-2.56,Low,0.6252409,0.01881789,0.6252409,0.35594115
53.64,-2.5,High,0.9704131,0.9704131,0.0016238231,0.027963031
53.64,-2.48,High,0.92585343,0.92585343,0.0017129342,0.072433665
53.64,-2.46,High,0.47757158,0.47757158,0.085732274,0.43669614
53.64,-2.44,High,0.99355006,0.99355006,0.00070693856,0.005742981
53.64,-2.42,High,0.822278,0.822278,0.005555624,0.1721664
53.64,-2.4,High,0.97583777,0.97583777,0.0009360183,0.023226244
53.64,-2.38,High,0.96834457,0.96834457,0.00045838975,0.031197092
53.64,-2.36,High,0.9936056,0.9936056,0.0002642927,0.0061300523
53.64,-2.34,High,0.9961539,0.9961539,0.00023528475,0.0036108058
53.64,-2.32,High,0.958104,0.958104,0.00060633954,0.04128959
53.64,-2.3000000000000003,High,0.9894029,0.9894029,0.0005291093,0.0100679295
53.64,-2.2800000000000002,Medium,0.539171,0.3936374,0.067191616,0.539171
53.64,-2.2600000000000002,High,0.68069607,0.68069607,0.025678681,0.29362524
53.64,-2.24,High,0.90462464,0.90462464,0.003102313,0.09227303
53.64,-2.22,High,0.8249441,0.8249441,0.006756881,0.16829902
53.64,-2.2,High,0.90275645,0.90275645,0.009355294,0.0878882
53.64,-2.18,High,0.99518603,0.99518603,0.0002800405,0.004533914
53.64,-2.16,High,0.9468421,0.9468421,0.0011679451,0.051989995
53.64,-2.14,High,0.995342,0.995342,0.000406022,0.0042520035
53.64,-2.12,High,0.9918499,0.9918499,0.0003901542,0.0077599795
53.64,-2.1,High,0.9888016,0.9888016,0.00048654547,0.010711875
53.64,-2.08,High,0.99744797,0.99744797,0.00033602232,0.002216088
53.64,-2.06,Medium,0.45027074,0.1675185,0.3822108,0.45027074
53.660000000000004,-2.94,High,0.44946057,0.44946057,0.28695297,0.26358652
53.660000000000004,-2.92,High,0.9646153,0.9646153,0.0010317655,0.034352932
53.660000000000004,-2.9,High,0.96727353,0.96727353,0.001119174,0.031607307
53.660000000000004,-2.88,High,0.9944437,0.9944437,0.0002799464,0.0052763433
53.660000000000004,-2.86,High,0.99186885,0.99186885,0.0003686512,0.007762504
53.660000000000004,-2.84,High,0.47688648,0.47688648,0.2440584,0.27905515
53.660000000000004,-2.82,High,0.9886749,0.9886749,0.00059318135,0.010731953
53.660000000000004,-2.8000000000000003,High,0.73279214,0.73279214,0.020233907,0.24697393
53.660000000000004,-2.7800000000000002,High,0.9265473,0.9265473,0.002752356,0.070700355
53.660000000000004,-2.7600000000000002,High,0.9700085,0.9700085,0.0009607746,0.029030776
53.660000000000004,-2.74,High,0.98883396,0.98883396,0.0004512717,0.01071479
53.660000000000004,-2.72,High,0.9725768,0.9725768,0.0012548929,0.026168287
53.660000000000004,-2.7,High,0.8126838,0.8126838,0.005630464,0.18168567
53.660000000000004,-2.68,High,0.9979963,0.9979963,0.00029162705,0.0017120832
53.660000000000004,-2.66,High,0.99639505,0.99639505,0.00034980537,0.0032551389
53.660000000000004,-2.64,High,0.98998064,0.98998064,0.00061844115,0.00940086
53.660000000000004,-2.62,High,0.98750013,0.98750013,0.0005608294,0.011939115
53.660000000000004,-2.6,High,0.6330103,0.6330103,0.012787488,0.3542022
53.660000000000004,-2.58,High,0.8488033,0.8488033,0.0037384205,0.14745831
53.660000000000004,-2.5,Low,0.49794775,0.025229312,0.49794775,0.47682294
53.660000000000004,-2.44,High,0.8410675,0.8410675,0.023285994,0.1356465
53.660000000000004,-2.42,High,0.9355791,0.9355791,0.0024461355,0.061974794
53.660000000000004,-2.4,High,0.9985624,0.9985624,0.00019991663,0.0012377602
53.660000000000004,-2.38,High,0.9863957,0.9863957,0.0006364541,0.012967892
53.660000000000004,-2.36,Medium,0.6254137,0.2547504,0.119835824,0.6254137
53.660000000000004,-2.34,High,0.6872679,0.6872679,0.0523553,0.26037675
53.660000000000004,-2.32,High,0.98210114,0.98210114,0.00069607166,0.01720277
53.660000000000004,-2.3000000000000003,High,0.9902142,0.9902142,0.0004925583,0.009293135
53.660000000000004,-2.2800000000000002,High,0.9266673,0.9266673,0.002798095,0.07053462
53.660000000000004,-2.18,High,0.97966594,0.97966594,0.00047092306,0.019863138
53.660000000000004,-2.16,High,0.9965289,0.9965289,0.00018774655,0.003283373
53.660000000000004,-2.14,High,0.94745666,0.94745666,0.0028628001,0.04968057
53.660000000000004,-2.12,High,0.5116112,0.5116112,0.074217446,0.41417134
53.660000000000004,-2.1,High,0.9980819,0.9980819,0.00014590692,0.0017721733
53.660000000000004,-2.08,High,0.99739194,0.99739194,0.00041874475,0.0021893438
53.660000000000004,-2.06,Medium,0.5520372,0.13313007,0.31483275,0.5520372
53.660000000000004,-2.04,Low,0.5814776,0.05323165,0.5814776,0.3652908
53.68,-2.94,High,0.822836,0.822836,0.013462482,0.16370156
53.68,-2.92,High,0.9905798,0.9905798,0.00080387417,0.008616341
53.68,-2.9,High,0.74082303,0.74082303,0.017560428,0.24161652
53.68,-2.88,High,0.9706312,0.9706312,0.0013527763,0.028016012
53.68,-2.86,High,0.95358837,0.95358837,0.0010024671,0.04540916
53.68,-2.84,High,0.994712,0.994712,0.0003227751,0.0049652685
53.68,-2.82,High,0.9908467,0.9908467,0.0005390819,0.0086143
53.68,-2.8000000000000003,High,0.93290955,0.93290955,0.0021751728,0.06491529
53.68,-2.7800000000000002,High,0.81803596,0.81803596,0.013966885,0.16799715
53.68,-2.7600000000000002,Medium,0.41845185,0.3293487,0.25219944,0.41845185
53.68,-2.74,High,0.9915455,0.9915455,0.0006459833,0.0078084674
53.68,-2.72,High,0.9773177,0.9773177,0.00054540735,0.022136882
53.68,-2.7,High,0.99683905,0.99683905,0.0003311964,0.0028298001
53.68,-2.68,High,0.99632084,0.99632084,0.0003376935,0.0033414953
53.68,-2.66,High,0.9883817,0.9883817,0.00046814576,0.011150152
53.68,-2.64,High,0.9773911,0.9773911,0.0012424605,0.021366373
53.68,-2.62,High,0.99755126,0.99755126,0.00031546305,0.0021332265
53.68,-2.6,High,0.99255425,0.99255425,0.00075493875,0.006690751
53.68,-2.58,High,0.97929037,0.97929037,0.0005433416,0.020166328
53.68,-2.56,High,0.9736897,0.9736897,0.00042762846,0.025882753
53.68,-2.52,Medium,0.5615825,0.016916845,0.42150068,0.5615825
53.68,-2.5,Medium,0.662849,0.26477396,0.07237706,0.662849
53.68,-2.48,High,0.69575834,0.69575834,0.026373062,0.27786863
53.68,-2.46,High,0.98989993,0.98989993,0.0003830915,0.009716977
53.68,-2.44,High,0.9968657,0.9968657,0.0006979855,0.0024362775
53.68,-2.42,High,0.7883351,0.7883351,0.008539222,0.20312569
53.68,-2.4,High,0.8576731,0.8576731,0.008216208,0.13411073
53.68,-2.38,High,0.87541646,0.87541646,0.0020445848,0.122538954
53.68,-2.36,Medium,0.5942932,0.17567913,0.2300277,0.5942932
53.68,-2.34,High,0.99825674,0.99825674,0.00027139648,0.0014718868
53.68,-2.32,High,0.99431676,0.99431676,0.00026229402,0.0054209833
53.68,-2.3000000000000003,High,0.9859774,0.9859774,0.0005199778,0.013502622
53.68,-2.2800000000000002,High,0.49304155,0.49304155,0.11161826,0.3953402
53.68,-2.2600000000000002,High,0.8638341,0.8638341,0.007986397,0.12817952
53.68,-2.24,High,0.98739284,0.98739284,0.00063854276,0.011968596
53.68,-2.22,High,0.9571551,0.9571551,0.0022367728,0.04060813
53.68,-2.18,High,0.99683833,0.99683833,0.0004038173,0.002757875
53.68,-2.16,High,0.984831,0.984831,0.00054417696,0.014624817
53.7,-2.92,Medium,0.42289025,0.40586576,0.17124407,0.42289025
53.7,-2.9,High,0.9330922,0.9330922,0.002359772,0.064548045
53.7,-2.88,High,0.8515686,0.8515686,0.0014282056,0.14700319
53.7,-2.86,High,0.99677163,0.99677163,0.0002493083,0.002978982
53.7,-2.84,High,0.98352367,0.98352367,0.0005884557,0.015887903
53.7,-2.82,High,0.5886645,0.5886645,0.038678784,0.37265676
53.7,-2.8000000000000003,High,0.99125296,0.99125296,0.0005567091,0.008190376
53.7,-2.7800000000000002,High,0.97332126,0.97332126,0.0011259384,0.025552802
53.7,-2.7600000000000002,High,0.9100726,0.9100726,0.0013280967,0.088599294
53.7,-2.74,High,0.99607927,0.99607927,0.000495852,0.0034249057
53.7,-2.72,High,0.97741663,0.97741663,0.000567506,0.02201589
53.7,-2.7,High,0.9889733,0.9889733,0.0004262753,0.0106004495
53.7,-2.68,High,0.9921927,0.9921927,0.00041115237,0.007396143
53.7,-2.66,High,0.99662894,0.99662894,0.0003358449,0.003035158
53.7,-2.64,High,0.99469215,0.99469215,0.00033890703,0.0049689733
53.7,-2.62,High,0.8873372,0.8873372,0.0028390493,0.10982372
53.7,-2.6,High,0.95032185,0.95032185,0.0013183692,0.048359778
53.7,-2.58,High,0.9915502,0.9915502,0.0006511131,0.0077986657
53.7,-2.56,High,0.9975442,0.9975442,0.00016544147,0.002290344
53.7,-2.54,High,0.890744,0.890744,0.0051627676,0.10409329
53.7,-2.52,High,0.9753014,0.9753014,0.0010221318,0.02367652
53.7,-2.5,High,0.73906577,0.73906577,0.028515344,0.23241885
53.7,-2.48,High,0.98562247,0.98562247,0.00045385605,0.013923716
53.7,-2.46,High,0.9780002,0.9780002,0.00046690225,0.021532949
53.7,-2.44,High,0.99766904,0.99766904,0.000419112,0.0019117831
53.7,-2.42,High,0.8959375,0.8959375,0.0028556804,0.101206854
53.7,-2.36,High,0.7258215,0.7258215,0.036705192,0.23747326
53.7,-2.34,High,0.9980434,0.9980434,0.00026691353,0.0016896504
53.7,-2.32,High,0.9689362,0.9689362,0.00046592372,0.030597826
53.7,-2.3000000000000003,High,0.9841924,0.9841924,0.0004144244,0.015393243
53.7,-2.2800000000000002,High,0.95620495,0.95620495,0.0020965007,0.04169859
53.7,-2.2600000000000002,High,0.9798803,0.9798803,0.000770827,0.01934894
53.7,-2.24,High,0.9964432,0.9964432,0.00026529553,0.00329145
53.7,-2.22,High,0.99508685,0.99508685,0.0003561399,0.0045569646
53.7,-2.2,High,0.9759043,0.9759043,0.00045377464,0.023641966
53.7,-2.18,High,0.9969522,0.9969522,0.0002982674,0.0027494815
53.72,-2.86,High,0.5156123,0.5156123,0.17428003,0.31010768
53.72,-2.84,Medium,0.71480584,0.17827938,0.106914766,0.71480584
53.72,-2.82,High,0.5362152,0.5362152,0.07676775,0.3870171
53.72,-2.8000000000000003,High,0.9863543,0.9863543,0.00081944437,0.012826282
53.72,-2.7800000000000002,High,0.99174225,0.99174225,0.0010680439,0.007189708
53.72,-2.7600000000000002,High,0.99643975,0.99643975,0.00018716879,0.0033730408
53.72,-2.74,High,0.99807346,0.99807346,0.000159864,0.0017666523
53.72,-2.72,High,0.9900656,0.9900656,0.0003290479,0.00960531
53.72,-2.7,High,0.98717856,0.98717856,0.0005436383,0.01227777
53.72,-2.68,High,0.98861164,0.98861164,0.00039202537,0.010996381
53.72,-2.66,High,0.99273527,0.99273527,0.00038116082,0.006883572
53.72,-2.64,High,0.9850677,0.9850677,0.00064168713,0.014290619
53.72,-2.62,High,0.7594376,0.7594376,0.0037427966,0.23681965
53.72,-2.6,High,0.97376955,0.97376955,0.0014450662,0.024785388
53.72,-2.58,High,0.9433233,0.9433233,0.0028055643,0.0538711
53.72,-2.56,High,0.9133128,0.9133128,0.0014910714,0.0851961
53.72,-2.54,High,0.99769634,0.99769634,0.00028572525,0.0020179646
53.72,-2.52,High,0.9962054,0.9962054,0.00035789912,0.003436741
53.72,-2.5,High,0.98484325,0.98484325,0.0005598817,0.014596921
53.72,-2.48,High,0.9946726,0.9946726,0.00039713885,0.0049303174
53.72,-2.46,High,0.9923395,0.9923395,0.0006262992,0.0070342445
53.72,-2.44,High,0.9959629,0.9959629,0.00092197105,0.003115113
53.72,-2.42,High,0.88660926,0.88660926,0.008840931,0.104549825
53.72,-2.4,Medium,0.513142,0.44461647,0.042241566,0.513142
53.72,-2.38,High,0.5168592,0.5168592,0.042464275,0.44067657
53.72,-2.36,High,0.45940608,0.45940608,0.11785451,0.42273945
53.72,-2.34,High,0.9956464,0.9956464,0.00032285965,0.0040306877
53.72,-2.32,High,0.9982236,0.9982236,0.00021671112,0.001559635
53.72,-2.3000000000000003,High,0.9383565,0.9383565,0.001752092,0.05989135
53.72,-2.2800000000000002,High,0.9789546,0.9789546,0.0015351413,0.019510256
53.72,-2.2600000000000002,High,0.8317342,0.8317342,0.0017608373,0.16650502
53.72,-2.24,High,0.9898774,0.9898774,0.0010386867,0.009083894
53.72,-2.22,High,0.8225695,0.8225695,0.0071354248,0.17029506
53.72,-2.2,High,0.99681985,0.99681985,0.00038319678,0.002796969
53.72,-2.18,High,0.8131143,0.8131143,0.012725998,0.1741597
53.74,-3.04,High,0.9495653,0.9495653,0.0022134373,0.048221245
53.74,-3.02,High,0.99604106,0.99604106,0.0002523229,0.0037066557
53.74,-3.0,High,0.9972355,0.9972355,0.00028946888,0.0024750428
53.74,-2.98,High,0.9916556,0.9916556,0.0011729815,0.007171403
53.74,-2.96,High,0.9874349,0.9874349,0.00044875866,0.0121163
53.74,-2.94,High,0.9959825,0.9959825,0.0003081706,0.0037093374
53.74,-2.92,High,0.8388552,0.8388552,0.006957882,0.15418692
53.74,-2.9,High,0.99790764,0.99790764,0.00037977681,0.0017125509
53.74,-2.88,High,0.72720146,0.72720146,0.018170502,0.25462806
53.74,-2.86,High,0.74034905,0.74034905,0.0075636934,0.25208724
53.74,-2.84,Medium,0.6207722,0.2767766,0.10245122,0.6207722
53.74,-2.8000000000000003,Medium,0.5530228,0.17191553,0.2750617,0.5530228
53.74,-2.7800000000000002,High,0.97565913,0.97565913,0.0011873441,0.023153562
53.74,-2.7600000000000002,High,0.99791926,0.99791926,0.00023092821,0.0018498683
53.74,-2.74,High,0.9926703,0.9926703,0.0004521226,0.006877531
53.74,-2.72,High,0.98271865,0.98271865,0.0004794211,0.016801938
53.74,-2.7,High,0.9960989,0.9960989,0.00030793776,0.0035931685
53.74,-2.68,High,0.99413574,0.99413574,0.0004155374,0.0054486846
53.74,-2.66,High,0.9899447,0.9899447,0.0006841459,0.00937115
53.74,-2.64,High,0.98689306,0.98689306,0.0006250837,0.0124817975
53.74,-2.62,High,0.99812347,0.99812347,0.0003030336,0.0015734412
53.74,-2.6,High,0.8691958,0.8691958,0.0018140532,0.12899016
53.74,-2.58,High,0.9825404,0.9825404,0.0009090363,0.016550526
53.74,-2.56,High,0.86603975,0.86603975,0.0018797669,0.13208051
53.74,-2.54,High,0.9933559,0.9933559,0.00022402723,0.006420141
53.74,-2.52,High,0.9980217,0.9980217,0.00018017182,0.0017981625
53.74,-2.5,High,0.9776478,0.9776478,0.00046092743,0.021891287
53.74,-2.48,High,0.9779699,0.9779699,0.0006430939,0.021387089
53.74,-2.46,High,0.9778658,0.9778658,0.00058401807,0.021550173
53.74,-2.44,High,0.9968624,0.9968624,0.00030152482,0.0028360886
53.74,-2.42,High,0.6550394,0.6550394,0.028047353,0.3169132
53.74,-2.4,High,0.9756924,0.9756924,0.0003808967,0.023926724
53.74,-2.38,High,0.9955871,0.9955871,0.00038893346,0.0040239934
53.74,-2.36,High,0.97460186,0.97460186,0.000656696,0.02474146
53.74,-2.34,High,0.98037636,0.98037636,0.00046643984,0.019157145
53.74,-2.32,Medium,0.50699496,0.3870031,0.1060019,0.50699496
53.74,-2.3000000000000003,High,0.8764935,0.8764935,0.014634432,0.10887204
53.74,-2.2800000000000002,High,0.9674676,0.9674676,0.002513373,0.030019019
53.74,-2.2600000000000002,Medium,0.70914525,0.039895963,0.25095883,0.70914525
53.74,-2.24,High,0.5422251,0.5422251,0.0458836,0.41189128
53.74,-2.22,Medium,0.51706034,0.25720766,0.22573197,0.51706034
53.74,-2.2,Medium,0.33571297,0.3296077,0.3346793,0.33571297
53.74,-2.18,Medium,0.5263271,0.3836611,0.09001187,0.5263271
53.74,-2.16,Medium,0.55643725,0.03078797,0.41277477,0.55643725
53.76,-3.04,High,0.9888764,0.9888764,0.000485877,0.010637756
53.76,-3.02,High,0.9966685,0.9966685,0.00025739186,0.003074093
53.76,-3.0,High,0.9976131,0.9976131,0.00037517442,0.0020117953
53.76,-2.98,High,0.93946534,0.93946534,0.0008094701,0.059725158
53.76,-2.96,High,0.5685821,0.5685821,0.041803364,0.38961455
53.76,-2.94,High,0.7459722,0.7459722,0.023057703,0.23097005
53.76,-2.92,High,0.8086998,0.8086998,0.01806226,0.17323795
53.76,-2.9,High,0.99704915,0.99704915,0.00041986819,0.0025310162
53.76,-2.88,High,0.97151315,0.97151315,0.00070913596,0.02777774
53.76,-2.86,High,0.99807227,0.99807227,0.00015673274,0.0017709533
53.76,-2.84,High,0.87392485,0.87392485,0.0059306826,0.12014442
53.76,-2.82,High,0.89299655,0.89299655,0.0023451396,0.10465824
53.76,-2.8000000000000003,High,0.8158409,0.8158409,0.008777856,0.17538129
53.76,-2.7800000000000002,High,0.5630937,0.5630937,0.038455315,0.39845094
53.76,-2.7600000000000002,High,0.9784824,0.9784824,0.0004065779,0.021110956
53.76,-2.74,High,0.9959611,0.9959611,0.0003125989,0.0037262728
53.76,-2.72,High,0.9886757,0.9886757,0.0005831159,0.010741153
53.76,-2.7,High,0.9835706,0.9835706,0.0004924312,0.015937012
53.76,-2.68,High,0.9797763,0.9797763,0.0005240822,0.019699574
53.76,-2.66,High,0.9959046,0.9959046,0.00040918504,0.0036862195
53.76,-2.64,High,0.98392254,0.98392254,0.00066785025,0.015409584
53.76,-2.62,High,0.98187995,0.98187995,0.00034179143,0.017778235
53.76,-2.6,High,0.95441866,0.95441866,0.002207027,0.043374266
53.76,-2.58,High,0.98222715,0.98222715,0.00059102674,0.017181832
53.76,-2.56,High,0.96602964,0.96602964,0.0017204233,0.03224991
53.76,-2.54,High,0.85978144,0.85978144,0.0038914504,0.13632709
53.76,-2.52,High,0.9962011,0.9962011,0.00046214968,0.0033367951
53.76,-2.5,High,0.98279727,0.98279727,0.0005322638,0.016670436
53.76,-2.48,High,0.98216337,0.98216337,0.00036020897,0.017476432
53.76,-2.46,High,0.9844206,0.9844206,0.0004869172,0.015092512
53.76,-2.44,High,0.9360749,0.9360749,0.0012995386,0.06262552
53.76,-2.42,High,0.9814742,0.9814742,0.00060093513,0.017924832
53.76,-2.4,High,0.99830794,0.99830794,0.00023034366,0.0014617279
53.76,-2.38,High,0.991398,0.991398,0.00037107375,0.00823092
53.76,-2.36,High,0.98634976,0.98634976,0.00040120533,0.013249049
53.76,-2.34,High,0.99541736,0.99541736,0.00046114094,0.004121448
53.76,-2.32,High,0.6170583,0.6170583,0.021151204,0.36179054
53.76,-2.3000000000000003,Medium,0.4679691,0.43174237,0.10028854,0.4679691
53.76,-2.2800000000000002,Medium,0.5396408,0.08859405,0.3717652,0.5396408
53.76,-2.2600000000000002,High,0.87952155,0.87952155,0.005501538,0.114976905
53.76,-2.24,High,0.522818,0.522818,0.03750673,0.43967524
53.76,-2.22,High,0.48019955,0.48019955,0.089683,0.43011746
53.76,-2.2,High,0.9969308,0.9969308,0.00033049105,0.0027387214
53.76,-2.18,High,0.74846995,0.74846995,0.01157821,0.23995183
53.78,-3.06,High,0.99120927,0.99120927,0.00042708978,0.008363583
53.78,-3.04,High,0.98987633,0.98987633,0.00036250148,0.009761146
53.78,-3.02,High,0.9966581,0.9966581,0.00029016726,0.0030518011
53.78,-3.0,High,0.9960103,0.9960103,0.00029483743,0.003694891
53.78,-2.98,High,0.99683326,0.99683326,0.00024401309,0.0029227615
53.78,-2.96,High,0.8365392,0.8365392,0.0035863211,0.15987445
53.78,-2.94,Medium,0.53672045,0.3932405,0.070039004,0.53672045
53.78,-2.92,High,0.9929075,0.9929075,0.00032131627,0.0067711277
53.78,-2.9,High,0.9728232,0.9728232,0.0014312378,0.025745519
53.78,-2.88,High,0.9931376,0.9931376,0.00040320426,0.006459185
53.78,-2.86,High,0.9958449,0.9958449,0.00044999545,0.0037051446
53.78,-2.84,High,0.99679404,0.99679404,0.00044367128,0.0027623207
53.78,-2.82,High,0.9199964,0.9199964,0.0041314936,0.07587207
53.78,-2.8000000000000003,High,0.8865333,0.8865333,0.004949991,0.108516715
53.78,-2.7800000000000002,High,0.52113104,0.52113104,0.018889809,0.45997912
53.78,-2.7600000000000002,High,0.9963253,0.9963253,0.0004177862,0.0032569107
53.78,-2.74,High,0.9869207,0.9869207,0.0004874986,0.012591767
53.78,-2.72,High,0.984518,0.984518,0.00036120962,0.0151207885
53.78,-2.7,High,0.97754353,0.97754353,0.0005831942,0.021873286
53.78,-2.68,High,0.98289263,0.98289263,0.00051404786,0.01659329
53.78,-2.66,High,0.9915386,0.9915386,0.0005079638,0.007953428
53.78,-2.64,High,0.9926812,0.9926812,0.0006706674,0.006648105
53.78,-2.62,High,0.8219407,0.8219407,0.0066762567,0.171383
53.78,-2.6,High,0.52764124,0.52764124,0.03773722,0.43462154
53.78,-2.58,High,0.79851466,0.79851466,0.0057496945,0.1957357
53.78,-2.56,High,0.9039265,0.9039265,0.008188014,0.08788544
53.78,-2.54,High,0.9972703,0.9972703,0.00025348185,0.0024762473
53.78,-2.52,High,0.9976675,0.9976675,0.00020981533,0.0021226115
53.78,-2.5,High,0.99051756,0.99051756,0.0005457336,0.008936691
53.78,-2.48,High,0.99387264,0.99387264,0.00029824238,0.0058291457
53.78,-2.46,High,0.83933294,0.83933294,0.0029413886,0.15772572
53.78,-2.44,Medium,0.5429694,0.37013835,0.08689221,0.5429694
53.78,-2.42,High,0.9923413,0.9923413,0.00027357144,0.007385109
53.78,-2.4,High,0.9766185,0.9766185,0.000580597,0.02280089
53.78,-2.38,High,0.97726554,0.97726554,0.0004216387,0.022312783
53.78,-2.36,High,0.8952779,0.8952779,0.002408868,0.1023132
53.78,-2.34,High,0.95111036,0.95111036,0.0019316005,0.046958074
53.78,-2.32,High,0.99667126,0.99667126,0.0002510903,0.0030776889
53.78,-2.3000000000000003,High,0.9815492,0.9815492,0.000620731,0.017830119
53.78,-2.2800000000000002,High,0.9686083,0.9686083,0.0018084917,0.029583165
53.78,-2.2600000000000002,High,0.9836548,0.9836548,0.00051984115,0.015825365
53.78,-2.24,High,0.9821193,0.9821193,0.00074427057,0.01713646
53.78,-2.22,High,0.9898921,0.9898921,0.00052452704,0.009583394
53.78,-2.2,High,0.9971192,0.9971192,0.00062491343,0.0022559587
53.78,-2.18,High,0.979314,0.979314,0.0006362297,0.02004979
53.800000000000004,-3.06,High,0.9883731,0.9883731,0.00040763564,0.011219275
53.800000000000004,-3.04,High,0.9896769,0.9896769,0.000533745,0.009789348
53.800000000000004,-3.02,High,0.98570365,0.98570365,0.0005013641,0.013795025
53.800000000000004,-3.0,High,0.9887735,0.9887735,0.0004866992,0.010739772
53.800000000000004,-2.98,High,0.84468675,0.84468675,0.0028995445,0.15241367
53.800000000000004,-2.96,High,0.9235724,0.9235724,0.0026886102,0.07373897
53.800000000000004,-2.94,High,0.920371,0.920371,0.001687572,0.07794145
53.800000000000004,-2.92,High,0.5895943,0.5895943,0.029412514,0.38099316
53.800000000000004,-2.9,High,0.65790725,0.65790725,0.051330887,0.2907619
53.800000000000004,-2.88,High,0.9941659,0.9941659,0.001481295,0.004352774
53.800000000000004,-2.86,Medium,0.6638198,0.26985553,0.0663247,0.6638198
53.800000000000004,-2.84,High,0.86989,0.86989,0.006040453,0.124069564
53.800000000000004,-2.82,High,0.7052781,0.7052781,0.027029626,0.26769227
53.800000000000004,-2.8000000000000003,High,0.987281,0.987281,0.00059660134,0.012122415
53.800000000000004,-2.7800000000000002,High,0.9278936,0.9278936,0.002079963,0.07002649
53.800000000000004,-2.7600000000000002,High,0.9971276,0.9971276,0.00017113141,0.002701345
53.800000000000004,-2.74,High,0.9979443,0.9979443,0.00019106963,0.0018646612
53.800000000000004,-2.72,High,0.96526086,0.96526086,0.00068190304,0.03405723
53.800000000000004,-2.7,High,0.98855454,0.98855454,0.00040617268,0.011039245
53.800000000000004,-2.68,High,0.9924092,0.9924092,0.00035237888,0.0072383964
53.800000000000004,-2.66,High,0.9636834,0.9636834,0.0009666219,0.035349924
53.800000000000004,-2.64,High,0.9980761,0.9980761,0.00022890132,0.0016950123
53.800000000000004,-2.62,High,0.9181955,0.9181955,0.0022242824,0.07958025
53.800000000000004,-2.6,High,0.76943207,0.76943207,0.0063405815,0.22422731
53.800000000000004,-2.58,Medium,0.5794962,0.37673298,0.043770824,0.5794962
53.800000000000004,-2.56,High,0.86346126,0.86346126,0.0032311515,0.13330765
53.800000000000004,-2.54,High,0.8543131,0.8543131,0.0025624626,0.14312442
53.800000000000004,-2.52,High,0.7910394,0.7910394,0.01198113,0.19697946
53.800000000000004,-2.5,High,0.9853286,0.9853286,0.000560455,0.01411093
53.800000000000004,-2.48,High,0.9973688,0.9973688,0.00051683455,0.0021142939
53.800000000000004,-2.46,High,0.997334,0.997334,0.00022987546,0.0024360958
53.800000000000004,-2.44,High,0.99335206,0.99335206,0.00042284708,0.0062250774
53.800000000000004,-2.42,High,0.9961235,0.9961235,0.0012974459,0.002579075
53.800000000000004,-2.4,High,0.99727494,0.99727494,0.00022405197,0.0025010172
53.800000000000004,-2.38,High,0.9931003,0.9931003,0.00023285444,0.0066668415
53.800000000000004,-2.36,High,0.971235,0.971235,0.000804632,0.027960379
53.800000000000004,-2.34,High,0.9764349,0.9764349,0.0010457565,0.02251937
53.800000000000004,-2.32,High,0.9621652,0.9621652,0.0010191124,0.036815748
53.800000000000004,-2.3000000000000003,High,0.9851451,0.9851451,0.00040675755,0.014448139
53.800000000000004,-2.2800000000000002,High,0.97028524,0.97028524,0.001667782,0.028046995
53.800000000000004,-2.2600000000000002,High,0.985446,0.985446,0.000643875,0.013910142
53.800000000000004,-2.24,High,0.9674385,0.9674385,0.0005622806,0.031999264
53.800000000000004,-2.22,High,0.9914824,0.9914824,0.00051643344,0.008001215
53.800000000000004,-2.2,High,0.9938368,0.9938368,0.0004324414,0.0057307566
53.800000000000004,-2.18,High,0.8288813,0.8288813,0.015832756,0.15528588
53.800000000000004,-2.16,Medium,0.5969338,0.02976728,0.37329894,0.5969338
53.800000000000004,-2.14,Medium,0.4626691,0.099430464,0.43790045,0.4626691
53.82,-3.06,High,0.9749663,0.9749663,0.0005233098,0.024510356
53.82,-3.04,High,0.98672986,0.98672986,0.0006031614,0.012666974
53.82,-3.02,High,0.9856975,0.9856975,0.00047183837,0.013830624
53.82,-3.0,High,0.9970927,0.9970927,0.0002854846,0.0026218235
53.82,-2.98,High,0.9939705,0.9939705,0.00023804372,0.0057915114
53.82,-2.96,High,0.46033457,0.46033457,0.14515626,0.39450917
53.82,-2.94,High,0.8910966,0.8910966,0.0025755733,0.10632783
53.82,-2.92,High,0.60145533,0.60145533,0.03721193,0.36133277
53.82,-2.9,High,0.9001098,0.9001098,0.0025203344,0.09736983
53.82,-2.88,High,0.52517796,0.52517796,0.07005196,0.40477005
53.82,-2.86,High,0.5708366,0.5708366,0.03550127,0.39366218
53.82,-2.84,High,0.75363976,0.75363976,0.014911248,0.23144901
53.82,-2.82,High,0.81761277,0.81761277,0.021101246,0.161286
53.82,-2.8000000000000003,High,0.99129933,0.99129933,0.0006085807,0.008092072
53.82,-2.7800000000000002,High,0.94961214,0.94961214,0.002677818,0.047709998
53.82,-2.7600000000000002,High,0.9913059,0.9913059,0.00045751306,0.008236535
53.82,-2.74,High,0.823334,0.823334,0.0047014914,0.17196457
53.82,-2.72,High,0.76467353,0.76467353,0.012178497,0.22314791
53.82,-2.7,High,0.99134845,0.99134845,0.00058308966,0.008068438
53.82,-2.68,High,0.9097103,0.9097103,0.0017351646,0.08855456
53.82,-2.66,High,0.9695935,0.9695935,0.00077751966,0.029628998
53.82,-2.64,High,0.9445304,0.9445304,0.0020202682,0.053449348
53.82,-2.62,High,0.98356193,0.98356193,0.0006656642,0.015772343
53.82,-2.6,High,0.9848145,0.9848145,0.00062945526,0.014555961
53.82,-2.58,High,0.8577571,0.8577571,0.0067786253,0.13546424
53.82,-2.56,High,0.95044225,0.95044225,0.0011391147,0.048418656
53.82,-2.54,High,0.9904688,0.9904688,0.00037788268,0.009153313
53.82,-2.52,High,0.80450743,0.80450743,0.01119872,0.18429382
53.82,-2.5,Medium,0.551792,0.03054713,0.41766083,0.551792
53.82,-2.48,High,0.5130852,0.5130852,0.01684498,0.47006983
53.82,-2.46,High,0.9804882,0.9804882,0.00049917796,0.01901258
53.82,-2.44,High,0.8908329,0.8908329,0.00368335,0.10548372
53.82,-2.42,High,0.9979724,0.9979724,0.0002695273,0.0017580166
53.82,-2.4,High,0.9676666,0.9676666,0.0006340232,0.03169937
53.82,-2.38,High,0.62208384,0.62208384,0.07897588,0.2989402
53.82,-2.36,High,0.8895968,0.8895968,0.0028457243,0.10755744
53.82,-2.34,High,0.84720516,0.84720516,0.012432337,0.14036247
53.82,-2.32,High,0.56638753,0.56638753,0.036578543,0.3970339
53.82,-2.3000000000000003,High,0.9863215,0.9863215,0.0009592847,0.012719201
53.82,-2.2800000000000002,High,0.7455391,0.7455391,0.004974647,0.24948624
53.82,-2.2600000000000002,High,0.8702115,0.8702115,0.0037163699,0.12607212
53.82,-2.24,High,0.9902631,0.9902631,0.00040488743,0.0093319565
53.82,-2.22,High,0.97924167,0.97924167,0.0006088439,0.020149494
53.82,-2.2,High,0.9623899,0.9623899,0.00053227117,0.03707784
53.82,-2.18,High,0.93406886,0.93406886,0.0028466415,0.063084476
53.82,-2.16,High,0.8339251,0.8339251,0.010317304,0.15575752
53.82,-2.14,Medium,0.6964012,0.2087738,0.09482502,0.6964012
53.82,-2.12,High,0.48324248,0.48324248,0.16323747,0.35352007
53.84,-3.06,High,0.9939107,0.9939107,0.0003034306,0.0057859407
53.84,-3.04,High,0.98859507,0.98859507,0.0006246352,0.010780272
53.84,-3.02,High,0.9850755,0.9850755,0.00065910147,0.014265425
53.84,-3.0,High,0.9943468,0.9943468,0.0002972523,0.0053559705
53.84,-2.98,High,0.99255216,0.99255216,0.0005420905,0.0069057737
53.84,-2.96,High,0.99696964,0.99696964,0.0002710507,0.002759384
53.84,-2.94,High,0.9041973,0.9041973,0.0030668324,0.09273589
53.84,-2.92,High,0.7352855,0.7352855,0.023836335,0.24087812
53.84,-2.9,High,0.86860067,0.86860067,0.0066797137,0.124719664
53.84,-2.88,High,0.99787235,0.99787235,0.00014544954,0.0019822388
53.84,-2.86,High,0.63718534,0.63718534,0.054748967,0.30806568
53.84,-2.84,High,0.9610574,0.9610574,0.0016228148,0.037319772
53.84,-2.82,High,0.98644376,0.98644376,0.0006901539,0.012866069
53.84,-2.8000000000000003,Medium,0.5263612,0.38644814,0.08719063,0.5263612
53.84,-2.7800000000000002,High,0.6907909,0.6907909,0.029811244,0.27939788
53.84,-2.7600000000000002,High,0.9880045,0.9880045,0.00037028073,0.011625241
53.84,-2.74,High,0.9659661,0.9659661,0.00050428417,0.033529617
53.84,-2.72,High,0.8058106,0.8058106,0.007890966,0.18629843
53.84,-2.7,High,0.8618066,0.8618066,0.0021140415,0.13607936
53.84,-2.68,High,0.9507803,0.9507803,0.0026333514,0.04658637
53.84,-2.66,High,0.9300442,0.9300442,0.0028340896,0.06712169
53.84,-2.64,High,0.84034383,0.84034383,0.010966454,0.1486897
53.84,-2.62,High,0.90940064,0.90940064,0.0022414336,0.08835792
53.84,-2.6,High,0.99707735,0.99707735,0.0003789901,0.0025437183
53.84,-2.58,High,0.54916495,0.54916495,0.026333371,0.4245017
53.84,-2.56,High,0.79265594,0.79265594,0.006109232,0.20123485
53.84,-2.54,High,0.90215415,0.90215415,0.0023502514,0.09549559
53.84,-2.52,High,0.8664992,0.8664992,0.0065477593,0.12695308
53.84,-2.5,Medium,0.5971832,0.290629,0.11218778,0.5971832
53.84,-2.48,High,0.9927608,0.9927608,0.00039509762,0.006844136
53.84,-2.46,Medium,0.62555856,0.30196428,0.072477184,0.62555856
53.84,-2.44,High,0.75384575,0.75384575,0.03033924,0.21581496
53.84,-2.42,High,0.93091506,0.93091506,0.002526813,0.06655806
53.84,-2.4,High,0.85795736,0.85795736,0.0018040362,0.14023855
53.84,-2.38,High,0.8223751,0.8223751,0.017544286,0.16008058
53.84,-2.36,High,0.5841836,0.5841836,0.11935885,0.29645756
53.84,-2.34,High,0.99467754,0.99467754,0.0007984222,0.004523987
53.84,-2.3000000000000003,Low,0.5333015,0.020911794,0.5333015,0.4457867
53.84,-2.2800000000000002,High,0.69656086,0.69656086,0.015108527,0.28833058
53.84,-2.2600000000000002,High,0.99329066,0.99329066,0.00080605305,0.0059032957
53.84,-2.24,High,0.99544746,0.99544746,0.0010333345,0.0035192072
53.84,-2.22,High,0.97270435,0.97270435,0.0006035866,0.026692078
53.84,-2.2,High,0.9762332,0.9762332,0.00061660534,0.023150219
53.84,-2.18,High,0.9914328,0.9914328,0.0004116817,0.008155556
53.84,-2.16,High,0.8383794,0.8383794,0.0040705292,0.1575501
53.84,-2.14,High,0.9980135,0.9980135,0.00031215785,0.0016742973
53.84,-2.12,High,0.9594424,0.9594424,0.0022042992,0.03835336
53.84,-2.1,Medium,0.5513777,0.21113536,0.23748694,0.5513777
53.84,-2.08,Low,0.68842226,0.029725693,0.68842226,0.28185204
53.86,-3.06,High,0.90332156,0.90332156,0.0077315415,0.08894695
53.86,-3.04,High,0.9959926,0.9959926,0.00027570294,0.003731748
53.86,-3.02,High,0.99500376,0.99500376,0.0003594459,0.0046367473
53.86,-3.0,High,0.9928042,0.9928042,0.00037715258,0.006818665
53.86,-2.98,High,0.9964713,0.9964713,0.00023564133,0.003293141
53.86,-2.96,High,0.9268881,0.9268881,0.000989738,0.072122104
53.86,-2.94,High,0.8625025,0.8625025,0.006785256,0.1307122
53.86,-2.92,High,0.92184067,0.92184067,0.0017487396,0.07641059
53.86,-2.9,High,0.9398776,0.9398776,0.0037770637,0.05634532
53.86,-2.88,High,0.98997706,0.98997706,0.00043712623,0.00958582
53.86,-2.86,High,0.99764663,0.99764663,0.00031736208,0.0020360423
53.86,-2.84,High,0.9865118,0.9865118,0.00049555703,0.012992656
53.86,-2.82,High,0.9902221,0.9902221,0.0005161559,0.009261795
53.86,-2.8000000000000003,High,0.78624785,0.78624785,0.05403993,0.15971223
53.86,-2.7800000000000002,High,0.47265705,0.47265705,0.07290652,0.45443648
53.86,-2.7600000000000002,Medium,0.62816507,0.043966457,0.32786852,0.62816507
53.86,-2.74,High,0.9914341,0.9914341,0.0003393808,0.0082266005
53.86,-2.72,High,0.93241584,0.93241584,0.0034423682,0.06414178
53.86,-2.7,High,0.9230347,0.9230347,0.001794613,0.07517061
53.86,-2.68,High,0.95264524,0.95264524,0.0020908155,0.04526396
53.86,-2.66,High,0.84980404,0.84980404,0.0032825836,0.14691332
53.86,-2.64,High,0.58813614,0.58813614,0.027117444,0.3847464
53.86,-2.62,High,0.8598306,0.8598306,0.003942369,0.13622701
53.86,-2.6,Medium,0.55650634,0.33841223,0.105081454,0.55650634
53.86,-2.58,High,0.93089134,0.93089134,0.0019171236,0.06719159
53.86,-2.56,High,0.4987016,0.4987016,0.053342003,0.4479564
53.86,-2.54,Medium,0.56210655,0.06289476,0.3749987,0.56210655
53.86,-2.52,High,0.54470086,0.54470086,0.01994504,0.4353541
53.86,-2.5,Medium,0.6331308,0.11438285,0.25248635,0.6331308
53.86,-2.48,Medium,0.58741456,0.3290029,0.08358254,0.58741456
53.86,-2.46,High,0.87759,0.87759,0.0030630913,0.11934687
53.86,-2.44,High,0.75887585,0.75887585,0.02085917,0.22026502
53.86,-2.42,High,0.7928878,0.7928878,0.008247744,0.19886447
53.86,-2.4,High,0.9965419,0.9965419,0.0003820179,0.0030760223
53.86,-2.38,High,0.94261605,0.94261605,0.0010494377,0.05633448
53.86,-2.36,High,0.5242332,0.5242332,0.11468559,0.36108115
53.86,-2.3000000000000003,Low,0.672042,0.005183556,0.672042,0.3227744
53.86,-2.2800000000000002,High,0.75328344,0.75328344,0.009438186,0.23727836
53.86,-2.2600000000000002,High,0.68846434,0.68846434,0.014218677,0.29731697
53.86,-2.24,High,0.93931544,0.93931544,0.0017851883,0.058899425
53.86,-2.22,High,0.99621105,0.99621105,0.00043818672,0.0033508276
53.86,-2.2,High,0.96491784,0.96491784,0.0014417717,0.033640347
53.86,-2.18,High,0.99369264,0.99369264,0.00043908582,0.0058682906
53.86,-2.16,High,0.9900941,0.9900941,0.00047293902,0.009432972
53.86,-2.14,High,0.9974795,0.9974795,0.00024964527,0.0022709183
53.86,-2.12,High,0.8868174,0.8868174,0.001622073,0.1115605
53.86,-2.1,High,0.6243342,0.6243342,0.019406987,0.3562588
53.88,-3.04,High,0.9759246,0.9759246,0.0007388215,0.023336506
53.88,-3.02,High,0.9732178,0.9732178,0.0006392511,0.026142921
53.88,-3.0,High,0.9922626,0.9922626,0.00045604783,0.007281285
53.88,-2.98,High,0.944828,0.944828,0.002293166,0.052878816
53.88,-2.96,High,0.9960671,0.9960671,0.0003730703,0.0035597924
53.88,-2.94,High,0.96584153,0.96584153,0.0023697468,0.031788744
53.88,-2.92,High,0.9661264,0.9661264,0.00082776573,0.03304587
53.88,-2.9,High,0.86966604,0.86966604,0.009489142,0.12084479
53.88,-2.88,High,0.9394221,0.9394221,0.0015286705,0.059049226
53.88,-2.86,High,0.7071335,0.7071335,0.016799608,0.27606687
53.88,-2.82,High,0.8746712,0.8746712,0.004307233,0.12102157
53.88,-2.8000000000000003,High,0.78109753,0.78109753,0.007188626,0.21171384
53.88,-2.7800000000000002,High,0.89154977,0.89154977,0.0029893976,0.105460785
53.88,-2.7600000000000002,High,0.994584,0.994584,0.00040981636,0.0050061406
53.88,-2.74,High,0.7885827,0.7885827,0.009208595,0.20220877
53.88,-2.72,High,0.5637443,0.5637443,0.05918144,0.3770742
53.88,-2.7,High,0.7725308,0.7725308,0.0046234718,0.22284578
53.88,-2.68,High,0.91107595,0.91107595,0.0045414623,0.08438256
53.88,-2.66,High,0.50091153,0.50091153,0.084340006,0.4147485
53.88,-2.64,High,0.5406348,0.5406348,0.0487241,0.4106411
53.88,-2.62,High,0.50918907,0.50918907,0.047020376,0.44379056
53.88,-2.6,High,0.81360686,0.81360686,0.0096360175,0.17675708
53.88,-2.58,High,0.9793113,0.9793113,0.0027085666,0.017980218
53.88,-2.56,Medium,0.48501927,0.36237168,0.15260902,0.48501927
53.88,-2.54,Medium,0.54046315,0.18618658,0.27335027,0.54046315
53.88,-2.52,Medium,0.553662,0.1851766,0.2611614,0.553662
53.88,-2.5,Medium,0.5223715,0.29746988,0.18015866,0.5223715
53.88,-2.48,Medium,0.4761817,0.42111468,0.102703616,0.4761817
53.88,-2.46,Medium,0.46557477,0.45076913,0.08365615,0.46557477
53.88,-2.44,Medium,0.7827573,0.10550374,0.111738995,0.7827573
53.88,-2.42,High,0.9325126,0.9325126,0.0022447826,0.06524265
53.88,-2.4,High,0.9976757,0.9976757,0.00026349927,0.0020607903
53.88,-2.38,High,0.9817376,0.9817376,0.00049737777,0.017765014
53.88,-2.36,High,0.98316437,0.98316437,0.0017220933,0.015113563
53.88,-2.34,Medium,0.62672216,0.07423089,0.2990469,0.62672216
53.88,-2.3000000000000003,Low,0.7126373,0.011164555,0.7126373,0.2761981
53.88,-2.2800000000000002,Low,0.48676336,0.05583033,0.48676336,0.45740634
53.88,-2.2600000000000002,Low,0.6422997,0.028115403,0.6422997,0.32958493
53.88,-2.24,Medium,0.71274674,0.1627514,0.124501824,0.71274674
53.88,-2.22,High,0.7587805,0.7587805,0.014474726,0.22674483
53.88,-2.2,High,0.7886727,0.7886727,0.009790835,0.2015365
53.88,-2.18,High,0.9096458,0.9096458,0.0015394046,0.08881481
53.88,-2.16,High,0.97872674,0.97872674,0.0008311111,0.020442126
53.88,-2.14,High,0.8839514,0.8839514,0.009995617,0.10605297
53.88,-2.12,High,0.7165615,0.7165615,0.00972341,0.27371508
53.88,-2.1,Medium,0.4753053,0.4346565,0.09003821,0.4753053
53.9,-3.04,High,0.9940996,0.9940996,0.00033003968,0.0055704024
53.9,-3.02,High,0.98678386,0.98678386,0.0007355066,0.012480619
53.9,-2.98,High,0.83411187,0.83411187,0.00298141,0.16290674
53.9,-2.96,High,0.99726486,0.99726486,0.00025933373,0.0024758358
53.9,-2.94,High,0.9627378,0.9627378,0.0013245739,0.035937645
53.9,-2.92,High,0.56834245,0.56834245,0.04951624,0.38214126
53.9,-2.9,High,0.84334505,0.84334505,0.0037779287,0.152877
53.9,-2.88,High,0.68649143,0.68649143,0.036980204,0.27652842
53.9,-2.86,High,0.9247122,0.9247122,0.008110498,0.06717735
53.9,-2.84,High,0.4831149,0.4831149,0.049305532,0.46757963
53.9,-2.82,High,0.98599106,0.98599106,0.0008624273,0.013146496
53.9,-2.8000000000000003,High,0.91559047,0.91559047,0.0014426798,0.08296683
53.9,-2.7800000000000002,High,0.84410423,0.84410423,0.002970167,0.15292566
53.9,-2.7600000000000002,High,0.9344395,0.9344395,0.0012073054,0.06435327
53.9,-2.74,High,0.9602518,0.9602518,0.0010774949,0.038670707
53.9,-2.72,High,0.9189858,0.9189858,0.0038182607,0.07719598
53.9,-2.7,Medium,0.4113001,0.36703748,0.22166243,0.4113001
53.9,-2.68,High,0.5155952,0.5155952,0.042015303,0.4423895
53.9,-2.66,Medium,0.46808013,0.4444759,0.08744394,0.46808013
53.9,-2.64,Medium,0.49233145,0.0657978,0.44187072,0.49233145
53.9,-2.62,Low,0.6148379,0.0225891,0.6148379,0.36257303
53.9,-2.6,Medium,0.522211,0.09904054,0.37874845,0.522211
53.9,-2.58,Medium,0.59052354,0.15118894,0.25828758,0.59052354
53.9,-2.56,Medium,0.59686416,0.057393435,0.34574234,0.59686416
53.9,-2.54,Medium,0.48547912,0.07949658,0.4350243,0.48547912
53.9,-2.52,Low,0.53856164,0.023408981,0.53856164,0.43802932
53.9,-2.5,Medium,0.6199941,0.20411412,0.17589183,0.6199941
53.9,-2.48,High,0.7008511,0.7008511,0.0283664,0.27078253
53.9,-2.46,Medium,0.45229223,0.10311577,0.444592,0.45229223
53.9,-2.44,High,0.63878953,0.63878953,0.020686898,0.3405235
53.9,-2.42,High,0.9584306,0.9584306,0.0014921966,0.04007724
53.9,-2.4,High,0.90664876,0.90664876,0.0013786146,0.09197266
53.9,-2.38,High,0.70554924,0.70554924,0.02702707,0.2674237
53.9,-2.36,High,0.98243815,0.98243815,0.0008893903,0.016672483
53.9,-2.34,High,0.75498,0.75498,0.010642518,0.23437744
53.9,-2.32,Medium,0.57191104,0.14793749,0.2801515,0.57191104
53.9,-2.3000000000000003,High,0.567993,0.567993,0.06218787,0.36981916
53.9,-2.2800000000000002,High,0.6815317,0.6815317,0.039837144,0.27863112
53.9,-2.2600000000000002,Medium,0.5183486,0.100897275,0.3807541,0.5183486
53.9,-2.24,Medium,0.43506125,0.15836136,0.40657738,0.43506125
53.9,-2.22,Low,0.5965033,0.009648762,0.5965033,0.39384794
53.92,-3.04,High,0.99390453,0.99390453,0.00031005428,0.0057854527
53.92,-3.02,High,0.9828046,0.9828046,0.00039021132,0.01680522
53.92,-3.0,High,0.9972295,0.9972295,0.00027902186,0.002491447
53.92,-2.98,High,0.99724424,0.99724424,0.00019964227,0.0025561836
53.92,-2.96,High,0.9814979,0.9814979,0.0004512023,0.01805089
53.92,-2.94,High,0.9645766,0.9645766,0.0008597414,0.034563657
53.92,-2.92,High,0.991277,0.991277,0.00064384664,0.008079148
53.92,-2.9,High,0.9947641,0.9947641,0.0004295258,0.004806357
53.92,-2.88,High,0.9911652,0.9911652,0.00064115226,0.008193557
53.92,-2.86,High,0.6628512,0.6628512,0.049603272,0.2875455
53.92,-2.84,High,0.54321516,0.54321516,0.071673654,0.38511118
53.92,-2.82,Medium,0.4968595,0.30293205,0.20020851,0.4968595
53.92,-2.8000000000000003,High,0.9916264,0.9916264,0.0005686711,0.007804924
53.92,-2.7800000000000002,High,0.9824128,0.9824128,0.0007243232,0.016862899
53.92,-2.7600000000000002,High,0.76127267,0.76127267,0.019225279,0.21950206
53.92,-2.74,High,0.73058003,0.73058003,0.015861044,0.25355896
53.92,-2.72,Medium,0.501864,0.43864557,0.059490412,0.501864
53.92,-2.7,High,0.92465156,0.92465156,0.0030644396,0.07228406
53.92,-2.68,Medium,0.5328221,0.37845173,0.08872618,0.5328221
53.92,-2.64,Low,0.5386681,0.041791387,0.5386681,0.41954055
53.92,-2.56,Low,0.7448411,0.00808512,0.7448411,0.2470738
53.92,-2.54,Medium,0.5657962,0.1016644,0.3325394,0.5657962
53.92,-2.52,Medium,0.60905105,0.16482677,0.2261222,0.60905105
53.92,-2.5,Low,0.59509575,0.055888347,0.59509575,0.3490159
53.92,-2.48,Low,0.49705574,0.03749754,0.49705574,0.46544668
53.92,-2.44,Medium,0.47579363,0.08009567,0.4441107,0.47579363
53.92,-2.42,Medium,0.5200359,0.3626026,0.1173615,0.5200359
53.92,-2.4,Low,0.49171835,0.023798568,0.49171835,0.48448312
53.92,-2.38,Medium,0.5114518,0.35781306,0.13073513,0.5114518
53.92,-2.36,High,0.6904642,0.6904642,0.024751911,0.28478393
53.92,-2.34,High,0.99131036,0.99131036,0.00047730326,0.008212383
53.92,-2.32,High,0.56620014,0.56620014,0.15189128,0.2819086
53.92,-2.3000000000000003,Medium,0.5835353,0.16202115,0.25444362,0.5835353
53.92,-2.2800000000000002,High,0.53087467,0.53087467,0.061013144,0.4081122
53.92,-2.2600000000000002,High,0.942416,0.942416,0.0060336133,0.05155041
53.92,-2.24,Low,0.59143114,0.011931359,0.59143114,0.39663747
53.94,-2.98,High,0.9129747,0.9129747,0.0026659716,0.0843593
53.94,-2.96,High,0.99636,0.99636,0.00017441959,0.003465618
53.94,-2.94,Medium,0.70807165,0.15136287,0.14056548,0.70807165
53.94,-2.92,High,0.5724156,0.5724156,0.035766616,0.3918178
53.94,-2.9,High,0.8164872,0.8164872,0.024746086,0.15876673
53.94,-2.88,High,0.61005193,0.61005193,0.024330406,0.36561766
53.94,-2.86,High,0.7331101,0.7331101,0.022776453,0.2441135
53.94,-2.84,Medium,0.544547,0.112174466,0.34327853,0.544547
53.94,-2.82,High,0.6353659,0.6353659,0.033451978,0.33118215
53.94,-2.8000000000000003,High,0.93474895,0.93474895,0.0022566817,0.06299436
53.94,-2.7800000000000002,High,0.9599362,0.9599362,0.0022037972,0.03786003
53.94,-2.7600000000000002,High,0.99341375,0.99341375,0.0006094459,0.005976804
53.94,-2.74,High,0.8322177,0.8322177,0.0033013558,0.16448092
53.94,-2.72,Medium,0.5152701,0.32545716,0.15927269,0.5152701
53.94,-2.7,Medium,0.5483469,0.17987645,0.27177665,0.5483469
53.94,-2.6,Low,0.82749516,0.0074388986,0.82749516,0.16506597
53.94,-2.54,Medium,0.54002416,0.15425824,0.30571765,0.54002416
53.94,-2.52,High,0.82326883,0.82326883,0.010189526,0.16654168
53.94,-2.5,Medium,0.5252875,0.29806703,0.17664547,0.5252875
53.94,-2.48,Low,0.48977068,0.052358605,0.48977068,0.45787072
53.94,-2.46,High,0.754121,0.754121,0.010422403,0.23545663
53.94,-2.44,Medium,0.49752945,0.03019991,0.47227064,0.49752945
53.94,-2.38,Medium,0.5187611,0.37173203,0.10950685,0.5187611
53.94,-2.36,Medium,0.40754077,0.40021545,0.1922438,0.40754077
53.94,-2.34,High,0.92910755,0.92910755,0.0010507613,0.06984177
53.94,-2.32,High,0.7330049,0.7330049,0.025657915,0.24133715
53.94,-2.2800000000000002,Medium,0.5438129,0.25628465,0.19990249,0.5438129
53.94,-2.2600000000000002,High,0.97204685,0.97204685,0.0013330058,0.026620148
53.94,-2.24,Low,0.7317722,0.010331113,0.7317722,0.25789675
53.94,-2.22,Medium,0.5534769,0.20565867,0.24086438,0.5534769
53.96,-2.86,Medium,0.5392769,0.36572537,0.0949977,0.5392769
53.96,-2.84,Medium,0.573406,0.26711518,0.15947884,0.573406
53.96,-2.82,High,0.98389673,0.98389673,0.00082037534,0.015282915
53.96,-2.8000000000000003,High,0.89971733,0.89971733,0.0024230601,0.0978596
53.96,-2.7800000000000002,High,0.9949137,0.9949137,0.0003768781,0.004709375
53.96,-2.7600000000000002,High,0.93075734,0.93075734,0.0019652317,0.067277394
53.96,-2.74,High,0.6265293,0.6265293,0.018461492,0.3550092
53.96,-2.72,High,0.840705,0.840705,0.0037540072,0.15554102
53.96,-2.7,Medium,0.51578856,0.20290627,0.2813052,0.51578856
53.96,-2.68,Low,0.5189125,0.043377712,0.5189125,0.43770978
53.96,-2.56,Medium,0.5793762,0.18727493,0.23334883,0.5793762
53.96,-2.52,Medium,0.6068829,0.08829066,0.3048264,0.6068829
53.96,-2.5,Low,0.5653343,0.03721297,0.5653343,0.3974527
53.96,-2.48,Low,0.65749663,0.019660901,0.65749663,0.3228425
53.96,-2.46,Medium,0.5423495,0.07621537,0.38143513,0.5423495
53.96,-2.44,High,0.8078028,0.8078028,0.01635949,0.17583771
53.96,-2.42,Medium,0.5141657,0.22116925,0.26466507,0.5141657
53.96,-2.4,Medium,0.45409235,0.21037571,0.33553192,0.45409235
53.96,-2.38,Medium,0.50481176,0.12276672,0.3724215,0.50481176
53.96,-2.36,Medium,0.6503396,0.24835351,0.101306826,0.6503396
53.96,-2.34,High,0.57835805,0.57835805,0.09378844,0.3278535
53.96,-2.32,Medium,0.5269258,0.43579286,0.037281293,0.5269258
53.96,-2.3000000000000003,Low,0.7283978,0.014204219,0.7283978,0.257398
53.96,-2.2800000000000002,High,0.36558563,0.36558563,0.29006794,0.3443465
53.96,-2.2600000000000002,Medium,0.49189505,0.3981289,0.109976076,0.49189505
53.96,-2.24,Medium,0.4734142,0.35774922,0.1688366,0.4734142
53.96,-2.22,Low,0.6342105,0.02525946,0.6342105,0.34053
53.96,-2.2,Medium,0.62277853,0.18625353,0.1909679,0.62277853
53.980000000000004,-2.88,Medium,0.5007057,0.3073102,0.19198409,0.5007057
53.980000000000004,-2.86,Medium,0.45668632,0.4114025,0.13191117,0.45668632
53.980000000000004,-2.84,High,0.8518952,0.8518952,0.008216465,0.13988827
53.980000000000004,-2.82,Medium,0.4630546,0.3686939,0.16825154,0.4630546
53.980000000000004,-2.8000000000000003,High,0.74876964,0.74876964,0.028514545,0.22271581
53.980000000000004,-2.7800000000000002,High,0.98279136,0.98279136,0.0005954701,0.016613139
53.980000000000004,-2.7600000000000002,High,0.8186151,0.8186151,0.0053551854,0.17602977
53.980000000000004,-2.74,High,0.9442612,0.9442612,0.0010155671,0.054723244
53.980000000000004,-2.72,High,0.60315484,0.60315484,0.0417501,0.35509503
53.980000000000004,-2.7,High,0.5177902,0.5177902,0.037779782,0.44443002
53.980000000000004,-2.68,Medium,0.44102255,0.43343073,0.12554668,0.44102255
53.980000000000004,-2.66,High,0.7165447,0.7165447,0.01851378,0.26494148
53.980000000000004,-2.64,Medium,0.5969758,0.15951332,0.24351089,0.5969758
53.980000000000004,-2.62,Low,0.63576645,0.046750575,0.63576645,0.31748298
53.980000000000004,-2.48,Low,0.59911716,0.017911393,0.59911716,0.38297147
53.980000000000004,-2.46,Medium,0.51466346,0.29269272,0.19264384,0.51466346
53.980000000000004,-2.44,Medium,0.49617064,0.27275366,0.23107572,0.49617064
53.980000000000004,-2.42,Low,0.5451491,0.047885083,0.5451491,0.40696585
53.980000000000004,-2.4,Medium,0.53373,0.11856979,0.34770024,0.53373
53.980000000000004,-2.38,Low,0.7235764,0.020115336,0.7235764,0.25630823
53.980000000000004,-2.36,Medium,0.5539457,0.23176917,0.21428509,0.5539457
53.980000000000004,-2.34,Medium,0.5591778,0.268833,0.17198911,0.5591778
53.980000000000004,-2.32,Medium,0.59678704,0.21564418,0.18756883,0.59678704
53.980000000000004,-2.3000000000000003,Low,0.4832462,0.05117735,0.4832462,0.4655765
53.980000000000004,-2.24,High,0.7642142,0.7642142,0.007409377,0.22837639
53.980000000000004,-2.22,Medium,0.56659836,0.08329932,0.3501023,0.56659836
53.980000000000004,-2.18,Low,0.56205577,0.06122409,0.56205577,0.37672013
54.0,-2.9,Medium,0.5991935,0.22885576,0.1719507,0.5991935
54.0,-2.88,High,0.90551007,0.90551007,0.005246686,0.08924326
54.0,-2.86,Medium,0.6338805,0.22850646,0.13761304,0.6338805
54.0,-2.84,High,0.93875104,0.93875104,0.0017161036,0.05953282
54.0,-2.82,High,0.62999064,0.62999064,0.02677423,0.34323514
54.0,-2.8000000000000003,High,0.97610587,0.97610587,0.00077548594,0.02311864
54.0,-2.7800000000000002,High,0.96879804,0.96879804,0.0011999513,0.030002018
54.0,-2.7600000000000002,High,0.7250876,0.7250876,0.020651558,0.25426087
54.0,-2.74,High,0.62485826,0.62485826,0.029195398,0.34594634
54.0,-2.72,Medium,0.5196978,0.07321071,0.4070915,0.5196978
54.0,-2.7,Medium,0.562589,0.22269188,0.2147191,0.562589
54.0,-2.68,Medium,0.5481575,0.14336358,0.30847892,0.5481575
54.0,-2.66,Medium,0.58241504,0.21676323,0.20082167,0.58241504
54.0,-2.64,Medium,0.47089174,0.4499051,0.07920313,0.47089174
54.0,-2.44,Low,0.6108428,0.01954946,0.6108428,0.36960772
54.0,-2.36,High,0.48948136,0.48948136,0.045249823,0.46526885
54.0,-2.34,High,0.6992889,0.6992889,0.06564278,0.23506837
54.0,-2.32,Low,0.54978603,0.030108469,0.54978603,0.42010552
54.0,-2.3000000000000003,High,0.7447479,0.7447479,0.007851884,0.24740022
54.0,-2.2800000000000002,Low,0.71445376,0.07361759,0.71445376,0.21192865
54.0,-2.2600000000000002,High,0.7479154,0.7479154,0.0020114172,0.2500732
54.0,-2.24,Low,0.5071384,0.045853913,0.5071384,0.4470077
54.0,-2.22,High,0.99024874,0.99024874,0.00074432977,0.009006872
54.0,-2.2,Medium,0.5547605,0.2371439,0.20809563,0.5547605
54.02,-2.9,High,0.9626899,0.9626899,0.0009724741,0.03633772
54.02,-2.88,High,0.99040866,0.99040866,0.0005039603,0.009087357
54.02,-2.86,High,0.9953915,0.9953915,0.00023795041,0.004370541
54.02,-2.82,High,0.9584922,0.9584922,0.0017094124,0.03979837
54.02,-2.8000000000000003,High,0.98468876,0.98468876,0.00060536584,0.014705859
54.02,-2.7800000000000002,High,0.97098225,0.97098225,0.001608231,0.027409486
54.02,-2.7600000000000002,High,0.6338215,0.6338215,0.042853698,0.32332477
54.02,-2.74,High,0.70841336,0.70841336,0.016948238,0.27463838
54.02,-2.72,Medium,0.6982785,0.15184459,0.14987692,0.6982785
54.02,-2.42,Low,0.82814306,0.004079887,0.82814306,0.167777
54.02,-2.36,Medium,0.50689024,0.022565244,0.47054455,0.50689024
54.02,-2.34,Medium,0.56140476,0.1272188,0.31137642,0.56140476
54.02,-2.32,Medium,0.47305053,0.07904026,0.4479092,0.47305053
54.02,-2.3000000000000003,Medium,0.5633737,0.115137555,0.32148877,0.5633737
54.02,-2.2800000000000002,Low,0.695041,0.005558538,0.695041,0.2994005
54.02,-2.2600000000000002,High,0.9874729,0.9874729,0.0015248641,0.0110022705
54.02,-2.24,Medium,0.5414063,0.084289774,0.37430394,0.5414063
54.02,-2.2,Medium,0.5683252,0.28041625,0.15125848,0.5683252
54.02,-2.18,Low,0.4850173,0.060801852,0.4850173,0.4541808
54.02,-2.16,High,0.46822283,0.46822283,0.08493767,0.44683954
54.02,-2.14,Medium,0.5207497,0.2099235,0.2693268,0.5207497
54.04,-3.18,Low,0.83230686,0.001951416,0.83230686,0.16574167
54.04,-2.9,High,0.9945978,0.9945978,0.0003049355,0.0050972085
54.04,-2.88,High,0.98544806,0.98544806,0.00045454846,0.014097359
54.04,-2.86,High,0.7097835,0.7097835,0.013732199,0.27648434
54.04,-2.84,High,0.536293,0.536293,0.086270265,0.3774367
54.04,-2.82,High,0.9957866,0.9957866,0.00033913596,0.0038742498
54.04,-2.8000000000000003,High,0.98825115,0.98825115,0.00039986437,0.011348945
54.04,-2.7800000000000002,High,0.9854461,0.9854461,0.0012969277,0.013256972
54.04,-2.7600000000000002,High,0.747173,0.747173,0.014296563,0.2385304
54.04,-2.74,High,0.6389675,0.6389675,0.030221969,0.33081052
54.04,-2.72,Low,0.50763565,0.057455532,0.50763565,0.4349088
54.04,-2.36,Low,0.77057606,0.009691729,0.77057606,0.21973224
54.04,-2.34,Medium,0.51578337,0.21737432,0.26684225,0.51578337
54.04,-2.32,Medium,0.46321404,0.10735552,0.42943048,0.46321404
54.04,-2.3000000000000003,High,0.80525136,0.80525136,0.040984694,0.15376395
54.04,-2.2800000000000002,Medium,0.55351436,0.26365,0.18283565,0.55351436
54.04,-2.22,Low,0.7226846,0.030505585,0.7226846,0.24680975
54.04,-2.18,Low,0.5670939,0.011822414,0.5670939,0.4210837
54.04,-2.16,Medium,0.55644757,0.17492811,0.26862434,0.55644757
54.06,-3.22,Low,0.6623652,0.01087742,0.6623652,0.3267574
54.06,-3.18,Low,0.65062326,0.018447954,0.65062326,0.33092883
54.06,-2.9,High,0.81559217,0.81559217,0.0037819042,0.18062586
54.06,-2.88,High,0.9712956,0.9712956,0.0004900546,0.028214348
54.06,-2.86,High,0.98839706,0.98839706,0.00048393526,0.011118958
54.06,-2.84,High,0.9906787,0.9906787,0.00036239144,0.008958828
54.06,-2.82,High,0.9957048,0.9957048,0.0006722616,0.003622905
54.06,-2.8000000000000003,High,0.99145496,0.99145496,0.00073928357,0.0078058112
54.06,-2.7800000000000002,High,0.802368,0.802368,0.004008801,0.19362319
54.06,-2.7600000000000002,Medium,0.6987699,0.1437309,0.1574992,0.6987699
54.06,-2.74,High,0.5960313,0.5960313,0.039763603,0.36420512
54.06,-2.72,High,0.64440405,0.64440405,0.040763315,0.3148327
54.06,-2.7,Medium,0.5322829,0.4120528,0.05566427,0.5322829
54.06,-2.68,Low,0.5728264,0.01508253,0.5728264,0.41209108
54.06,-2.66,Low,0.53108746,0.04139003,0.53108746,0.42752254
54.06,-2.64,Medium,0.53600407,0.21046776,0.25352818,0.53600407
54.06,-2.62,Low,0.4873335,0.10320862,0.4873335,0.4094579
54.06,-2.6,Medium,0.5755666,0.18643565,0.23799777,0.5755666
54.06,-2.54,Medium,0.605666,0.23333456,0.16099943,0.605666
54.06,-2.52,High,0.52530587,0.52530587,0.07056224,0.40413192
54.06,-2.42,Low,0.57817817,0.035257693,0.57817817,0.38656417
54.06,-2.38,Low,0.6394147,0.10139869,0.6394147,0.25918654
54.06,-2.36,Low,0.5649045,0.054337617,0.5649045,0.38075787
54.06,-2.34,Medium,0.489994,0.064214684,0.44579136,0.489994
54.06,-2.32,Low,0.57987934,0.040033597,0.57987934,0.38008705
54.06,-2.3000000000000003,High,0.80344385,0.80344385,0.014015957,0.18254015
54.06,-2.2800000000000002,High,0.7802548,0.7802548,0.0032536574,0.21649161
54.06,-2.2600000000000002,Low,0.74859715,0.006770161,0.74859715,0.24463272
54.06,-2.16,High,0.9007989,0.9007989,0.0031647503,0.09603636
54.08,-3.24,High,0.5574441,0.5574441,0.10325192,0.33930397
54.08,-3.18,High,0.96320695,0.96320695,0.0013272462,0.03546575
54.08,-3.16,High,0.7340663,0.7340663,0.017743059,0.24819067
54.08,-2.88,High,0.94427884,0.94427884,0.0014634603,0.054257713
54.08,-2.86,High,0.9678067,0.9678067,0.0012130752,0.030980226
54.08,-2.84,High,0.9857868,0.9857868,0.0005442046,0.013669017
54.08,-2.82,High,0.9208692,0.9208692,0.0013396457,0.07779115
54.08,-2.8000000000000003,High,0.98867,0.98867,0.00080652,0.010523519
54.08,-2.7800000000000002,High,0.68904626,0.68904626,0.057050183,0.25390354
54.08,-2.7600000000000002,High,0.99349713,0.99349713,0.0008886527,0.0056141955
54.08,-2.74,High,0.8913726,0.8913726,0.003682288,0.104945034
54.08,-2.72,High,0.99377865,0.99377865,0.00049729034,0.0057240087
54.08,-2.7,High,0.87811774,0.87811774,0.0016829971,0.120199226
54.08,-2.68,High,0.7127035,0.7127035,0.023554964,0.26374152
54.08,-2.66,High,0.7326968,0.7326968,0.031386327,0.23591694
54.08,-2.64,Medium,0.5709567,0.2971868,0.1318565,0.5709567
54.08,-2.6,Medium,0.59352607,0.19911638,0.20735753,0.59352607
54.08,-2.58,Medium,0.5681245,0.157765,0.27411047,0.5681245
54.08,-2.56,Medium,0.59273326,0.2333417,0.17392506,0.59273326
54.08,-2.54,High,0.5662926,0.5662926,0.054676585,0.37903082
54.08,-2.52,High,0.82173294,0.82173294,0.005219062,0.17304802
54.08,-2.5,Medium,0.56160426,0.17159441,0.2668013,0.56160426
54.08,-2.48,Low,0.63222027,0.019554488,0.63222027,0.34822527
54.08,-2.44,Low,0.6996635,0.015854584,0.6996635,0.28448188
54.08,-2.42,Medium,0.51976746,0.31089488,0.16933763,0.51976746
54.08,-2.38,Low,0.6018182,0.035802208,0.6018182,0.36237958
54.08,-2.36,Medium,0.52608556,0.10892364,0.3649908,0.52608556
54.08,-2.34,Medium,0.53722435,0.36844945,0.094326176,0.53722435
54.08,-2.32,Medium,0.51109904,0.21033889,0.27856207,0.51109904
54.08,-2.3000000000000003,Medium,0.4284757,0.30885154,0.2626727,0.4284757
54.08,-2.2800000000000002,High,0.9863419,0.9863419,0.0007673294,0.012890739
54.1,-3.2600000000000002,High,0.99541926,0.99541926,0.00054420985,0.00403652
54.1,-3.24,High,0.9938054,0.9938054,0.00034799238,0.0058466415
54.1,-3.22,High,0.994207,0.994207,0.00027330354,0.005519602
54.1,-3.2,High,0.92636395,0.92636395,0.0034716157,0.07016449
54.1,-3.18,Medium,0.65944886,0.22567816,0.114873,0.65944886
54.1,-3.16,High,0.7638022,0.7638022,0.015877029,0.22032075
54.1,-3.14,High,0.97522753,0.97522753,0.00056772085,0.024204675
54.1,-3.12,Low,0.50558555,0.03937153,0.50558555,0.45504287
54.1,-2.82,Medium,0.6511392,0.19425683,0.15460396,0.6511392
54.1,-2.8000000000000003,High,0.91903234,0.91903234,0.002277721,0.078689985
54.1,-2.7800000000000002,High,0.7359667,0.7359667,0.026729384,0.23730391
54.1,-2.7600000000000002,High,0.74819404,0.74819404,0.015551031,0.23625492
54.1,-2.74,Medium,0.48598182,0.18765168,0.3263665,0.48598182
54.1,-2.72,High,0.68667763,0.68667763,0.02691919,0.28640315
54.1,-2.7,Medium,0.68772167,0.2120363,0.10024204,0.68772167
54.1,-2.68,High,0.9326618,0.9326618,0.0026055875,0.06473267
54.1,-2.66,High,0.65044284,0.65044284,0.04622929,0.3033279
54.1,-2.64,High,0.9840357,0.9840357,0.00087610167,0.015088164
54.1,-2.62,High,0.6971211,0.6971211,0.028764123,0.27411482
54.1,-2.6,High,0.9048978,0.9048978,0.003112687,0.09198947
54.1,-2.58,High,0.5518201,0.5518201,0.033221953,0.41495797
54.1,-2.56,High,0.5054117,0.5054117,0.061948046,0.4326403
54.1,-2.54,Medium,0.5525151,0.30231303,0.14517188,0.5525151
54.1,-2.52,High,0.7918362,0.7918362,0.00563661,0.20252723
54.1,-2.5,Medium,0.5062577,0.3984161,0.095326155,0.5062577
54.1,-2.48,Medium,0.5191517,0.1475727,0.33327562,0.5191517
54.1,-2.46,Low,0.56320256,0.05236855,0.56320256,0.3844289
54.1,-2.44,Medium,0.5692953,0.2593273,0.1713774,0.5692953
54.1,-2.42,Medium,0.5414134,0.12098561,0.33760095,0.5414134
54.1,-2.4,Medium,0.46201435,0.08307609,0.45490956,0.46201435
54.1,-2.38,Low,0.7134235,0.010813596,0.7134235,0.27576292
54.1,-2.36,Medium,0.508319,0.25586298,0.23581803,0.508319
54.1,-2.34,Medium,0.53052014,0.26745504,0.20202483,0.53052014
54.1,-2.32,Medium,0.6065466,0.14830488,0.24514851,0.6065466
54.1,-2.2800000000000002,High,0.7405576,0.7405576,0.009303456,0.25013897
54.1,-2.2600000000000002,Low,0.8422223,0.01196691,0.8422223,0.14581084
54.1,-2.24,Low,0.7913602,0.0064216116,0.7913602,0.20221816
54.1,-2.2,Low,0.7282941,0.0051501174,0.7282941,0.26655576
54.1,-2.18,Low,0.6735,0.008362304,0.6735,0.3181377
54.1,-2.16,Low,0.8380021,0.0055362573,0.8380021,0.15646169
54.120000000000005,-3.2600000000000002,High,0.9974064,0.9974064,0.00036419262,0.0022293166
54.120000000000005,-3.24,High,0.9608636,0.9608636,0.00092011254,0.038216364
54.120000000000005,-3.22,High,0.974089,0.974089,0.00044264313,0.025468394
54.120000000000005,-3.2,High,0.99333066,0.99333066,0.00033730475,0.0063320235
54.120000000000005,-3.18,High,0.99713993,0.99713993,0.00022542453,0.0026347043
54.120000000000005,-3.16,High,0.9421094,0.9421094,0.00095671584,0.056933936
54.120000000000005,-3.14,High,0.8771202,0.8771202,0.0029941257,0.119885705
54.120000000000005,-3.12,High,0.68149805,0.68149805,0.017226927,0.30127504
54.120000000000005,-3.1,Medium,0.47491023,0.09425643,0.43083337,0.47491023
54.120000000000005,-2.8000000000000003,Low,0.5932533,0.011583344,0.5932533,0.39516333
54.120000000000005,-2.7800000000000002,High,0.98858196,0.98858196,0.0020846496,0.009333392
54.120000000000005,-2.7600000000000002,High,0.98862153,0.98862153,0.0010531285,0.010325332
54.120000000000005,-2.74,High,0.8559924,0.8559924,0.0063690804,0.13763857
54.120000000000005,-2.72,Medium,0.56849766,0.33201927,0.09948301,0.56849766
54.120000000000005,-2.7,High,0.45990646,0.45990646,0.16899633,0.37109718
54.120000000000005,-2.68,Medium,0.65752006,0.20270868,0.13977124,0.65752006
54.120000000000005,-2.66,High,0.8302092,0.8302092,0.014276027,0.15551476
54.120000000000005,-2.64,High,0.8479388,0.8479388,0.0029402683,0.14912094
54.120000000000005,-2.62,Medium,0.46347868,0.3725472,0.16397406,0.46347868
54.120000000000005,-2.6,High,0.5356061,0.5356061,0.12366742,0.3407265
54.120000000000005,-2.58,High,0.61160827,0.61160827,0.01595134,0.3724404
54.120000000000005,-2.56,Medium,0.5118114,0.34256005,0.14562862,0.5118114
54.120000000000005,-2.54,High,0.98712474,0.98712474,0.00032296331,0.012552276
54.120000000000005,-2.52,High,0.99385095,0.99385095,0.00033750525,0.0058115227
54.120000000000005,-2.5,High,0.9834172,0.9834172,0.00052216963,0.016060606
54.120000000000005,-2.48,Medium,0.5495766,0.34514728,0.10527612,0.5495766
54.120000000000005,-2.44,Medium,0.55721104,0.2268237,0.21596532,0.55721104
54.120000000000005,-2.42,Medium,0.4660576,0.43533355,0.0986088,0.4660576
54.120000000000005,-2.4,High,0.7059103,0.7059103,0.0068400316,0.28724962
54.120000000000005,-2.36,Medium,0.56430405,0.3080172,0.12767877,0.56430405
54.120000000000005,-2.34,High,0.46977675,0.46977675,0.093894236,0.436329
54.120000000000005,-2.32,Medium,0.571923,0.11610353,0.31197345,0.571923
54.120000000000005,-2.3000000000000003,High,0.8171447,0.8171447,0.0013533146,0.18150195
54.120000000000005,-2.2800000000000002,Medium,0.56247073,0.23236158,0.20516767,0.56247073
54.120000000000005,-2.2600000000000002,Low,0.8144841,0.0050911643,0.8144841,0.18042475
54.120000000000005,-2.24,Low,0.75264066,0.0062829163,0.75264066,0.24107638
54.14,-3.24,High,0.9937762,0.9937762,0.00031213183,0.00591161
54.14,-3.22,High,0.9969771,0.9969771,0.00020546713,0.0028174715
54.14,-3.2,High,0.9889676,0.9889676,0.0005430362,0.010489413
54.14,-3.18,High,0.98636657,0.98636657,0.0006132674,0.013020113
54.14,-3.16,High,0.8615985,0.8615985,0.0068349186,0.13156666
54.14,-3.14,Medium,0.4841508,0.44522604,0.070623204,0.4841508
54.14,-3.12,High,0.890744,0.890744,0.0021260772,0.10712991
54.14,-3.1,High,0.96277374,0.96277374,0.0006768844,0.03654944
54.14,-2.8000000000000003,Low,0.69906306,0.01556053,0.69906306,0.28537637
54.14,-2.7800000000000002,High,0.91859746,0.91859746,0.005834874,0.07556771
54.14,-2.7600000000000002,High,0.9794754,0.9794754,0.0011742068,0.019350437
54.14,-2.74,Medium,0.537821,0.15182297,0.31035602,0.537821
54.14,-2.72,Low,0.56815034,0.06587951,0.56815034,0.36597016
54.14,-2.7,High,0.72930825,0.72930825,0.04271284,0.22797889
54.14,-2.68,Medium,0.50908095,0.358936,0.13198301,0.50908095
54.14,-2.66,Medium,0.47978264,0.06555137,0.45466602,0.47978264
54.14,-2.64,High,0.5872395,0.5872395,0.047577813,0.36518264
54.14,-2.62,High,0.9836712,0.9836712,0.0011909183,0.0151378745
54.14,-2.6,High,0.5967682,0.5967682,0.043759223,0.3594726
54.14,-2.58,High,0.7410097,0.7410097,0.020094179,0.23889613
54.14,-2.56,High,0.7243219,0.7243219,0.013424059,0.26225406
54.14,-2.54,High,0.98148835,0.98148835,0.0005314885,0.017980179
54.14,-2.52,High,0.5725116,0.5725116,0.052785717,0.37470266
54.14,-2.5,High,0.7678163,0.7678163,0.018846614,0.2133371
54.14,-2.48,High,0.922365,0.922365,0.0015245148,0.076110534
54.14,-2.46,High,0.7921622,0.7921622,0.0045359954,0.2033018
54.14,-2.44,Medium,0.52012545,0.2434046,0.23646997,0.52012545
54.14,-2.42,Low,0.6989718,0.01218868,0.6989718,0.2888395
54.14,-2.38,Low,0.80736494,0.001954972,0.80736494,0.1906801
54.14,-2.32,Low,0.8727063,0.005707072,0.8727063,0.12158662
54.14,-2.3000000000000003,High,0.8055147,0.8055147,0.011614569,0.18287073
54.14,-2.2800000000000002,Low,0.6444321,0.007612342,0.6444321,0.34795552
54.14,-2.24,Medium,0.46647927,0.071468756,0.46205202,0.46647927
54.160000000000004,-3.22,High,0.79864466,0.79864466,0.008952703,0.19240268
54.160000000000004,-3.2,High,0.88013756,0.88013756,0.004936898,0.11492549
54.160000000000004,-3.18,High,0.98420656,0.98420656,0.0005544438,0.01523895
54.160000000000004,-3.16,Medium,0.5110397,0.4541062,0.034854162,0.5110397
54.160000000000004,-3.14,High,0.57836616,0.57836616,0.024649482,0.39698437
54.160000000000004,-3.12,High,0.99582076,0.99582076,0.00019326297,0.0039859824
54.160000000000004,-3.1,High,0.8090384,0.8090384,0.02272843,0.16823311
54.160000000000004,-3.08,High,0.94422126,0.94422126,0.00247802,0.053300735
54.160000000000004,-3.06,Medium,0.6461589,0.06999865,0.28384247,0.6461589
54.160000000000004,-2.98,High,0.99396354,0.99396354,0.00022692155,0.005809499
54.160000000000004,-2.96,High,0.6202435,0.6202435,0.03152006,0.34823647
54.160000000000004,-2.94,High,0.5477287,0.5477287,0.19794153,0.25432974
54.160000000000004,-2.82,High,0.9379697,0.9379697,0.0019249346,0.060105342
54.160000000000004,-2.8000000000000003,High,0.5785772,0.5785772,0.060557276,0.36086553
54.160000000000004,-2.7800000000000002,Low,0.57992625,0.040173028,0.57992625,0.37990066
54.160000000000004,-2.7600000000000002,High,0.6736732,0.6736732,0.009845883,0.31648085
54.160000000000004,-2.74,High,0.48976508,0.48976508,0.15675631,0.35347855
54.160000000000004,-2.72,High,0.9134608,0.9134608,0.0021575906,0.08438166
54.160000000000004,-2.7,Medium,0.5045902,0.21388827,0.2815215,0.5045902
54.160000000000004,-2.68,Medium,0.59373945,0.114096105,0.29216447,0.59373945
54.160000000000004,-2.66,Low,0.63537514,0.025216805,0.63537514,0.33940798
54.160000000000004,-2.64,Medium,0.6348711,0.13320003,0.23192883,0.6348711
54.160000000000004,-2.62,Medium,0.45200846,0.44020763,0.107783884,0.45200846
54.160000000000004,-2.6,Medium,0.48074758,0.44610682,0.073145576,0.48074758
54.160000000000004,-2.58,Medium,0.57762605,0.26257834,0.15979563,0.57762605
54.160000000000004,-2.56,Medium,0.4892699,0.19962023,0.31110987,0.4892699
54.160000000000004,-2.54,High,0.5038359,0.5038359,0.063894086,0.43226996
54.160000000000004,-2.52,Medium,0.60946006,0.20929737,0.18124256,0.60946006
54.160000000000004,-2.5,High,0.8434275,0.8434275,0.009282817,0.14728972
54.160000000000004,-2.48,High,0.8867072,0.8867072,0.002597117,0.11069571
54.160000000000004,-2.46,High,0.99821424,0.99821424,0.00015745802,0.0016283483
54.160000000000004,-2.44,Low,0.5674677,0.029965652,0.5674677,0.40256664
54.160000000000004,-2.3000000000000003,Medium,0.49860403,0.042381257,0.4590147,0.49860403
54.18,-3.22,High,0.8143096,0.8143096,0.016207261,0.16948314
54.18,-3.2,High,0.92971927,0.92971927,0.0010553113,0.06922543
54.18,-3.18,High,0.73253095,0.73253095,0.10215173,0.16531737
54.18,-3.16,High,0.9882365,0.9882365,0.00040125236,0.011362193
54.18,-3.14,High,0.9912176,0.9912176,0.00029786804,0.008484553
54.18,-3.12,High,0.9958169,0.9958169,0.0008101517,0.0033729952
54.18,-3.1,High,0.997607,0.997607,0.00024232868,0.0021507186
54.18,-3.08,High,0.9475824,0.9475824,0.003317436,0.049100164
54.18,-3.06,High,0.8975011,0.8975011,0.002684309,0.09981459
54.18,-3.0,Medium,0.6227528,0.05640077,0.3208464,0.6227528
54.18,-2.98,High,0.99301094,0.99301094,0.0005240495,0.006465011
54.18,-2.96,High,0.9728503,0.9728503,0.000606018,0.026543707
54.18,-2.94,High,0.9949463,0.9949463,0.00024198287,0.0048117866
54.18,-2.92,High,0.9978027,0.9978027,0.00026919763,0.0019281679
54.18,-2.84,High,0.678331,0.678331,0.055786975,0.26588196
54.18,-2.82,High,0.8291183,0.8291183,0.0075535723,0.16332808
54.18,-2.8000000000000003,High,0.7091063,0.7091063,0.016794255,0.27409947
54.18,-2.7800000000000002,Medium,0.52285826,0.30820763,0.16893412,0.52285826
54.18,-2.7600000000000002,High,0.9494941,0.9494941,0.0012249511,0.04928093
54.18,-2.74,High,0.96470135,0.96470135,0.00066723913,0.03463145
54.18,-2.72,High,0.99729,0.99729,0.0003267824,0.0023832459
54.18,-2.7,High,0.86394286,0.86394286,0.0045407475,0.13151643
54.18,-2.66,Medium,0.5408687,0.047335707,0.41179556,0.5408687
54.18,-2.64,Medium,0.7718919,0.10839353,0.119714595,0.7718919
54.18,-2.62,High,0.7181073,0.7181073,0.0070902794,0.27480245
54.18,-2.6,High,0.6775493,0.6775493,0.005849067,0.3166016
54.18,-2.58,Medium,0.59388167,0.33766693,0.06845137,0.59388167
54.18,-2.56,High,0.85394585,0.85394585,0.0052501387,0.14080398
54.18,-2.54,High,0.7319872,0.7319872,0.021494364,0.2465185
54.18,-2.52,Medium,0.55119574,0.16726321,0.28154105,0.55119574
54.18,-2.5,Low,0.67818946,0.006415762,0.67818946,0.3153948
54.18,-2.46,Low,0.6622395,0.02405693,0.6622395,0.3137036
54.18,-2.44,Low,0.5018079,0.06956831,0.5018079,0.42862374
54.18,-2.42,Low,0.6458748,0.03764747,0.6458748,0.3164777
54.18,-2.4,Low,0.49085587,0.026916683,0.49085587,0.48222747
54.18,-2.32,Medium,0.47103798,0.22397664,0.30498534,0.47103798
54.2,-3.34,Medium,0.61403966,0.15417273,0.23178759,0.61403966
54.2,-3.3200000000000003,Medium,0.618393,0.25366774,0.12793927,0.618393
54.2,-3.3000000000000003,High,0.9872843,0.9872843,0.0010482449,0.011667505
54.2,-3.2800000000000002,High,0.9380201,0.9380201,0.002588007,0.05939182
54.2,-3.2600000000000002,High,0.9308439,0.9308439,0.0017848313,0.067371264
54.2,-3.24,Low,0.46446022,0.09323899,0.46446022,0.44230077
54.2,-3.2,High,0.9959097,0.9959097,0.00024723346,0.0038430868
54.2,-3.18,Low,0.546945,0.23820664,0.546945,0.21484838
54.2,-3.16,High,0.4712652,0.4712652,0.14180216,0.3869327
54.2,-3.14,Medium,0.4835501,0.118226424,0.39822352,0.4835501
54.2,-3.12,High,0.80208033,0.80208033,0.0029451866,0.19497448
54.2,-3.1,High,0.98638445,0.98638445,0.00053284725,0.013082732
54.2,-3.08,High,0.9938658,0.9938658,0.00042900597,0.005705234
54.2,-3.06,High,0.9952674,0.9952674,0.000518581,0.004214046
54.2,-3.02,Medium,0.51965463,0.02221437,0.458131,0.51965463
54.2,-3.0,Medium,0.5882997,0.17113066,0.2405697,0.5882997
54.2,-2.98,Medium,0.5089852,0.4306962,0.06031855,0.5089852
54.2,-2.96,High,0.9945476,0.9945476,0.00020511329,0.0052473187
54.2,-2.94,High,0.9957742,0.9957742,0.00019691749,0.0040288894
54.2,-2.92,High,0.9858218,0.9858218,0.00071489956,0.013463269
54.2,-2.9,High,0.9966182,0.9966182,0.00044852946,0.0029333232
54.2,-2.88,High,0.47801524,0.47801524,0.06864346,0.4533413
54.2,-2.86,Medium,0.6141654,0.098360755,0.28747383,0.6141654
54.2,-2.84,High,0.998139,0.998139,0.0001794241,0.0016815491
54.2,-2.82,High,0.9785593,0.9785593,0.00075456157,0.02068614
54.2,-2.8000000000000003,High,0.571349,0.571349,0.07186851,0.3567825
54.2,-2.7800000000000002,High,0.83044755,0.83044755,0.011372813,0.15817969
54.2,-2.7600000000000002,High,0.82339257,0.82339257,0.0035375848,0.17306988
54.2,-2.74,High,0.9918469,0.9918469,0.00032909654,0.007823985
54.2,-2.72,High,0.92749774,0.92749774,0.001229138,0.07127313
54.2,-2.68,Medium,0.5594193,0.1856663,0.25491443,0.5594193
54.2,-2.66,High,0.7665061,0.7665061,0.012480493,0.2210134
54.2,-2.64,High,0.4210244,0.4210244,0.19824353,0.3807321
54.2,-2.62,High,0.9820494,0.9820494,0.00041013892,0.017540429
54.2,-2.6,High,0.9971726,0.9971726,0.0002143853,0.0026129957
54.2,-2.58,High,0.90372884,0.90372884,0.0030794279,0.09319173
54.2,-2.56,Medium,0.6586993,0.10323127,0.23806946,0.6586993
54.2,-2.4,Low,0.4955951,0.05598945,0.4955951,0.4484155
54.2,-2.36,Low,0.5419599,0.03201478,0.5419599,0.4260254
54.2,-2.34,Low,0.74157524,0.010820068,0.74157524,0.24760464
54.2,-2.32,Low,0.68883294,0.02138492,0.68883294,0.2897822
54.22,-3.36,Medium,0.6262071,0.058595315,0.31519753,0.6262071
54.22,-3.34,High,0.98165095,0.98165095,0.0014154004,0.016933655
54.22,-3.3200000000000003,High,0.9632408,0.9632408,0.00063907064,0.036120124
54.22,-3.3000000000000003,Medium,0.67534655,0.21843578,0.10621762,0.67534655
54.22,-3.2800000000000002,High,0.90827644,0.90827644,0.0015611337,0.09016238
54.22,-3.2600000000000002,High,0.9650918,0.9650918,0.0012152942,0.03369293
54.22,-3.2,Medium,0.48392558,0.33010772,0.18596675,0.48392558
54.22,-3.18,High,0.927406,0.927406,0.002566718,0.07002728
54.22,-3.14,High,0.5834513,0.5834513,0.21329318,0.2032556
54.22,-3.12,Medium,0.61263645,0.29313454,0.09422896,0.61263645
54.22,-3.1,High,0.77140737,0.77140737,0.032001745,0.1965909
54.22,-3.08,High,0.8564304,0.8564304,0.013235576,0.13033408
54.22,-3.06,High,0.7653473,0.7653473,0.020785678,0.21386705
54.22,-3.04,Medium,0.4741222,0.45957485,0.066303,0.4741222
54.22,-3.02,Medium,0.5248072,0.31892815,0.15626462,0.5248072
54.22,-3.0,Medium,0.48143986,0.42859045,0.08996975,0.48143986
54.22,-2.98,Medium,0.5109357,0.14151806,0.34754622,0.5109357
54.22,-2.96,High,0.8961872,0.8961872,0.0037069998,0.100105755
54.22,-2.94,High,0.826457,0.826457,0.0067122164,0.1668308
54.22,-2.92,High,0.838187,0.838187,0.019037934,0.14277504
54.22,-2.9,High,0.990738,0.990738,0.0010791102,0.008182877
54.22,-2.88,Medium,0.5771474,0.39425898,0.028593615,0.5771474
54.22,-2.86,High,0.5224339,0.5224339,0.029952694,0.44761345
54.22,-2.84,High,0.5986848,0.5986848,0.17384157,0.22747369
54.22,-2.8000000000000003,High,0.9848927,0.9848927,0.00040667466,0.014700659
54.22,-2.7800000000000002,High,0.99214375,0.99214375,0.00043541228,0.0074208165
54.22,-2.7600000000000002,High,0.96537125,0.96537125,0.0017446614,0.03288409
54.22,-2.74,Medium,0.53587085,0.30874017,0.15538901,0.53587085
54.22,-2.72,Medium,0.56481105,0.3118696,0.123319365,0.56481105
54.22,-2.68,High,0.66010666,0.66010666,0.017636672,0.3222567
54.22,-2.66,High,0.4825384,0.4825384,0.07519614,0.44226548
54.22,-2.64,Medium,0.71535707,0.20591499,0.07872797,0.71535707
54.22,-2.62,Medium,0.49312404,0.3945986,0.112277284,0.49312404
54.22,-2.6,High,0.8920077,0.8920077,0.004574432,0.10341787
54.22,-2.58,High,0.8860157,0.8860157,0.009314069,0.1046702
54.22,-2.56,Medium,0.5969992,0.28561574,0.11738505,0.5969992
54.22,-2.44,Low,0.83860946,0.0021601215,0.83860946,0.15923037
54.22,-2.38,Medium,0.62382346,0.042896718,0.33327988,0.62382346
54.22,-2.34,Medium,0.51567084,0.21614626,0.2681829,0.51567084
54.22,-2.24,Low,0.86548084,0.013202444,0.86548084,0.121316686
54.24,-3.38,Low,0.68071604,0.0237642,0.68071604,0.2955198
54.24,-3.36,High,0.8679854,0.8679854,0.011511929,0.12050267
54.24,-3.34,High,0.63233393,0.63233393,0.04024208,0.32742396
54.24,-3.3200000000000003,Medium,0.55337197,0.15007539,0.29655266,0.55337197
54.24,-3.3000000000000003,Low,0.6592975,0.012351239,0.6592975,0.32835126
54.24,-3.2800000000000002,High,0.541327,0.541327,0.054337315,0.40433565
54.24,-3.2600000000000002,High,0.9883139,0.9883139,0.0007444332,0.010941662
54.24,-3.24,Medium,0.48219553,0.39922708,0.11857737,0.48219553
54.24,-3.2,High,0.7722436,0.7722436,0.07879525,0.14896117
54.24,-3.18,High,0.970214,0.970214,0.00054577057,0.029240264
54.24,-3.16,High,0.6660702,0.6660702,0.02923403,0.30469576
54.24,-3.14,High,0.917644,0.917644,0.0034760167,0.078879915
54.24,-3.12,High,0.53133714,0.53133714,0.05048268,0.41818017
54.24,-3.1,High,0.6722911,0.6722911,0.025164166,0.30254474
54.24,-3.08,High,0.7371668,0.7371668,0.046338595,0.21649458
54.24,-3.06,High,0.992611,0.992611,0.00037911645,0.0070099537
54.24,-3.04,Medium,0.58937716,0.26175076,0.14887209,0.58937716
54.24,-3.02,High,0.969943,0.969943,0.00135669,0.028700387
54.24,-3.0,High,0.9665295,0.9665295,0.0004351492,0.03303537
54.24,-2.98,High,0.7328883,0.7328883,0.01638219,0.2507295
54.24,-2.96,Medium,0.53659284,0.36682186,0.096585326,0.53659284
54.24,-2.94,High,0.9000831,0.9000831,0.0029600828,0.09695681
54.24,-2.92,High,0.97722036,0.97722036,0.0004613894,0.022318283
54.24,-2.88,High,0.56872374,0.56872374,0.039820544,0.3914557
54.24,-2.86,High,0.9054693,0.9054693,0.0049393848,0.08959127
54.24,-2.84,Low,0.50365674,0.04416969,0.50365674,0.45217353
54.24,-2.82,Low,0.62731177,0.021029102,0.62731177,0.35165915
54.24,-2.8000000000000003,Low,0.589188,0.033252053,0.589188,0.37755993
54.24,-2.7800000000000002,High,0.9907761,0.9907761,0.00051702966,0.008706814
54.24,-2.7600000000000002,High,0.7575512,0.7575512,0.021886628,0.22056225
54.24,-2.74,Medium,0.52379763,0.26135436,0.21484794,0.52379763
54.24,-2.72,High,0.88025886,0.88025886,0.0055551254,0.11418601
54.24,-2.7,High,0.63090307,0.63090307,0.036826435,0.33227056
54.24,-2.68,Medium,0.6452582,0.08131291,0.27342895,0.6452582
54.24,-2.64,Medium,0.49508294,0.052951105,0.45196602,0.49508294
54.24,-2.62,Medium,0.5631134,0.2835551,0.15333153,0.5631134
54.24,-2.6,Medium,0.44015798,0.42753413,0.13230787,0.44015798
54.24,-2.58,High,0.8220643,0.8220643,0.011112726,0.16682301
54.24,-2.56,High,0.7585336,0.7585336,0.0076003536,0.23386608
54.26,-3.4,Low,0.5242366,0.054147396,0.5242366,0.421616
54.26,-3.36,Medium,0.53832006,0.33928278,0.12239715,0.53832006
54.26,-3.3000000000000003,Medium,0.45800075,0.44038972,0.10160948,0.45800075
54.26,-3.2800000000000002,Medium,0.48082432,0.050477933,0.4686978,0.48082432
54.26,-3.2600000000000002,High,0.95824623,0.95824623,0.0027270115,0.039026745
54.26,-3.24,High,0.6874044,0.6874044,0.05219701,0.2603986
54.26,-3.22,High,0.8780906,0.8780906,0.0043504406,0.11755893
54.26,-3.2,High,0.83733785,0.83733785,0.0036723474,0.15898982
54.26,-3.18,High,0.71462834,0.71462834,0.01369877,0.27167287
54.26,-3.16,High,0.7493929,0.7493929,0.0118048275,0.23880222
54.26,-3.14,Medium,0.74042016,0.16109425,0.09848559,0.74042016
54.26,-3.12,High,0.8044107,0.8044107,0.005437034,0.19015227
54.26,-3.1,High,0.7727246,0.7727246,0.004879833,0.22239552
54.26,-3.08,High,0.9923097,0.9923097,0.00046663202,0.007223731
54.26,-3.06,High,0.9246552,0.9246552,0.002576944,0.07276785
54.26,-3.04,High,0.9656313,0.9656313,0.0012165019,0.03315223
54.26,-3.02,High,0.8368697,0.8368697,0.011591946,0.15153828
54.26,-3.0,High,0.92143863,0.92143863,0.0023820144,0.07617937
54.26,-2.98,High,0.9594099,0.9594099,0.0017747493,0.03881535
54.26,-2.96,High,0.98247004,0.98247004,0.00037005078,0.017159935
54.26,-2.94,Medium,0.48554024,0.33678693,0.17767288,0.48554024
54.26,-2.92,Medium,0.4731862,0.26520497,0.26160887,0.4731862
54.26,-2.9,Medium,0.536628,0.28232336,0.1810486,0.536628
54.26,-2.88,Medium,0.51399845,0.35720253,0.12879899,0.51399845
54.26,-2.86,Medium,0.5733189,0.26243418,0.16424695,0.5733189
54.26,-2.84,Medium,0.53192645,0.37089455,0.09717903,0.53192645
54.26,-2.82,Medium,0.42642036,0.2181276,0.35545203,0.42642036
54.26,-2.8000000000000003,High,0.62678605,0.62678605,0.02546309,0.3477509
54.26,-2.7800000000000002,High,0.9331819,0.9331819,0.004178788,0.0626393
54.26,-2.7600000000000002,High,0.625246,0.625246,0.05624939,0.31850457
54.26,-2.74,High,0.9009694,0.9009694,0.0047570616,0.09427351
54.26,-2.72,High,0.7108702,0.7108702,0.004802677,0.28432712
54.26,-2.7,High,0.9957339,0.9957339,0.00038812798,0.0038779702
54.26,-2.68,Medium,0.4469059,0.3816037,0.17149036,0.4469059
54.26,-2.66,Medium,0.4858897,0.41433942,0.099770926,0.4858897
54.26,-2.64,Low,0.6534493,0.028033186,0.6534493,0.3185175
54.26,-2.6,Medium,0.46949446,0.22977576,0.30072978,0.46949446
54.26,-2.58,Medium,0.5502268,0.26261002,0.18716314,0.5502268
54.26,-2.56,Medium,0.59460014,0.074469335,0.33093056,0.59460014
54.26,-2.44,Medium,0.5361061,0.17659023,0.28730366,0.5361061
54.26,-2.42,Low,0.47021705,0.10484364,0.47021705,0.42493927
54.26,-2.4,Low,0.6560868,0.075437516,0.6560868,0.26847562
54.26,-2.36,Low,0.6524028,0.013385507,0.6524028,0.33421168
54.26,-2.34,Low,0.48867235,0.049367923,0.48867235,0.46195972
54.28,-3.42,Low,0.7728961,0.01883373,0.7728961,0.20827012
54.28,-3.4,Medium,0.48394176,0.14642297,0.36963522,0.48394176
54.28,-3.38,High,0.90171725,0.90171725,0.0030144448,0.09526826
54.28,-3.36,Medium,0.5466979,0.21114856,0.24215351,0.5466979
54.28,-3.2800000000000002,Low,0.83561397,0.0070161466,0.83561397,0.15736988
54.28,-3.2600000000000002,Low,0.5958425,0.055392697,0.5958425,0.34876478
54.28,-3.24,High,0.8701248,0.8701248,0.0015103769,0.12836477
54.28,-3.22,High,0.9927165,0.9927165,0.00055802526,0.0067255516
54.28,-3.2,Medium,0.56384665,0.31375208,0.12240123,0.56384665
54.28,-3.16,Medium,0.51434076,0.3645647,0.1210945,0.51434076
54.28,-3.12,High,0.5663882,0.5663882,0.051274836,0.382337
54.28,-3.1,High,0.8366859,0.8366859,0.0058055166,0.15750857
54.28,-3.08,Medium,0.49701056,0.42143345,0.08155604,0.49701056
54.28,-3.06,Medium,0.5380807,0.37252325,0.08939604,0.5380807
54.28,-3.04,Medium,0.5026334,0.43261117,0.06475541,0.5026334
54.28,-3.02,Medium,0.6319874,0.16551568,0.20249696,0.6319874
54.28,-2.98,High,0.8134858,0.8134858,0.0105511695,0.175963
54.28,-2.96,High,0.9905184,0.9905184,0.00031601748,0.009165578
54.28,-2.94,High,0.54117477,0.54117477,0.06994328,0.38888192
54.28,-2.9,Medium,0.46028617,0.43884152,0.10087232,0.46028617
54.28,-2.88,Low,0.64452416,0.018889468,0.64452416,0.33658642
54.28,-2.84,Medium,0.49384087,0.40656397,0.09959518,0.49384087
54.28,-2.82,Low,0.7223142,0.023881972,0.7223142,0.25380388
54.28,-2.8000000000000003,Medium,0.6162726,0.22685838,0.15686901,0.6162726
54.28,-2.7800000000000002,High,0.76602834,0.76602834,0.010275481,0.22369614
54.28,-2.7600000000000002,High,0.4669311,0.4669311,0.09253336,0.44053558
54.28,-2.74,High,0.9087324,0.9087324,0.0027253923,0.08854216
54.28,-2.72,High,0.7697457,0.7697457,0.018161321,0.21209298
54.28,-2.68,Medium,0.44490835,0.4358468,0.11924483,0.44490835
54.28,-2.66,Medium,0.5132775,0.23119114,0.2555314,0.5132775
54.28,-2.6,Low,0.6176006,0.018115371,0.6176006,0.364284
54.28,-2.58,Medium,0.5437137,0.34097826,0.1153081,0.5437137
54.28,-2.48,Medium,0.49356493,0.33705184,0.16938323,0.49356493
54.28,-2.46,High,0.8648897,0.8648897,0.0032568981,0.13185343
54.28,-2.44,High,0.46569112,0.46569112,0.11240233,0.4219065
54.28,-2.42,Medium,0.5543579,0.17759134,0.26805076,0.5543579
54.28,-2.4,Low,0.5228631,0.094119504,0.5228631,0.3830174
54.28,-2.38,Medium,0.5199672,0.2706716,0.20936123,0.5199672
54.28,-2.36,Medium,0.54136866,0.108969584,0.34966177,0.54136866
54.300000000000004,-3.42,Medium,0.4858775,0.36128753,0.15283492,0.4858775
54.300000000000004,-3.4,High,0.9153002,0.9153002,0.003564964,0.081134826
54.300000000000004,-3.38,Medium,0.4448155,0.4148191,0.14036544,0.4448155
54.300000000000004,-3.36,Medium,0.5646232,0.17520952,0.2601673,0.5646232
54.300000000000004,-3.24,Medium,0.4989093,0.3437067,0.15738402,0.4989093
54.300000000000004,-3.22,High,0.6164929,0.6164929,0.056994062,0.326513
54.300000000000004,-3.2,High,0.5862293,0.5862293,0.050961245,0.36280942
54.300000000000004,-3.18,Medium,0.46424484,0.22358747,0.3121677,0.46424484
54.300000000000004,-3.16,Medium,0.54903084,0.3262319,0.124737285,0.54903084
54.300000000000004,-3.14,Low,0.53421116,0.038301118,0.53421116,0.42748776
54.300000000000004,-3.12,Medium,0.6439293,0.09388079,0.2621899,0.6439293
54.300000000000004,-3.1,High,0.75742066,0.75742066,0.013781919,0.22879742
54.300000000000004,-3.08,Medium,0.43299744,0.39179415,0.17520843,0.43299744
54.300000000000004,-3.04,Medium,0.5815108,0.1735844,0.24490477,0.5815108
54.300000000000004,-3.02,High,0.8222323,0.8222323,0.026977628,0.1507901
54.300000000000004,-3.0,High,0.51095235,0.51095235,0.03422933,0.45481834
54.300000000000004,-2.96,Medium,0.46676946,0.42269433,0.11053619,0.46676946
54.300000000000004,-2.94,High,0.7557426,0.7557426,0.016586231,0.22767113
54.300000000000004,-2.92,Medium,0.6284686,0.0771628,0.2943686,0.6284686
54.300000000000004,-2.9,High,0.7016107,0.7016107,0.025680644,0.27270868
54.300000000000004,-2.88,Medium,0.5854844,0.14441167,0.270104,0.5854844
54.300000000000004,-2.86,High,0.62375206,0.62375206,0.06599869,0.31024924
54.300000000000004,-2.84,High,0.5878706,0.5878706,0.064157955,0.3479715
54.300000000000004,-2.8000000000000003,High,0.8541993,0.8541993,0.009295376,0.13650537
54.300000000000004,-2.7800000000000002,Medium,0.5225307,0.41575184,0.06171748,0.5225307
54.300000000000004,-2.7600000000000002,Medium,0.4731136,0.36002925,0.16685715,0.4731136
54.300000000000004,-2.74,High,0.9908434,0.9908434,0.00026744147,0.008889112
54.300000000000004,-2.72,High,0.996664,0.996664,0.00022343073,0.0031125452
54.300000000000004,-2.7,Medium,0.6114679,0.14335428,0.24517779,0.6114679
54.300000000000004,-2.68,High,0.6602765,0.6602765,0.034215987,0.30550757
54.300000000000004,-2.66,Medium,0.47348922,0.42783678,0.098673984,0.47348922
54.300000000000004,-2.64,Medium,0.61221117,0.06353807,0.32425076,0.61221117
54.300000000000004,-2.62,Low,0.7474335,0.0054543996,0.7474335,0.24711214
54.300000000000004,-2.6,Medium,0.52150154,0.08667664,0.39182186,0.52150154
54.300000000000004,-2.58,Medium,0.57377285,0.23695761,0.18926954,0.57377285
54.300000000000004,-2.56,High,0.5527771,0.5527771,0.18457669,0.26264617
54.300000000000004,-2.52,High,0.61116254,0.61116254,0.043680783,0.3451567
54.300000000000004,-2.5,Medium,0.5114539,0.30593166,0.18261443,0.5114539
54.300000000000004,-2.48,Low,0.4966327,0.019458486,0.4966327,0.48390877
54.300000000000004,-2.44,Low,0.6660453,0.006491184,0.6660453,0.32746357
54.300000000000004,-2.42,Low,0.52510554,0.04234444,0.52510554,0.43254998
54.300000000000004,-2.4,Low,0.6592432,0.018311443,0.6592432,0.32244527
54.300000000000004,-2.38,High,0.56965417,0.56965417,0.058486853,0.37185895
54.300000000000004,-2.36,Low,0.50196034,0.0697589,0.50196034,0.42828077
54.32,-3.4,Medium,0.4360288,0.36186147,0.20210968,0.4360288
54.32,-3.38,High,0.7271037,0.7271037,0.024863161,0.24803309
54.32,-3.36,Low,0.67568785,0.023456983,0.67568785,0.30085516
54.32,-3.2600000000000002,Medium,0.4703707,0.15509468,0.37453464,0.4703707
54.32,-3.24,Medium,0.5382524,0.15565068,0.3060969,0.5382524
54.32,-3.2,Low,0.5359737,0.021464074,0.5359737,0.44256216
54.32,-3.18,Low,0.7412587,0.017441522,0.7412587,0.2412998
54.32,-3.16,Low,0.6266757,0.03795592,0.6266757,0.33536837
54.32,-3.14,Medium,0.47521907,0.43672383,0.08805708,0.47521907
54.32,-3.12,Low,0.525849,0.038844407,0.525849,0.43530658
54.32,-3.1,High,0.6662619,0.6662619,0.02703408,0.306704
54.32,-3.02,High,0.9085728,0.9085728,0.004100319,0.0873269
54.32,-3.0,Medium,0.6186268,0.15815167,0.22322159,0.6186268
54.32,-2.98,High,0.642214,0.642214,0.03075524,0.32703072
54.32,-2.96,Medium,0.4648138,0.39370766,0.1414786,0.4648138
54.32,-2.94,High,0.96677244,0.96677244,0.001060331,0.032167207
54.32,-2.92,Low,0.5466536,0.058761444,0.5466536,0.39458492
54.32,-2.9,High,0.50226814,0.50226814,0.06738537,0.4303465
54.32,-2.88,High,0.8295688,0.8295688,0.0062804446,0.16415074
54.32,-2.86,High,0.90920126,0.90920126,0.0038118109,0.08698696
54.32,-2.84,Medium,0.61893195,0.24037132,0.14069672,0.61893195
54.32,-2.82,High,0.8482618,0.8482618,0.007074324,0.14466394
54.32,-2.8000000000000003,Medium,0.45716372,0.37774223,0.16509408,0.45716372
54.32,-2.7800000000000002,Medium,0.52488464,0.066945724,0.40816966,0.52488464
54.32,-2.7600000000000002,High,0.9894945,0.9894945,0.0003301635,0.010175296
54.32,-2.74,High,0.98806316,0.98806316,0.0007683593,0.011168484
54.32,-2.72,High,0.9977423,0.9977423,0.00027939546,0.0019783245
54.32,-2.7,High,0.6649925,0.6649925,0.010548862,0.32445863
54.32,-2.68,Medium,0.5452152,0.18260892,0.27217594,0.5452152
54.32,-2.66,Medium,0.55806017,0.1403142,0.30162558,0.55806017
54.32,-2.64,Medium,0.52061737,0.23969795,0.23968466,0.52061737
54.32,-2.62,Low,0.62537205,0.012908559,0.62537205,0.36171937
54.32,-2.6,Low,0.8206206,0.0020760405,0.8206206,0.17730334
54.32,-2.58,Medium,0.5600109,0.18006912,0.25992,0.5600109
54.32,-2.56,High,0.70411545,0.70411545,0.029133389,0.2667512
54.32,-2.54,High,0.925004,0.925004,0.0016769884,0.07331894
54.32,-2.52,High,0.99713695,0.99713695,0.00019213717,0.0026709705
54.32,-2.5,High,0.708589,0.708589,0.022674467,0.26873654
54.32,-2.48,Medium,0.46964234,0.30251268,0.227845,0.46964234
54.32,-2.46,Low,0.6038991,0.023109682,0.6038991,0.3729912
54.32,-2.44,Low,0.5327697,0.03377498,0.5327697,0.43345532
54.32,-2.42,Low,0.7544439,0.0070174946,0.7544439,0.23853862
54.32,-2.36,Low,0.6339759,0.024472177,0.6339759,0.3415519
54.32,-2.34,Medium,0.5162419,0.10871304,0.37504503,0.5162419
54.32,-2.32,Medium,0.5794892,0.25540853,0.16510224,0.5794892
54.34,-3.4,Medium,0.6546628,0.18585287,0.15948439,0.6546628
54.34,-3.38,High,0.5398681,0.5398681,0.04880682,0.41132513
54.34,-3.36,High,0.6196089,0.6196089,0.041092277,0.3392988
54.34,-3.24,Medium,0.54390454,0.09152318,0.36457223,0.54390454
54.34,-3.22,Medium,0.5070076,0.31539965,0.17759274,0.5070076
54.34,-3.14,Low,0.662952,0.014349478,0.662952,0.32269853
54.34,-3.12,Medium,0.5648557,0.11760633,0.31753796,0.5648557
54.34,-3.1,High,0.9568919,0.9568919,0.0010828377,0.042025276
54.34,-3.08,High,0.70309025,0.70309025,0.07272221,0.22418751
54.34,-3.06,High,0.6691394,0.6691394,0.07204653,0.2588141
54.34,-3.04,Medium,0.5235405,0.18620457,0.29025495,0.5235405
54.34,-3.02,High,0.54929024,0.54929024,0.06064511,0.39006463
54.34,-3.0,Medium,0.6294697,0.26664165,0.10388873,0.6294697
54.34,-2.98,High,0.60437745,0.60437745,0.041924234,0.3536983
54.34,-2.96,High,0.5689132,0.5689132,0.024912758,0.40617403
54.34,-2.94,High,0.9573477,0.9573477,0.0015252774,0.04112707
54.34,-2.92,High,0.9546019,0.9546019,0.0010868494,0.044311244
54.34,-2.9,High,0.82191837,0.82191837,0.007345651,0.17073601
54.34,-2.88,High,0.58671206,0.58671206,0.0376491,0.37563887
54.34,-2.86,Medium,0.4937411,0.35774654,0.1485123,0.4937411
54.34,-2.84,High,0.5069281,0.5069281,0.02128218,0.47178975
54.34,-2.82,High,0.6702132,0.6702132,0.013395913,0.3163908
54.34,-2.8000000000000003,High,0.51409537,0.51409537,0.060680985,0.42522365
54.34,-2.7800000000000002,High,0.58040905,0.58040905,0.043047458,0.3765435
54.34,-2.7600000000000002,High,0.9960842,0.9960842,0.00020176312,0.0037139799
54.34,-2.74,High,0.9904066,0.9904066,0.000596202,0.008997236
54.34,-2.72,High,0.91198343,0.91198343,0.001797673,0.08621889
54.34,-2.7,Low,0.64604354,0.04199083,0.64604354,0.31196564
54.34,-2.68,Medium,0.6079908,0.07519396,0.3168153,0.6079908
54.34,-2.66,Medium,0.5334254,0.22634898,0.2402256,0.5334254
54.34,-2.64,Medium,0.48820376,0.039640628,0.4721556,0.48820376
54.34,-2.62,Medium,0.53753024,0.06950777,0.39296198,0.53753024
54.34,-2.58,Medium,0.5965165,0.07220376,0.33127978,0.5965165
54.34,-2.56,High,0.6690196,0.6690196,0.075879,0.2551014
54.34,-2.5,Medium,0.66162,0.080572054,0.25780797,0.66162
54.34,-2.48,Medium,0.48547006,0.3616064,0.15292361,0.48547006
54.34,-2.32,Medium,0.5054227,0.41976988,0.07480744,0.5054227
54.34,-2.3000000000000003,Low,0.74983877,0.009707725,0.74983877,0.2404535
54.36,-3.42,High,0.707855,0.707855,0.02534498,0.26680005
54.36,-3.4,High,0.78342456,0.78342456,0.0058907093,0.21068475
54.36,-3.38,High,0.51491207,0.51491207,0.03971832,0.44536963
54.36,-3.36,Medium,0.5666791,0.19007985,0.24324103,0.5666791
54.36,-3.34,Medium,0.56005,0.23925912,0.20069088,0.56005
54.36,-3.2800000000000002,Low,0.63931024,0.013969822,0.63931024,0.34671995
54.36,-3.2,Medium,0.47964454,0.048883,0.4714724,0.47964454
54.36,-3.18,Low,0.49228725,0.09408196,0.49228725,0.41363078
54.36,-3.08,High,0.9773506,0.9773506,0.0019150774,0.020734357
54.36,-3.06,High,0.8440518,0.8440518,0.035373457,0.1205747
54.36,-3.04,Low,0.53660995,0.030696835,0.53660995,0.43269324
54.36,-3.02,Medium,0.5086433,0.23329456,0.2580621,0.5086433
54.36,-3.0,High,0.9963039,0.9963039,0.00034600153,0.0033500553
54.36,-2.98,High,0.95574397,0.95574397,0.000929924,0.043326106
54.36,-2.96,High,0.55990434,0.55990434,0.042840526,0.39725515
54.36,-2.94,High,0.49156806,0.49156806,0.035356514,0.4730754
54.36,-2.92,High,0.98844403,0.98844403,0.00062114006,0.010934803
54.36,-2.9,High,0.9940882,0.9940882,0.00033175162,0.0055801244
54.36,-2.88,High,0.6458029,0.6458029,0.066028796,0.28816828
54.36,-2.86,Medium,0.49731135,0.076396875,0.42629173,0.49731135
54.36,-2.84,Medium,0.59279335,0.31829396,0.08891268,0.59279335
54.36,-2.82,High,0.6314834,0.6314834,0.037968036,0.3305486
54.36,-2.8000000000000003,High,0.5726627,0.5726627,0.053420607,0.37391666
54.36,-2.7800000000000002,High,0.89768475,0.89768475,0.0022981744,0.10001709
54.36,-2.7600000000000002,High,0.99381715,0.99381715,0.00025189377,0.005930975
54.36,-2.74,High,0.5329682,0.5329682,0.06795056,0.39908123
54.36,-2.72,High,0.81383276,0.81383276,0.0046325396,0.18153468
54.36,-2.7,High,0.5475754,0.5475754,0.042803183,0.40962142
54.36,-2.68,High,0.5709163,0.5709163,0.034235105,0.39484861
54.36,-2.66,High,0.79648167,0.79648167,0.017045025,0.18647332
54.36,-2.64,High,0.57885534,0.57885534,0.031588487,0.38955614
54.36,-2.62,High,0.64157164,0.64157164,0.058215283,0.30021313
54.36,-2.6,High,0.59003973,0.59003973,0.035778027,0.37418225
54.36,-2.58,Medium,0.49369577,0.26068625,0.24561803,0.49369577
54.36,-2.56,Medium,0.40897632,0.39739504,0.19362864,0.40897632
54.36,-2.48,Low,0.8225108,0.009484992,0.8225108,0.16800421
54.36,-2.46,Low,0.527249,0.043944456,0.527249,0.42880657
54.38,-3.46,High,0.7901657,0.7901657,0.021454936,0.18837935
54.38,-3.44,High,0.9565831,0.9565831,0.0028286169,0.0405883
54.38,-3.42,High,0.9350731,0.9350731,0.0022002014,0.06272674
54.38,-3.4,High,0.939548,0.939548,0.0010397001,0.05941231
54.38,-3.38,High,0.7315599,0.7315599,0.07604683,0.19239332
54.38,-3.36,Medium,0.60567147,0.18873797,0.20559056,0.60567147
54.38,-3.34,High,0.5607745,0.5607745,0.05801227,0.38121322
54.38,-3.3200000000000003,High,0.76322854,0.76322854,0.01554817,0.22122335
54.38,-3.18,Low,0.6401277,0.04897953,0.6401277,0.31089276
54.38,-3.1,Medium,0.80338025,0.09425689,0.102362886,0.80338025
54.38,-3.08,High,0.5681673,0.5681673,0.06282123,0.3690114
54.38,-3.06,High,0.88707614,0.88707614,0.012008945,0.10091489
54.38,-3.04,Medium,0.559174,0.101200074,0.3396259,0.559174
54.38,-3.02,High,0.93480414,0.93480414,0.003629629,0.061566204
54.38,-3.0,High,0.9963768,0.9963768,0.00024248107,0.0033806579
54.38,-2.98,Medium,0.76776654,0.14044952,0.09178398,0.76776654
54.38,-2.96,Medium,0.51023954,0.19570014,0.29406035,0.51023954
54.38,-2.94,Medium,0.614506,0.11380309,0.27169088,0.614506
54.38,-2.92,High,0.9976464,0.9976464,0.0002334043,0.0021201894
54.38,-2.9,High,0.96167916,0.96167916,0.0014208094,0.036900066
54.38,-2.88,High,0.50109416,0.50109416,0.1221935,0.37671238
54.38,-2.86,High,0.7896945,0.7896945,0.005970994,0.2043345
54.38,-2.84,Medium,0.57336336,0.20305862,0.22357796,0.57336336
54.38,-2.82,High,0.99276733,0.99276733,0.00045040782,0.0067822593
54.38,-2.8000000000000003,High,0.5298394,0.5298394,0.07524262,0.39491794
54.38,-2.7800000000000002,Medium,0.49383044,0.41337186,0.092797734,0.49383044
54.38,-2.7600000000000002,Low,0.6483245,0.012440292,0.6483245,0.33923522
54.38,-2.74,Medium,0.48255906,0.39038467,0.12705627,0.48255906
54.38,-2.72,High,0.7225495,0.7225495,0.020657774,0.25679278
54.38,-2.7,High,0.4720262,0.4720262,0.080321155,0.4476526
54.38,-2.68,Medium,0.4363987,0.42346108,0.14014022,0.4363987
54.38,-2.66,Medium,0.5628022,0.14562412,0.2915737,0.5628022
54.38,-2.64,Low,0.4846029,0.041639097,0.4846029,0.47375804
54.38,-2.62,Medium,0.50555015,0.010713773,0.4837361,0.50555015
54.38,-2.58,Low,0.57450193,0.06816087,0.57450193,0.35733715
54.38,-2.56,Low,0.71788675,0.0069341427,0.71788675,0.27517912
54.38,-2.54,Low,0.6444536,0.015883297,0.6444536,0.33966312
54.38,-2.46,Low,0.67023265,0.013251611,0.67023265,0.31651574
54.38,-2.44,Low,0.7401363,0.015318746,0.7401363,0.24454494
54.38,-2.42,Low,0.639596,0.029536862,0.639596,0.33086714
54.38,-2.34,Low,0.5705037,0.05426302,0.5705037,0.3752333
54.4,-3.48,High,0.9635646,0.9635646,0.0014041531,0.03503126
54.4,-3.46,High,0.43227983,0.43227983,0.16201675,0.40570343
54.4,-3.44,High,0.6542643,0.6542643,0.05253878,0.293197
54.4,-3.42,High,0.5133432,0.5133432,0.22339353,0.26326323
54.4,-3.4,High,0.8121867,0.8121867,0.032632012,0.15518126
54.4,-3.38,High,0.78177506,0.78177506,0.009455716,0.20876923
54.4,-3.36,Medium,0.5233838,0.04360501,0.4330112,0.5233838
54.4,-3.34,Medium,0.5273077,0.0814118,0.3912805,0.5273077
54.4,-3.3200000000000003,High,0.47738084,0.47738084,0.08908826,0.4335309
54.4,-3.3000000000000003,Low,0.70976126,0.010046783,0.70976126,0.28019193
54.4,-3.2800000000000002,High,0.6485561,0.6485561,0.04201549,0.30942845
54.4,-3.24,Low,0.8472329,0.0053934837,0.8472329,0.14737365
54.4,-3.16,Low,0.822429,0.007340117,0.822429,0.17023091
54.4,-3.06,Medium,0.5519189,0.19831045,0.2497706,0.5519189
54.4,-3.04,Medium,0.5880848,0.025749644,0.3861655,0.5880848
54.4,-3.02,Medium,0.571008,0.3286686,0.100323394,0.571008
54.4,-3.0,High,0.8401169,0.8401169,0.012905425,0.14697762
54.4,-2.98,High,0.53357637,0.53357637,0.03750959,0.428914
54.4,-2.96,High,0.74269277,0.74269277,0.015856672,0.24145058
54.4,-2.94,High,0.948543,0.948543,0.001108079,0.050348878
54.4,-2.92,High,0.99700326,0.99700326,0.00022167587,0.002775086
54.4,-2.9,High,0.81319374,0.81319374,0.007671162,0.17913516
54.4,-2.88,High,0.47812518,0.47812518,0.10230142,0.41957334
54.4,-2.84,Medium,0.5924299,0.16176634,0.24580382,0.5924299
54.4,-2.82,Medium,0.47513962,0.31546786,0.20939255,0.47513962
54.4,-2.8000000000000003,Medium,0.5374699,0.06141861,0.40111148,0.5374699
54.4,-2.7600000000000002,Low,0.775779,0.004214924,0.775779,0.22000608
54.4,-2.72,High,0.5641125,0.5641125,0.05051206,0.38537544
54.4,-2.7,Medium,0.5065064,0.02285522,0.47063836,0.5065064
54.4,-2.68,Low,0.5345356,0.032299064,0.5345356,0.43316537
54.4,-2.64,Low,0.83366126,0.0036173223,0.83366126,0.16272147
54.4,-2.6,Low,0.54208,0.052383672,0.54208,0.4055363
54.4,-2.58,Medium,0.50324863,0.091941975,0.4048094,0.50324863
54.4,-2.42,Low,0.7184632,0.01616183,0.7184632,0.26537502
54.4,-2.4,Low,0.58545417,0.032629937,0.58545417,0.3819159
54.4,-2.34,Low,0.48944056,0.06693524,0.48944056,0.44362417
54.42,-3.52,High,0.5230424,0.5230424,0.06607457,0.410883
54.42,-3.5,Low,0.52162665,0.07684657,0.52162665,0.40152678
54.42,-3.48,Medium,0.69500935,0.21311262,0.09187804,0.69500935
54.42,-3.46,High,0.7243081,0.7243081,0.017705139,0.25798678
54.42,-3.44,High,0.9876462,0.9876462,0.0004961929,0.011857553
54.42,-3.42,High,0.96118265,0.96118265,0.0003722902,0.03844512
54.42,-3.4,Low,0.50222564,0.043542575,0.50222564,0.45423174
54.42,-3.38,Medium,0.6058601,0.15904728,0.23509263,0.6058601
54.42,-3.36,Medium,0.5956834,0.269993,0.13432355,0.5956834
54.42,-3.34,Low,0.7235786,0.0036704512,0.7235786,0.2727509
54.42,-3.3200000000000003,Low,0.47845218,0.04715223,0.47845218,0.47439563
54.42,-3.08,Low,0.62868375,0.02269069,0.62868375,0.34862557
54.42,-3.06,High,0.5583618,0.5583618,0.0328434,0.40879476
54.42,-3.04,Medium,0.45159298,0.3985493,0.14985774,0.45159298
54.42,-3.02,High,0.9054247,0.9054247,0.0021683343,0.09240692
54.42,-3.0,High,0.753007,0.753007,0.014455712,0.2325373
54.42,-2.98,High,0.9935627,0.9935627,0.00030307422,0.0061342577
54.42,-2.96,High,0.9663704,0.9663704,0.0014100916,0.032219503
54.42,-2.94,High,0.8409711,0.8409711,0.03515683,0.12387207
54.42,-2.92,High,0.573822,0.573822,0.03293502,0.39324299
54.42,-2.9,High,0.67735064,0.67735064,0.013536154,0.30911326
54.42,-2.84,Medium,0.52579296,0.27343443,0.20077258,0.52579296
54.42,-2.7800000000000002,Low,0.4881093,0.04616848,0.4881093,0.4657222
54.42,-2.7600000000000002,Low,0.82072306,0.0070756148,0.82072306,0.17220132
54.42,-2.7,Medium,0.53434336,0.12011917,0.34553745,0.53434336
54.42,-2.6,High,0.7826467,0.7826467,0.017214714,0.20013852
54.42,-2.58,Medium,0.58743066,0.06452162,0.3480477,0.58743066
54.42,-2.48,Medium,0.5484056,0.37629154,0.07530288,0.5484056
54.42,-2.44,High,0.7847999,0.7847999,0.022465793,0.19273435
54.42,-2.42,High,0.8949502,0.8949502,0.005303307,0.099746495
54.42,-2.4,Medium,0.4758807,0.4016206,0.12249868,0.4758807
54.42,-2.34,Medium,0.5903943,0.043178696,0.36642697,0.5903943
54.44,-3.54,High,0.7137359,0.7137359,0.011340401,0.27492368
54.44,-3.52,High,0.9053536,0.9053536,0.0043479456,0.09029849
54.44,-3.5,High,0.6418603,0.6418603,0.021546407,0.33659327
54.44,-3.48,High,0.8072587,0.8072587,0.0069714366,0.18576981
54.44,-3.46,High,0.80532265,0.80532265,0.010573881,0.18410346
54.44,-3.42,Low,0.49830726,0.06782714,0.49830726,0.43386558
54.44,-3.36,Low,0.60904354,0.027433487,0.60904354,0.363523
54.44,-3.34,Low,0.50922406,0.04697822,0.50922406,0.44379768
54.44,-3.12,Low,0.7378482,0.006145358,0.7378482,0.25600642
54.44,-3.1,Low,0.57318455,0.07106723,0.57318455,0.3557482
54.44,-3.08,Medium,0.5552409,0.1780745,0.2666846,0.5552409
54.44,-3.06,High,0.7218573,0.7218573,0.03390662,0.24423605
54.44,-3.04,High,0.98435163,0.98435163,0.0005127956,0.015135588
54.44,-3.02,High,0.64369637,0.64369637,0.046201225,0.31010243
54.44,-2.98,High,0.8915706,0.8915706,0.009637723,0.09879159
54.44,-2.96,High,0.9958769,0.9958769,0.00035328825,0.003769763
54.44,-2.9,Medium,0.50216025,0.1981244,0.29971534,0.50216025
54.44,-2.84,Medium,0.48664978,0.055975102,0.45737517,0.48664978
54.44,-2.82,Low,0.7812612,0.010220867,0.7812612,0.20851788
54.44,-2.8000000000000003,Low,0.63138604,0.056624703,0.63138604,0.31198928
54.44,-2.7,Low,0.6536304,0.012027809,0.6536304,0.3343418
54.44,-2.64,Low,0.5323728,0.04663922,0.5323728,0.42098796
54.44,-2.62,Medium,0.7442588,0.16609408,0.0896471,0.7442588
54.44,-2.6,High,0.99556535,0.99556535,0.00026240235,0.004172198
54.44,-2.58,High,0.6560516,0.6560516,0.027001094,0.31694734
54.44,-2.56,High,0.46092758,0.46092758,0.07928314,0.45978925
54.44,-2.54,Medium,0.52488196,0.31018397,0.1649341,0.52488196
54.44,-2.52,Medium,0.5577718,0.23851106,0.20371716,0.5577718
54.44,-2.5,Low,0.5338241,0.019822443,0.5338241,0.44635352
54.44,-2.48,Medium,0.5204717,0.44712162,0.03240663,0.5204717
54.44,-2.46,High,0.8943498,0.8943498,0.0025007064,0.10314945
54.44,-2.44,Medium,0.49191514,0.4468342,0.061250675,0.49191514
54.44,-2.42,High,0.5812653,0.5812653,0.011304447,0.40743026
54.44,-2.4,Low,0.56515497,0.05880905,0.56515497,0.376036
54.44,-2.36,Medium,0.60065717,0.28290147,0.11644135,0.60065717
54.44,-2.34,Medium,0.5746776,0.02184185,0.4034806,0.5746776
54.46,-3.58,Medium,0.48606747,0.28517362,0.22875889,0.48606747
54.46,-3.56,High,0.9490941,0.9490941,0.0018321774,0.04907371
54.46,-3.54,Medium,0.51844394,0.39829123,0.083264805,0.51844394
54.46,-3.52,High,0.99005324,0.99005324,0.00045794435,0.009488851
54.46,-3.5,High,0.6459728,0.6459728,0.024244504,0.32978266
54.46,-3.48,Medium,0.60672057,0.12815464,0.2651248,0.60672057
54.46,-3.2600000000000002,Low,0.55689573,0.03243319,0.55689573,0.4106711
54.46,-3.08,Medium,0.503313,0.09032049,0.40636653,0.503313
54.46,-3.06,Medium,0.55818963,0.09802242,0.34378794,0.55818963
54.46,-3.04,High,0.5259432,0.5259432,0.054299176,0.41975757
54.46,-3.02,High,0.99287605,0.99287605,0.0012167424,0.005907264
54.46,-3.0,Medium,0.6808372,0.015856214,0.3033066,0.6808372
54.46,-2.98,High,0.7654288,0.7654288,0.0646614,0.16990978
54.46,-2.82,Low,0.7587332,0.0077725914,0.7587332,0.23349418
54.46,-2.64,Low,0.55064374,0.054575216,0.55064374,0.39478105
54.46,-2.62,Medium,0.6451002,0.12361801,0.2312818,0.6451002
54.46,-2.6,High,0.9653283,0.9653283,0.0009725918,0.033699192
54.46,-2.58,High,0.9847307,0.9847307,0.00026328088,0.015006016
54.46,-2.56,Medium,0.62508994,0.12591594,0.24899408,0.62508994
54.46,-2.54,Medium,0.5849518,0.093995824,0.32105234,0.5849518
54.46,-2.52,Low,0.7321507,0.015433978,0.7321507,0.25241536
54.46,-2.48,High,0.7565093,0.7565093,0.06201877,0.18147187
54.46,-2.46,High,0.64949405,0.64949405,0.0570382,0.2934677
54.46,-2.4,Medium,0.4280581,0.3647067,0.20723528,0.4280581
54.46,-2.38,Medium,0.54224485,0.040129203,0.41762593,0.54224485
54.46,-2.36,High,0.9865696,0.9865696,0.0006220558,0.012808367
54.46,-2.34,Medium,0.5120828,0.38546327,0.1024539,0.5120828
54.480000000000004,-3.6,Low,0.5658466,0.015923997,0.5658466,0.41822937
54.480000000000004,-3.58,High,0.8017415,0.8017415,0.012692077,0.18556648
54.480000000000004,-3.56,High,0.50617206,0.50617206,0.1047266,0.38910136
54.480000000000004,-3.54,High,0.99299777,0.99299777,0.00046428927,0.006537926
54.480000000000004,-3.52,High,0.9983565,0.9983565,0.0001889299,0.0014544999
54.480000000000004,-3.5,High,0.80327415,0.80327415,0.02792964,0.16879618
54.480000000000004,-3.48,Medium,0.48311034,0.4137558,0.10313381,0.48311034
54.480000000000004,-3.04,Medium,0.46353415,0.34522837,0.19123752,0.46353415
54.480000000000004,-3.02,Medium,0.5889355,0.29699263,0.11407187,0.5889355
54.480000000000004,-2.7,Low,0.8281083,0.006195068,0.8281083,0.16569664
54.480000000000004,-2.66,Medium,0.43494177,0.3218403,0.24321793,0.43494177
54.480000000000004,-2.64,Medium,0.5676652,0.34154534,0.09078942,0.5676652
54.480000000000004,-2.58,Medium,0.71579355,0.091726564,0.19247986,0.71579355
54.480000000000004,-2.52,Medium,0.4874431,0.09031124,0.42224568,0.4874431
54.480000000000004,-2.48,Low,0.7755524,0.012582623,0.7755524,0.21186496
54.480000000000004,-2.46,Low,0.71246845,0.009522196,0.71246845,0.27800936
54.480000000000004,-2.42,High,0.86796755,0.86796755,0.0039871978,0.12804528
54.480000000000004,-2.4,Low,0.7480678,0.00840629,0.7480678,0.24352589
54.480000000000004,-2.38,Low,0.64881736,0.025462525,0.64881736,0.32572013
54.480000000000004,-2.36,High,0.8803899,0.8803899,0.0015119693,0.11809814
54.480000000000004,-2.34,High,0.9918927,0.9918927,0.00040924232,0.0076980502
54.480000000000004,-2.32,Low,0.7181525,0.010428495,0.7181525,0.271419
54.480000000000004,-2.2800000000000002,Low,0.5549621,0.06050143,0.5549621,0.3845365
54.480000000000004,-2.2600000000000002,Low,0.7112121,0.009514677,0.7112121,0.2792732
54.480000000000004,-2.24,Low,0.7812582,0.0089406725,0.7812582,0.20980106
54.5,-3.6,High,0.9965203,0.9965203,0.00019562453,0.0032840476
54.5,-3.58,High,0.64176416,0.64176416,0.016470691,0.34176514
54.5,-3.56,High,0.8073693,0.8073693,0.008970756,0.18365994
54.5,-3.54,High,0.99452657,0.99452657,0.00033171248,0.0051417197
54.5,-3.52,High,0.98775,0.98775,0.0007036738,0.011546326
54.5,-3.46,Low,0.5132414,0.029941874,0.5132414,0.4568167
54.5,-3.04,Low,0.8338369,0.0050119776,0.8338369,0.16115111
54.5,-2.92,Medium,0.5253275,0.06324367,0.41142884,0.5253275
54.5,-2.7,Low,0.5519532,0.01970618,0.5519532,0.4283406
54.5,-2.68,Medium,0.68976575,0.15246867,0.15776563,0.68976575
54.5,-2.66,Low,0.42570874,0.27187642,0.42570874,0.30241486
54.5,-2.58,Medium,0.5468632,0.27007112,0.18306567,0.5468632
54.5,-2.52,Low,0.7517806,0.008930587,0.7517806,0.23928875
54.5,-2.5,Medium,0.49916658,0.30021715,0.20061627,0.49916658
54.5,-2.48,Low,0.65133965,0.035807848,0.65133965,0.31285247
54.5,-2.46,Low,0.771453,0.0065698037,0.771453,0.22197719
54.5,-2.44,Medium,0.47409037,0.09314408,0.43276557,0.47409037
54.5,-2.4,Medium,0.44979265,0.42901033,0.121197,0.44979265
54.5,-2.38,Medium,0.5676053,0.18969692,0.24269772,0.5676053
54.5,-2.36,Low,0.5422042,0.023563711,0.5422042,0.4342321
54.5,-2.34,High,0.7710444,0.7710444,0.009243244,0.21971236
54.5,-2.32,High,0.7962111,0.7962111,0.010342447,0.19344644
54.5,-2.3000000000000003,Medium,0.5503305,0.23160465,0.21806487,0.5503305
54.5,-2.2800000000000002,Low,0.7390079,0.049804326,0.7390079,0.21118774
54.5,-2.2600000000000002,Medium,0.53694385,0.220022,0.24303414,0.53694385
54.5,-2.24,Medium,0.5769744,0.22769064,0.19533499,0.5769744
54.52,-3.64,Low,0.57791567,0.031142542,0.57791567,0.39094183
54.52,-3.62,High,0.52680254,0.52680254,0.05261765,0.42057985
54.52,-3.6,High,0.97042745,0.97042745,0.00082290836,0.028749648
54.52,-3.58,High,0.9960764,0.9960764,0.00047224498,0.0034513546
54.52,-3.56,High,0.9875422,0.9875422,0.00027774146,0.012180058
54.52,-3.54,High,0.99716187,0.99716187,0.00028754966,0.0025505961
54.52,-3.52,High,0.99720204,0.99720204,0.0003408803,0.0024571368
54.52,-3.5,High,0.98721284,0.98721284,0.0026395044,0.010147631
54.52,-3.48,High,0.66143143,0.66143143,0.035386674,0.3031819
54.52,-3.46,Medium,0.5310533,0.20269476,0.26625198,0.5310533
54.52,-3.44,High,0.606742,0.606742,0.036241826,0.3570161
54.52,-3.42,Medium,0.6075257,0.07823221,0.31424212,0.6075257
54.52,-3.16,High,0.49631652,0.49631652,0.092119336,0.41156408
54.52,-3.14,High,0.7126204,0.7126204,0.01655944,0.27082014
54.52,-2.94,Medium,0.5400107,0.24505787,0.21493147,0.5400107
54.52,-2.92,Medium,0.64055324,0.14603591,0.21341091,0.64055324
54.52,-2.7600000000000002,Low,0.7871243,0.006119931,0.7871243,0.20675577
54.52,-2.74,Medium,0.50459254,0.10949215,0.38591534,0.50459254
54.52,-2.72,Medium,0.49699607,0.078643516,0.42436042,0.49699607
54.52,-2.7,Medium,0.5480946,0.36877507,0.08313034,0.5480946
54.52,-2.68,High,0.99295616,0.99295616,0.00022384251,0.0068199392
54.52,-2.66,High,0.9707054,0.9707054,0.0009118954,0.028382692
54.52,-2.64,Medium,0.46653607,0.42293712,0.11052676,0.46653607
54.52,-2.6,Medium,0.603623,0.16421813,0.23215887,0.603623
54.52,-2.58,High,0.69454736,0.69454736,0.022573022,0.28287968
54.52,-2.5,High,0.46979907,0.46979907,0.06441301,0.4657879
54.52,-2.48,Medium,0.5159254,0.28694886,0.19712575,0.5159254
54.52,-2.42,Medium,0.53676254,0.2369553,0.22628216,0.53676254
54.52,-2.4,Medium,0.5248829,0.031915423,0.44320166,0.5248829
54.52,-2.38,Medium,0.51113003,0.32958588,0.15928404,0.51113003
54.52,-2.36,High,0.5880893,0.5880893,0.036067553,0.37584314
54.52,-2.34,High,0.43962893,0.43962893,0.1375672,0.42280385
54.52,-2.32,High,0.9843389,0.9843389,0.0011078956,0.014553246
54.52,-2.3000000000000003,Medium,0.47167733,0.44465408,0.083668575,0.47167733
54.52,-2.2800000000000002,Medium,0.5140745,0.06436628,0.42155918,0.5140745
54.52,-2.2600000000000002,Medium,0.5255948,0.09855189,0.3758533,0.5255948
54.52,-2.24,Medium,0.5751203,0.17577592,0.2491038,0.5751203
54.52,-2.22,Low,0.5665229,0.034408726,0.5665229,0.3990684
54.54,-3.6,High,0.98812497,0.98812497,0.00040514176,0.01146982
54.54,-3.58,High,0.9830557,0.9830557,0.00056437735,0.016379924
54.54,-3.56,High,0.99710137,0.99710137,0.00031907696,0.002579547
54.54,-3.54,High,0.8624055,0.8624055,0.0036671355,0.13392735
54.54,-3.52,High,0.66848606,0.66848606,0.018070044,0.31344393
54.54,-3.5,High,0.9978861,0.9978861,0.00028465377,0.0018291734
54.54,-3.48,High,0.96001935,0.96001935,0.0010408402,0.03893981
54.54,-3.46,Medium,0.67773813,0.17539302,0.14686887,0.67773813
54.54,-3.44,High,0.83681136,0.83681136,0.003090373,0.16009827
54.54,-3.42,Low,0.50304496,0.024345914,0.50304496,0.47260913
54.54,-3.4,Medium,0.46446475,0.41897976,0.11655548,0.46446475
54.54,-3.38,Low,0.549653,0.034942597,0.549653,0.4154044
54.54,-3.2800000000000002,Low,0.4642178,0.09262753,0.4642178,0.44315463
54.54,-3.2600000000000002,Low,0.9085022,0.0026499946,0.9085022,0.08884778
54.54,-3.16,Medium,0.45858443,0.10845687,0.4329587,0.45858443
54.54,-3.14,Low,0.61964446,0.014349628,0.61964446,0.36600587
54.54,-3.12,Low,0.723628,0.014176962,0.723628,0.26219505
54.54,-3.06,Medium,0.4611246,0.08446057,0.4544148,0.4611246
54.54,-2.98,Low,0.54326487,0.036007676,0.54326487,0.4207274
54.54,-2.96,High,0.6327074,0.6327074,0.057351936,0.30994067
54.54,-2.94,High,0.97891986,0.97891986,0.0010557381,0.020024352
54.54,-2.92,Medium,0.5649755,0.35421863,0.08080582,0.5649755
54.54,-2.88,Low,0.7067048,0.01978988,0.7067048,0.2735053
54.54,-2.7600000000000002,Medium,0.5016908,0.37012082,0.12818839,0.5016908
54.54,-2.72,High,0.87895566,0.87895566,0.013498929,0.10754544
54.54,-2.7,Medium,0.6312605,0.28207508,0.08666441,0.6312605
54.54,-2.68,High,0.86422884,0.86422884,0.0037701821,0.13200091
54.54,-2.66,Medium,0.54211557,0.10777371,0.3501107,0.54211557
54.54,-2.64,Medium,0.61071646,0.095855,0.29342854,0.61071646
54.54,-2.62,Medium,0.52711004,0.027516253,0.44537374,0.52711004
54.54,-2.6,Low,0.556863,0.045284938,0.556863,0.39785206
54.54,-2.58,High,0.8011815,0.8011815,0.012487661,0.1863309
54.54,-2.56,Low,0.70322776,0.022287281,0.70322776,0.27448493
54.54,-2.52,Medium,0.5354991,0.28474256,0.17975831,0.5354991
54.54,-2.5,Low,0.50290084,0.07622554,0.50290084,0.42087364
54.54,-2.48,Medium,0.620018,0.11194148,0.26804048,0.620018
54.54,-2.46,Medium,0.5205129,0.29285666,0.18663044,0.5205129
54.54,-2.42,High,0.7653335,0.7653335,0.015554616,0.21911189
54.54,-2.4,High,0.8778424,0.8778424,0.008120488,0.114037015
54.54,-2.38,High,0.5684409,0.5684409,0.04496009,0.38659897
54.54,-2.34,Medium,0.49986413,0.20811523,0.2920206,0.49986413
54.54,-2.32,Medium,0.49162564,0.42335767,0.085016645,0.49162564
54.54,-2.2800000000000002,Low,0.73592794,0.0047970545,0.73592794,0.259275
54.54,-2.2600000000000002,Low,0.48729697,0.05946806,0.48729697,0.45323494
54.56,-3.58,High,0.9946919,0.9946919,0.00037226334,0.004935779
54.56,-3.56,High,0.9956501,0.9956501,0.0002711226,0.004078828
54.56,-3.54,High,0.65321165,0.65321165,0.027678445,0.31910992
54.56,-3.5,Medium,0.61877126,0.23489234,0.14633645,0.61877126
54.56,-3.48,High,0.9205569,0.9205569,0.0014385862,0.07800453
54.56,-3.46,High,0.99590033,0.99590033,0.00020767392,0.0038919724
54.56,-3.44,High,0.89631224,0.89631224,0.0032500268,0.10043775
54.56,-3.42,High,0.7806321,0.7806321,0.008661125,0.21070683
54.56,-3.22,Medium,0.52564263,0.32713112,0.14722624,0.52564263
54.56,-3.2,Medium,0.5193153,0.39066878,0.09001594,0.5193153
54.56,-3.18,High,0.57294494,0.57294494,0.03698574,0.3900693
54.56,-3.16,Low,0.6143213,0.012711403,0.6143213,0.37296727
54.56,-3.14,Medium,0.58914137,0.283852,0.12700668,0.58914137
54.56,-3.06,High,0.6084519,0.6084519,0.03036191,0.36118618
54.56,-2.96,Medium,0.57613605,0.043363262,0.38050067,0.57613605
54.56,-2.94,Medium,0.62297636,0.030941326,0.34608233,0.62297636
54.56,-2.9,Medium,0.5425451,0.15479538,0.30265954,0.5425451
54.56,-2.88,Medium,0.56860447,0.26336256,0.16803296,0.56860447
54.56,-2.86,Low,0.6893282,0.043281365,0.6893282,0.26739043
54.56,-2.7800000000000002,Low,0.5544998,0.026194831,0.5544998,0.4193054
54.56,-2.7600000000000002,High,0.5903004,0.5903004,0.055377353,0.3543223
54.56,-2.74,Medium,0.472902,0.44017977,0.08691825,0.472902
54.56,-2.72,Low,0.60468596,0.027901825,0.60468596,0.36741224
54.56,-2.68,Medium,0.63074374,0.15192954,0.21732667,0.63074374
54.56,-2.66,Medium,0.5423701,0.115764305,0.34186566,0.5423701
54.56,-2.64,High,0.6254139,0.6254139,0.07965477,0.29493132
54.56,-2.62,High,0.804854,0.804854,0.00708418,0.18806188
54.56,-2.58,Medium,0.5061888,0.34921107,0.1446001,0.5061888
54.56,-2.56,Low,0.50213724,0.06368697,0.50213724,0.4341758
54.56,-2.54,Low,0.6939961,0.011590546,0.6939961,0.2944134
54.56,-2.52,Medium,0.4433682,0.3171305,0.23950127,0.4433682
54.56,-2.5,High,0.75591993,0.75591993,0.039124496,0.20495556
54.56,-2.48,Medium,0.7758797,0.10358582,0.120534435,0.7758797
54.56,-2.46,Medium,0.54679143,0.21918668,0.23402189,0.54679143
54.56,-2.44,Medium,0.64043534,0.23126824,0.12829643,0.64043534
54.56,-2.42,Low,0.7267131,0.011848799,0.7267131,0.26143807
54.58,-3.58,High,0.99795353,0.99795353,0.00024795003,0.00179847
54.58,-3.56,High,0.99445266,0.99445266,0.0008898523,0.004657489
54.58,-3.54,High,0.9207069,0.9207069,0.005073844,0.07421917
54.58,-3.52,High,0.9893987,0.9893987,0.0005528185,0.010048524
54.58,-3.5,High,0.8011381,0.8011381,0.060472008,0.13838989
54.58,-3.48,Medium,0.64063704,0.050268974,0.30909398,0.64063704
54.58,-3.46,High,0.612986,0.612986,0.059092924,0.32792106
54.58,-3.44,High,0.6718406,0.6718406,0.026342357,0.30181703
54.58,-3.42,High,0.5210682,0.5210682,0.05791274,0.42101905
54.58,-3.4,High,0.56050396,0.56050396,0.06482019,0.3746758
54.58,-3.36,Low,0.67095727,0.00822085,0.67095727,0.32082188
54.58,-3.34,Low,0.6632843,0.024859615,0.6632843,0.3118561
54.58,-3.3200000000000003,High,0.6497613,0.6497613,0.08164087,0.26859787
54.58,-3.3000000000000003,Low,0.68824357,0.005180342,0.68824357,0.3065761
54.58,-3.18,High,0.86881953,0.86881953,0.010498495,0.12068197
54.58,-3.16,High,0.6820352,0.6820352,0.021120718,0.29684412
54.58,-3.14,Low,0.5665694,0.04432998,0.5665694,0.38910064
54.58,-3.08,High,0.90434486,0.90434486,0.0046000476,0.09105511
54.58,-2.98,Low,0.66895545,0.007442996,0.66895545,0.3236015
54.58,-2.96,Medium,0.4996146,0.23027526,0.27011016,0.4996146
54.58,-2.94,Low,0.66137236,0.010921983,0.66137236,0.32770562
54.58,-2.92,Low,0.68405825,0.009842635,0.68405825,0.30609912
54.58,-2.9,Medium,0.5224837,0.039365366,0.4381509,0.5224837
54.58,-2.88,Medium,0.5121867,0.42128628,0.066527024,0.5121867
54.58,-2.86,High,0.6577233,0.6577233,0.01848502,0.32379165
54.58,-2.84,Medium,0.5343759,0.04147469,0.42414945,0.5343759
54.58,-2.7600000000000002,Low,0.67160517,0.09607093,0.67160517,0.23232393
54.58,-2.74,Medium,0.53217304,0.1640231,0.3038039,0.53217304
54.58,-2.72,Low,0.62216806,0.0059754164,0.62216806,0.37185654
54.58,-2.7,Medium,0.56744754,0.07488433,0.3576681,0.56744754
54.58,-2.68,Medium,0.48513016,0.23448418,0.2803857,0.48513016
54.58,-2.66,Medium,0.5136281,0.1555232,0.3308487,0.5136281
54.58,-2.64,High,0.6753361,0.6753361,0.033439077,0.29122475
54.58,-2.62,High,0.9479391,0.9479391,0.0013616938,0.05069922
54.58,-2.6,High,0.58024126,0.58024126,0.108907,0.31085172
54.58,-2.58,Medium,0.5512161,0.38869038,0.060093485,0.5512161
54.58,-2.56,Medium,0.5994932,0.014171728,0.38633507,0.5994932
54.58,-2.54,Low,0.4890791,0.040224582,0.4890791,0.47069636
54.58,-2.52,Medium,0.52534443,0.40600365,0.06865192,0.52534443
54.58,-2.5,High,0.99393636,0.99393636,0.00048823276,0.005575387
54.58,-2.48,High,0.97591984,0.97591984,0.0005826764,0.023497494
54.58,-2.46,Medium,0.51593107,0.46133217,0.02273678,0.51593107
54.58,-2.44,Low,0.5660393,0.037954513,0.5660393,0.3960062
54.58,-2.42,High,0.70251346,0.70251346,0.01387596,0.28361055
54.6,-3.56,High,0.71645117,0.71645117,0.015803527,0.26774535
54.6,-3.54,High,0.9966974,0.9966974,0.00058343704,0.002719121
54.6,-3.52,High,0.9644059,0.9644059,0.0008860564,0.034708068
54.6,-3.5,High,0.9509892,0.9509892,0.0012182572,0.04779259
54.6,-3.48,Medium,0.48669383,0.058169045,0.4551371,0.48669383
54.6,-3.46,High,0.56890786,0.56890786,0.04035358,0.39073858
54.6,-3.44,High,0.56682885,0.56682885,0.042262368,0.3909088
54.6,-3.42,Medium,0.5826932,0.25560158,0.16170514,0.5826932
54.6,-3.38,Medium,0.46875438,0.27917126,0.2520744,0.46875438
54.6,-3.36,Medium,0.5752193,0.21882154,0.20595922,0.5752193
54.6,-3.3200000000000003,Medium,0.5571698,0.2824207,0.1604095,0.5571698
54.6,-3.3000000000000003,Medium,0.548852,0.25160745,0.19954051,0.548852
54.6,-3.22,Low,0.49833637,0.10978862,0.49833637,0.391875
54.6,-3.2,High,0.9500978,0.9500978,0.00045293354,0.049449313
54.6,-3.18,High,0.9838734,0.9838734,0.00038242817,0.015744219
54.6,-3.16,High,0.90930456,0.90930456,0.0011279192,0.08956759
54.6,-3.14,High,0.99351877,0.99351877,0.0006396279,0.005841612
54.6,-3.12,High,0.9977673,0.9977673,0.00032188054,0.0019107948
54.6,-3.1,High,0.4962488,0.4962488,0.05428009,0.44947112
54.6,-3.08,High,0.45489782,0.45489782,0.09330981,0.45179233
54.6,-3.06,Medium,0.49175432,0.31023154,0.19801418,0.49175432
54.6,-2.94,Medium,0.4626494,0.45075902,0.0865916,0.4626494
54.6,-2.92,Medium,0.56796473,0.16413037,0.2679049,0.56796473
54.6,-2.88,High,0.78789526,0.78789526,0.011461408,0.20064338
54.6,-2.86,High,0.68293166,0.68293166,0.02133082,0.29573756
54.6,-2.84,Medium,0.5077162,0.38994256,0.10234128,0.5077162
54.6,-2.82,High,0.47607234,0.47607234,0.09262227,0.43130538
54.6,-2.7800000000000002,Low,0.8334244,0.0054451064,0.8334244,0.16113047
54.6,-2.7600000000000002,High,0.7460816,0.7460816,0.013377328,0.24054107
54.6,-2.74,High,0.4762271,0.4762271,0.06936193,0.4544109
54.6,-2.72,High,0.458675,0.458675,0.094632514,0.44669247
54.6,-2.7,Medium,0.5338502,0.3035208,0.16262896,0.5338502
54.6,-2.68,High,0.6704079,0.6704079,0.018907625,0.31068453
54.6,-2.66,Low,0.49048126,0.05422619,0.49048126,0.4552925
54.6,-2.64,High,0.7452693,0.7452693,0.053173583,0.20155711
54.6,-2.62,High,0.8140933,0.8140933,0.00791949,0.17798722
54.6,-2.6,Medium,0.5622312,0.24493797,0.19283085,0.5622312
54.6,-2.58,Medium,0.61935836,0.069549866,0.31109175,0.61935836
54.6,-2.56,High,0.90810066,0.90810066,0.0035403871,0.08835893
54.6,-2.54,Medium,0.4135888,0.27469158,0.3117197,0.4135888
54.6,-2.52,High,0.9223282,0.9223282,0.0015930118,0.076078795
54.6,-2.5,High,0.7592291,0.7592291,0.032740813,0.20803006
54.6,-2.48,Medium,0.69441164,0.110875025,0.19471332,0.69441164
54.6,-2.46,Medium,0.6212524,0.107745305,0.2710023,0.6212524
54.6,-2.44,Low,0.6377481,0.02236419,0.6377481,0.3398877
54.620000000000005,-3.56,High,0.9974245,0.9974245,0.00027689378,0.0022986112
54.620000000000005,-3.54,High,0.98797697,0.98797697,0.00066908123,0.0113539575
54.620000000000005,-3.52,High,0.9810673,0.9810673,0.00054955285,0.01838317
54.620000000000005,-3.5,High,0.8391256,0.8391256,0.008393828,0.15248068
54.620000000000005,-3.48,Medium,0.5273887,0.0342439,0.43836743,0.5273887
54.620000000000005,-3.46,Medium,0.5012691,0.4234846,0.07524629,0.5012691
54.620000000000005,-3.44,High,0.9427263,0.9427263,0.0023829865,0.05489063
54.620000000000005,-3.4,High,0.9695025,0.9695025,0.00248562,0.028011907
54.620000000000005,-3.38,High,0.5068709,0.5068709,0.052874412,0.4402547
54.620000000000005,-3.36,High,0.42733377,0.42733377,0.16379546,0.40887076
54.620000000000005,-3.34,Low,0.7901625,0.0039565004,0.7901625,0.20588098
54.620000000000005,-3.3200000000000003,Medium,0.42395008,0.38127893,0.194771,0.42395008
54.620000000000005,-3.3000000000000003,High,0.8049739,0.8049739,0.014476146,0.18054993
54.620000000000005,-3.2,High,0.9172896,0.9172896,0.0011985597,0.08151187
54.620000000000005,-3.18,High,0.5831471,0.5831471,0.06751008,0.3493428
54.620000000000005,-3.16,High,0.96659255,0.96659255,0.0013083396,0.032099158
54.620000000000005,-3.14,High,0.96425027,0.96425027,0.0013236755,0.03442607
54.620000000000005,-3.12,Medium,0.6118231,0.19100462,0.19717233,0.6118231
54.620000000000005,-3.08,Medium,0.5175618,0.1853271,0.29711115,0.5175618
54.620000000000005,-3.06,High,0.9910523,0.9910523,0.0008614383,0.008086242
54.620000000000005,-3.04,High,0.7411166,0.7411166,0.015364413,0.24351904
54.620000000000005,-3.02,Medium,0.6254329,0.14521234,0.22935475,0.6254329
54.620000000000005,-3.0,Low,0.848081,0.003852098,0.848081,0.1480669
54.620000000000005,-2.98,High,0.9497095,0.9497095,0.0013852898,0.048905212
54.620000000000005,-2.96,Medium,0.5046414,0.036107708,0.45925087,0.5046414
54.620000000000005,-2.92,Medium,0.6334534,0.014017824,0.35252875,0.6334534
54.620000000000005,-2.9,Low,0.62406313,0.025453234,0.62406313,0.35048366
54.620000000000005,-2.88,Medium,0.60083896,0.069755524,0.32940546,0.60083896
54.620000000000005,-2.86,Medium,0.47995892,0.21625076,0.30379027,0.47995892
54.620000000000005,-2.84,High,0.8065973,0.8065973,0.018730292,0.1746724
54.620000000000005,-2.82,High,0.77771205,0.77771205,0.0038104963,0.21847749
54.620000000000005,-2.8000000000000003,Medium,0.6043388,0.0518176,0.34384358,0.6043388
54.620000000000005,-2.7800000000000002,Low,0.53993624,0.04509501,0.53993624,0.41496876
54.620000000000005,-2.7600000000000002,Low,0.71757185,0.008000394,0.71757185,0.27442774
54.620000000000005,-2.74,Medium,0.61792713,0.21373248,0.16834034,0.61792713
54.620000000000005,-2.72,Medium,0.5738256,0.2329203,0.19325414,0.5738256
54.620000000000005,-2.7,High,0.5514177,0.5514177,0.072296105,0.3762862
54.620000000000005,-2.68,Medium,0.6014892,0.24387626,0.15463458,0.6014892
54.620000000000005,-2.66,Medium,0.4753089,0.12712085,0.39757025,0.4753089
54.620000000000005,-2.64,High,0.67744285,0.67744285,0.014587366,0.30796978
54.620000000000005,-2.62,Medium,0.56517553,0.19136141,0.24346307,0.56517553
54.620000000000005,-2.6,Medium,0.58086777,0.03122625,0.38790601,0.58086777
54.620000000000005,-2.58,High,0.5872476,0.5872476,0.19963598,0.2131164
54.620000000000005,-2.56,High,0.9953863,0.9953863,0.00031896433,0.004294753
54.620000000000005,-2.54,High,0.7479881,0.7479881,0.028217724,0.22379413
54.620000000000005,-2.52,High,0.8062531,0.8062531,0.014285651,0.17946127
54.620000000000005,-2.5,Medium,0.5796741,0.015445546,0.40488032,0.5796741
54.620000000000005,-2.48,High,0.8306001,0.8306001,0.0053627463,0.16403714
54.620000000000005,-2.46,Low,0.59223473,0.12311838,0.59223473,0.28464693
54.64,-3.58,Medium,0.6658097,0.19657324,0.13761708,0.6658097
54.64,-3.56,High,0.9916795,0.9916795,0.00057421566,0.007746314
54.64,-3.54,High,0.98952276,0.98952276,0.0004582703,0.01001898
54.64,-3.52,High,0.98470783,0.98470783,0.000707281,0.014584835
54.64,-3.5,High,0.54173774,0.54173774,0.1345291,0.3237332
54.64,-3.48,Low,0.72684485,0.013700678,0.72684485,0.25945446
54.64,-3.46,High,0.6366671,0.6366671,0.03270324,0.33062974
54.64,-3.44,High,0.8010184,0.8010184,0.015226793,0.1837548
54.64,-3.4,High,0.7870319,0.7870319,0.0032412196,0.20972684
54.64,-3.38,Low,0.49813586,0.07494272,0.49813586,0.42692134
54.64,-3.36,Medium,0.49991086,0.4064317,0.09365742,0.49991086
54.64,-3.34,Low,0.5967027,0.019528711,0.5967027,0.3837686
54.64,-3.3200000000000003,Low,0.44447926,0.17240252,0.44447926,0.3831182
54.64,-3.3000000000000003,Medium,0.51084656,0.10731206,0.38184133,0.51084656
54.64,-3.2600000000000002,Low,0.8642463,0.00463094,0.8642463,0.13112274
54.64,-3.22,Low,0.54595274,0.047601,0.54595274,0.40644628
54.64,-3.2,Medium,0.52379316,0.20132071,0.2748862,0.52379316
54.64,-3.18,High,0.73749727,0.73749727,0.014961291,0.24754149
54.64,-3.02,Medium,0.51329625,0.12506895,0.3616348,0.51329625
54.64,-3.0,Low,0.68070894,0.013305762,0.68070894,0.30598527
54.64,-2.98,Medium,0.56307733,0.32736528,0.109557405,0.56307733
54.64,-2.96,Low,0.5077199,0.039022494,0.5077199,0.45325765
54.64,-2.94,Low,0.48705524,0.06980638,0.48705524,0.4431384
54.64,-2.92,Medium,0.5344158,0.19297054,0.27261367,0.5344158
54.64,-2.9,High,0.71762794,0.71762794,0.018321034,0.26405096
54.64,-2.88,High,0.9518849,0.9518849,0.0016341911,0.046480898
54.64,-2.86,Medium,0.616308,0.050222162,0.33346984,0.616308
54.64,-2.84,Medium,0.54574925,0.30386275,0.150388,0.54574925
54.64,-2.82,Medium,0.55617774,0.3472958,0.096526496,0.55617774
54.64,-2.8000000000000003,High,0.9883531,0.9883531,0.00043408867,0.011212881
54.64,-2.7800000000000002,High,0.9734418,0.9734418,0.0019847662,0.024573445
54.64,-2.7600000000000002,High,0.7798477,0.7798477,0.0060440116,0.21410827
54.64,-2.74,Medium,0.5282389,0.2870335,0.18472765,0.5282389
54.64,-2.72,High,0.9858965,0.9858965,0.00054306537,0.013560454
54.64,-2.7,Medium,0.48684284,0.41888118,0.09427597,0.48684284
54.64,-2.68,Low,0.56861675,0.029606728,0.56861675,0.40177655
54.64,-2.66,High,0.46799546,0.46799546,0.12929544,0.4027091
54.64,-2.64,Medium,0.5162893,0.10114175,0.382569,0.5162893
54.64,-2.62,Medium,0.55455333,0.3488195,0.09662723,0.55455333
54.64,-2.6,High,0.88682574,0.88682574,0.005817695,0.1073565
54.64,-2.58,High,0.6882128,0.6882128,0.014560241,0.297227
54.64,-2.56,High,0.86151564,0.86151564,0.0015488849,0.13693552
54.64,-2.54,Medium,0.55896133,0.40791947,0.03311921,0.55896133
54.64,-2.52,High,0.51545787,0.51545787,0.053731564,0.43081054
54.64,-2.5,High,0.5547341,0.5547341,0.043865256,0.4014006
54.64,-2.48,Medium,0.56639457,0.014805728,0.41879967,0.56639457
54.660000000000004,-3.56,High,0.92692465,0.92692465,0.0027226477,0.070352696
54.660000000000004,-3.54,High,0.9943117,0.9943117,0.00043501207,0.0052533187
54.660000000000004,-3.52,High,0.99665123,0.99665123,0.00049083115,0.002857949
54.660000000000004,-3.5,High,0.9948148,0.9948148,0.000316946,0.0048681935
54.660000000000004,-3.48,High,0.75649303,0.75649303,0.011889513,0.23161747
54.660000000000004,-3.46,High,0.49123517,0.49123517,0.04571788,0.46304694
54.660000000000004,-3.44,High,0.9926178,0.9926178,0.0003688511,0.007013352
54.660000000000004,-3.42,High,0.90586805,0.90586805,0.00387809,0.09025388
54.660000000000004,-3.4,Medium,0.6286298,0.11835111,0.25301915,0.6286298
54.660000000000004,-3.38,High,0.98971224,0.98971224,0.0006713273,0.009616407
54.660000000000004,-3.36,High,0.9411494,0.9411494,0.0019247294,0.05692578
54.660000000000004,-3.34,High,0.78594315,0.78594315,0.014300154,0.19975671
54.660000000000004,-3.3200000000000003,Medium,0.47506028,0.17077611,0.35416362,0.47506028
54.660000000000004,-3.3000000000000003,High,0.79589075,0.79589075,0.0024797618,0.20162953
54.660000000000004,-3.2800000000000002,High,0.8258363,0.8258363,0.026081385,0.14808229
54.660000000000004,-3.2600000000000002,High,0.81427777,0.81427777,0.006298128,0.17942409
54.660000000000004,-3.24,Medium,0.5754779,0.121411264,0.30311084,0.5754779
54.660000000000004,-3.22,Medium,0.49050966,0.25354433,0.255946,0.49050966
54.660000000000004,-3.2,High,0.54299283,0.54299283,0.046803024,0.4102041
54.660000000000004,-3.18,Medium,0.45361775,0.40223825,0.14414395,0.45361775
54.660000000000004,-2.98,Medium,0.47769842,0.23810273,0.2841988,0.47769842
54.660000000000004,-2.94,Low,0.66893053,0.023872782,0.66893053,0.3071967
54.660000000000004,-2.92,Medium,0.51836544,0.1446049,0.33702967,0.51836544
54.660000000000004,-2.88,High,0.8307766,0.8307766,0.008429244,0.16079412
54.660000000000004,-2.86,High,0.71788144,0.71788144,0.0157325,0.26638606
54.660000000000004,-2.84,High,0.5383929,0.5383929,0.052997816,0.40860927
54.660000000000004,-2.82,High,0.8150712,0.8150712,0.0053233854,0.17960538
54.660000000000004,-2.8000000000000003,Medium,0.53644615,0.19385418,0.2696997,0.53644615
54.660000000000004,-2.7800000000000002,High,0.89614516,0.89614516,0.002961381,0.100893475
54.660000000000004,-2.7600000000000002,High,0.99517584,0.99517584,0.0006602645,0.004163857
54.660000000000004,-2.74,High,0.9631093,0.9631093,0.0014919838,0.035398673
54.660000000000004,-2.72,Medium,0.4874886,0.4567106,0.055800844,0.4874886
54.660000000000004,-2.7,Medium,0.55166763,0.2830341,0.1652983,0.55166763
54.660000000000004,-2.68,Medium,0.56892174,0.066622056,0.36445618,0.56892174
54.660000000000004,-2.66,Medium,0.49081916,0.42410856,0.085072316,0.49081916
54.660000000000004,-2.64,Medium,0.5040696,0.3314924,0.16443796,0.5040696
54.660000000000004,-2.62,High,0.61247724,0.61247724,0.0346106,0.3529121
54.660000000000004,-2.6,High,0.48728254,0.48728254,0.08893054,0.42378697
54.660000000000004,-2.58,Medium,0.5019594,0.24360618,0.2544344,0.5019594
54.660000000000004,-2.56,Medium,0.40420547,0.2634292,0.33236533,0.40420547
54.660000000000004,-2.54,High,0.63644165,0.63644165,0.025309647,0.3382487
54.660000000000004,-2.52,Medium,0.51924735,0.19152701,0.28922564,0.51924735
54.660000000000004,-2.48,Low,0.6183358,0.02151234,0.6183358,0.3601519
54.68,-3.54,Medium,0.55850315,0.37503117,0.066465735,0.55850315
54.68,-3.52,High,0.99588805,0.99588805,0.0002302508,0.0038816992
54.68,-3.5,Medium,0.75734526,0.15394357,0.0887112,0.75734526
54.68,-3.48,High,0.911897,0.911897,0.008052199,0.08005083
54.68,-3.46,High,0.9322685,0.9322685,0.0021608316,0.06557064
54.68,-3.44,High,0.98835075,0.98835075,0.0003111658,0.011338144
54.68,-3.42,High,0.7771635,0.7771635,0.01441454,0.20842192
54.68,-3.4,High,0.5682115,0.5682115,0.04123772,0.39055082
54.68,-3.38,High,0.93711036,0.93711036,0.0013143823,0.06157531
54.68,-3.36,High,0.86730975,0.86730975,0.0074146846,0.12527552
54.68,-3.34,Low,0.5398192,0.04333199,0.5398192,0.4168488
54.68,-3.3200000000000003,Low,0.73232055,0.040482324,0.73232055,0.22719716
54.68,-3.3000000000000003,Medium,0.5284608,0.21347913,0.2580601,0.5284608
54.68,-3.2800000000000002,Medium,0.5412787,0.20831308,0.25040814,0.5412787
54.68,-3.2600000000000002,High,0.8721513,0.8721513,0.014311479,0.11353722
54.68,-3.24,High,0.8869571,0.8869571,0.007666101,0.105376735
54.68,-3.22,High,0.6050003,0.6050003,0.04773039,0.3472693
54.68,-3.2,High,0.9863132,0.9863132,0.00040936063,0.013277371
54.68,-3.18,Medium,0.5079822,0.069965616,0.4220522,0.5079822
54.68,-3.16,Medium,0.60901785,0.29473776,0.096244395,0.60901785
54.68,-3.0,Medium,0.52111596,0.1413115,0.33757252,0.52111596
54.68,-2.98,Low,0.6162822,0.023959331,0.6162822,0.35975844
54.68,-2.96,Low,0.702066,0.01682297,0.702066,0.281111
54.68,-2.88,High,0.647294,0.647294,0.023986932,0.32871908
54.68,-2.86,High,0.7092786,0.7092786,0.028325656,0.26239577
54.68,-2.84,High,0.6277027,0.6277027,0.019722907,0.3525744
54.68,-2.82,Medium,0.47708774,0.37480906,0.14810316,0.47708774
54.68,-2.8000000000000003,Medium,0.5702926,0.33352658,0.09618086,0.5702926
54.68,-2.7800000000000002,Medium,0.64674246,0.12654632,0.22671121,0.64674246
54.68,-2.7600000000000002,High,0.9953483,0.9953483,0.00029359662,0.0043580853
54.68,-2.74,High,0.54818827,0.54818827,0.03928796,0.4125238
54.68,-2.72,High,0.5284433,0.5284433,0.068470635,0.4030861
54.68,-2.7,High,0.83940333,0.83940333,0.023550965,0.13704571
54.68,-2.68,High,0.4891708,0.4891708,0.0637387,0.44709048
54.68,-2.66,Medium,0.584683,0.08830432,0.32701266,0.584683
54.68,-2.64,Low,0.62047035,0.017431093,0.62047035,0.36209854
54.68,-2.62,Medium,0.47192413,0.16964725,0.3584287,0.47192413
54.68,-2.6,Medium,0.5587899,0.28983745,0.15137267,0.5587899
54.68,-2.58,Low,0.61568105,0.017473822,0.61568105,0.36684513
54.68,-2.56,Low,0.84766644,0.0046984935,0.84766644,0.14763503
54.68,-2.54,Low,0.68873,0.005869611,0.68873,0.3054004
54.68,-2.46,Low,0.62620795,0.02052111,0.62620795,0.35327095
54.7,-3.52,High,0.94962454,0.94962454,0.0016168413,0.04875868
54.7,-3.5,High,0.9839473,0.9839473,0.0007789388,0.015273836
54.7,-3.48,High,0.9978923,0.9978923,0.00021306076,0.0018946431
54.7,-3.46,High,0.9970169,0.9970169,0.00041130005,0.0025717656
54.7,-3.44,High,0.6772949,0.6772949,0.026818415,0.29588673
54.7,-3.42,Medium,0.5617874,0.3438004,0.09441218,0.5617874
54.7,-3.4,High,0.5613031,0.5613031,0.0537783,0.3849186
54.7,-3.38,High,0.72296345,0.72296345,0.0060990206,0.2709375
54.7,-3.34,Medium,0.53941095,0.1249247,0.33566433,0.53941095
54.7,-3.3200000000000003,High,0.8193465,0.8193465,0.003815944,0.1768376
54.7,-3.3000000000000003,Low,0.9008859,0.017469112,0.9008859,0.081645
54.7,-3.2800000000000002,Medium,0.56097746,0.26428404,0.17473853,0.56097746
54.7,-3.2600000000000002,Low,0.5789251,0.022354096,0.5789251,0.39872083
54.7,-3.24,Medium,0.51249266,0.34913868,0.1383687,0.51249266
54.7,-3.22,Medium,0.5405006,0.045650635,0.4138488,0.5405006
54.7,-3.18,Medium,0.6356446,0.123781204,0.2405742,0.6356446
54.7,-3.16,Low,0.5151091,0.018130923,0.5151091,0.46675998
54.7,-3.0,Medium,0.44336402,0.41942868,0.1372073,0.44336402
54.7,-2.98,Medium,0.47893533,0.3258993,0.19516534,0.47893533
54.7,-2.96,Low,0.5815778,0.023289636,0.5815778,0.39513263
54.7,-2.92,Low,0.534032,0.028754447,0.534032,0.43721357
54.7,-2.9,Medium,0.49291727,0.1651727,0.34191003,0.49291727
54.7,-2.88,Medium,0.5203731,0.23202999,0.24759692,0.5203731
54.7,-2.84,Medium,0.49210644,0.24943091,0.2584626,0.49210644
54.7,-2.82,Low,0.747433,0.011543301,0.747433,0.24102372
54.7,-2.8000000000000003,High,0.7880518,0.7880518,0.014521691,0.19742656
54.7,-2.7800000000000002,Medium,0.50078,0.44918355,0.050036456,0.50078
54.7,-2.7600000000000002,High,0.92839104,0.92839104,0.006047519,0.06556146
54.7,-2.74,Medium,0.5929317,0.083398454,0.32366982,0.5929317
54.7,-2.72,Medium,0.46673477,0.21518622,0.31807905,0.46673477
54.7,-2.7,Medium,0.6389465,0.094612435,0.26644108,0.6389465
54.7,-2.68,High,0.6963426,0.6963426,0.006133998,0.2975234
54.7,-2.66,High,0.9221912,0.9221912,0.0024124556,0.07539631
54.7,-2.64,Medium,0.5585399,0.25538337,0.18607669,0.5585399
54.7,-2.62,Medium,0.6786599,0.08288865,0.23845138,0.6786599
54.7,-2.6,High,0.79015285,0.79015285,0.0043738773,0.20547332
54.7,-2.58,High,0.7094177,0.7094177,0.014912829,0.2756695
54.72,-3.5,High,0.99346304,0.99346304,0.00046862682,0.0060683605
54.72,-3.48,High,0.9889737,0.9889737,0.0004043552,0.010622003
54.72,-3.46,High,0.5047289,0.5047289,0.053248733,0.44202232
54.72,-3.44,High,0.9958555,0.9958555,0.00030261907,0.0038418209
54.72,-3.42,Medium,0.6945664,0.2105081,0.09492548,0.6945664
54.72,-3.4,Medium,0.58674103,0.28650966,0.12674935,0.58674103
54.72,-3.38,Medium,0.4919794,0.43173638,0.07628421,0.4919794
54.72,-3.34,Low,0.50917476,0.037039604,0.50917476,0.45378563
54.72,-3.3200000000000003,Low,0.5012403,0.027796313,0.5012403,0.47096336
54.72,-3.3000000000000003,Low,0.4984606,0.06349967,0.4984606,0.4380398
54.72,-3.2800000000000002,Low,0.61081386,0.03208392,0.61081386,0.35710225
54.72,-3.2600000000000002,Low,0.69273454,0.022432331,0.69273454,0.28483313
54.72,-3.18,Medium,0.503118,0.26840287,0.22847913,0.503118
54.72,-3.16,Medium,0.5602147,0.30861828,0.13116704,0.5602147
54.72,-3.14,Medium,0.48162678,0.05796861,0.46040457,0.48162678
54.72,-3.12,Low,0.57616705,0.025621176,0.57616705,0.39821178
54.72,-3.1,Medium,0.55015564,0.09949999,0.35034433,0.55015564
54.72,-3.08,Medium,0.58322126,0.17507069,0.2417081,0.58322126
54.72,-3.06,Medium,0.531651,0.040844288,0.42750475,0.531651
54.72,-3.04,Medium,0.47404537,0.0720082,0.45394647,0.47404537
54.72,-3.02,Medium,0.49290684,0.26092565,0.24616754,0.49290684
54.72,-3.0,Medium,0.54554635,0.34694332,0.10751029,0.54554635
54.72,-2.98,Medium,0.47571987,0.2329092,0.29137096,0.47571987
54.72,-2.96,Medium,0.54957324,0.09282362,0.3576031,0.54957324
54.72,-2.94,Medium,0.5252078,0.19516943,0.2796227,0.5252078
54.72,-2.92,Medium,0.5416027,0.20656686,0.2518304,0.5416027
54.72,-2.9,Medium,0.57695574,0.28428674,0.13875753,0.57695574
54.72,-2.88,High,0.86255056,0.86255056,0.0045738663,0.13287553
54.72,-2.86,Medium,0.51617867,0.34971946,0.1341019,0.51617867
54.72,-2.84,High,0.84523267,0.84523267,0.03836877,0.11639852
54.72,-2.82,Medium,0.6012627,0.1523323,0.24640504,0.6012627
54.72,-2.8000000000000003,High,0.4908859,0.4908859,0.06493362,0.44418052
54.72,-2.7800000000000002,High,0.7002505,0.7002505,0.009612003,0.29013753
54.72,-2.7600000000000002,Medium,0.4661338,0.13662116,0.39724502,0.4661338
54.72,-2.72,Medium,0.52457434,0.051034283,0.4243914,0.52457434
54.72,-2.7,High,0.8869906,0.8869906,0.0014245043,0.11158491
54.72,-2.68,High,0.7219069,0.7219069,0.0072773714,0.2708157
54.72,-2.66,High,0.6355793,0.6355793,0.032974392,0.33144632
54.72,-2.64,Medium,0.57342976,0.11965157,0.30691865,0.57342976
54.72,-2.62,Low,0.5813575,0.015570676,0.5813575,0.40307182
54.72,-2.6,High,0.64647436,0.64647436,0.022157615,0.331368
54.72,-2.56,Low,0.76134056,0.009814639,0.76134056,0.2288448
54.74,-3.48,Medium,0.5771131,0.110026486,0.3128604,0.5771131
54.74,-3.44,High,0.99628985,0.99628985,0.0002157281,0.0034944688
54.74,-3.42,High,0.87891555,0.87891555,0.0036933846,0.11739105
54.74,-3.4,Medium,0.6501185,0.30437917,0.045502294,0.6501185
54.74,-3.38,High,0.8430948,0.8430948,0.008583318,0.1483219
54.74,-3.36,Medium,0.5605317,0.24264714,0.1968212,0.5605317
54.74,-3.34,High,0.7216425,0.7216425,0.0075123427,0.27084517
54.74,-3.3200000000000003,High,0.9402451,0.9402451,0.0005565632,0.05919834
54.74,-3.3000000000000003,Low,0.83419895,0.0035682141,0.83419895,0.16223282
54.74,-3.2800000000000002,High,0.8998972,0.8998972,0.0055548707,0.09454791
54.74,-3.2600000000000002,Medium,0.5554172,0.19239812,0.25218466,0.5554172
54.74,-3.24,High,0.8794226,0.8794226,0.007827395,0.11275007
54.74,-3.22,Low,0.52203053,0.036108114,0.52203053,0.44186136
54.74,-3.2,Medium,0.54569626,0.16734725,0.2869565,0.54569626
54.74,-3.18,High,0.90344435,0.90344435,0.0023128348,0.09424287
54.74,-3.16,Medium,0.59614927,0.22563244,0.17821828,0.59614927
54.74,-3.14,Low,0.7541978,0.008718616,0.7541978,0.23708357
54.74,-3.12,Low,0.5067139,0.044542074,0.5067139,0.448744
54.74,-3.1,Medium,0.46566725,0.13547303,0.39885974,0.46566725
54.74,-3.08,High,0.51001203,0.51001203,0.09924631,0.39074165
54.74,-3.06,High,0.73326445,0.73326445,0.0120223975,0.2547132
54.74,-3.04,Low,0.44525766,0.13110857,0.44525766,0.42363375
54.74,-3.02,Medium,0.4325734,0.3014009,0.26602566,0.4325734
54.74,-3.0,Medium,0.5021899,0.3888288,0.10898136,0.5021899
54.74,-2.98,High,0.84002095,0.84002095,0.00507513,0.15490387
54.74,-2.96,Medium,0.45869908,0.10726681,0.43403408,0.45869908
54.74,-2.94,Medium,0.5040541,0.2606993,0.23524661,0.5040541
54.74,-2.92,Medium,0.51418614,0.23537436,0.2504395,0.51418614
54.74,-2.9,Medium,0.50709945,0.09284364,0.4000569,0.50709945
54.74,-2.88,Medium,0.53730094,0.035393596,0.4273055,0.53730094
54.74,-2.86,High,0.48153508,0.48153508,0.05857662,0.45988825
54.74,-2.84,High,0.8324531,0.8324531,0.0017222372,0.16582471
54.74,-2.82,High,0.8560442,0.8560442,0.004984393,0.13897146
54.74,-2.8000000000000003,Medium,0.50274265,0.03690028,0.46035704,0.50274265
54.74,-2.72,High,0.6528937,0.6528937,0.02990422,0.31720206
54.74,-2.7,High,0.75103307,0.75103307,0.013599749,0.23536724
54.74,-2.68,High,0.95775956,0.95775956,0.0007007251,0.041539744
54.74,-2.66,High,0.7579164,0.7579164,0.010447362,0.23163623
54.74,-2.62,Medium,0.5354267,0.1929622,0.27161115,0.5354267
54.74,-2.6,High,0.79574096,0.79574096,0.010030819,0.1942282
54.74,-2.38,Low,0.5373723,0.028814675,0.5373723,0.43381307
54.76,-3.42,High,0.75567716,0.75567716,0.008371686,0.23595116
54.76,-3.4,Medium,0.5659897,0.3576264,0.07638392,0.5659897
54.76,-3.38,High,0.9870221,0.9870221,0.0005245012,0.0124533875
54.76,-3.36,High,0.51010317,0.51010317,0.13560528,0.3542915
54.76,-3.34,High,0.99710995,0.99710995,0.00017450824,0.0027156104
54.76,-3.3200000000000003,High,0.9922794,0.9922794,0.0019754854,0.0057451045
54.76,-3.3000000000000003,High,0.8129119,0.8129119,0.0074456334,0.17964247
54.76,-3.2800000000000002,High,0.87711465,0.87711465,0.008519189,0.11436612
54.76,-3.2600000000000002,Medium,0.5304789,0.35551757,0.11400355,0.5304789
54.76,-3.24,High,0.5937299,0.5937299,0.039424103,0.36684597
54.76,-3.22,High,0.5080705,0.5080705,0.03222705,0.45970237
54.76,-3.2,Medium,0.5508371,0.23019113,0.21897174,0.5508371
54.76,-3.18,High,0.5254619,0.5254619,0.06660442,0.40793365
54.76,-3.16,Medium,0.5711932,0.21613942,0.21266733,0.5711932
54.76,-3.14,Medium,0.52586293,0.17990099,0.294236,0.52586293
54.76,-3.12,Low,0.7076645,0.014551716,0.7076645,0.27778378
54.76,-3.08,Medium,0.70399475,0.09240573,0.20359951,0.70399475
54.76,-3.06,High,0.48959917,0.48959917,0.10812906,0.40227172
54.76,-3.04,Medium,0.5512586,0.010252484,0.43848887,0.5512586
54.76,-3.02,Medium,0.5494492,0.16352127,0.28702953,0.5494492
54.76,-3.0,High,0.90537125,0.90537125,0.003598566,0.09103016
54.76,-2.98,High,0.70397013,0.70397013,0.051396426,0.24463345
54.76,-2.94,High,0.5522629,0.5522629,0.10628271,0.34145436
54.76,-2.92,Medium,0.58490443,0.14761955,0.26747605,0.58490443
54.76,-2.9,Medium,0.5654355,0.035658985,0.3989055,0.5654355
54.76,-2.88,Medium,0.5790584,0.22537121,0.19557036,0.5790584
54.76,-2.86,Medium,0.5685516,0.18863864,0.24280971,0.5685516
54.76,-2.84,High,0.69281894,0.69281894,0.040538996,0.2666421
54.76,-2.82,High,0.7791239,0.7791239,0.0049036974,0.21597244
54.76,-2.8000000000000003,Medium,0.54080516,0.2714191,0.18777573,0.54080516
54.76,-2.7800000000000002,Low,0.508419,0.015750438,0.508419,0.47583055
54.76,-2.7600000000000002,Low,0.70935136,0.009720398,0.70935136,0.2809283
54.76,-2.74,Medium,0.5641732,0.07907909,0.3567477,0.5641732
54.76,-2.72,High,0.6282332,0.6282332,0.023975128,0.34779167
54.76,-2.7,High,0.9931415,0.9931415,0.00088550063,0.0059730294
54.76,-2.68,Medium,0.5687469,0.1980067,0.23324639,0.5687469
54.76,-2.66,Medium,0.57485795,0.34957448,0.07556758,0.57485795
54.76,-2.6,Medium,0.5281314,0.091739565,0.380129,0.5281314
54.76,-2.58,Low,0.5672542,0.0654113,0.5672542,0.3673345
54.76,-2.56,Low,0.73745584,0.017585933,0.73745584,0.24495822
54.76,-2.4,High,0.6549276,0.6549276,0.038531464,0.30654094
54.76,-2.38,Medium,0.54566926,0.17082238,0.28350842,0.54566926
54.76,-2.36,Low,0.7646022,0.0067133685,0.7646022,0.22868441
54.78,-3.42,High,0.8968288,0.8968288,0.0024702665,0.10070098
54.78,-3.4,Low,0.76949465,0.023085454,0.76949465,0.20741989
54.78,-3.38,Medium,0.71214134,0.050666936,0.23719172,0.71214134
54.78,-3.36,Medium,0.5892304,0.306288,0.10448157,0.5892304
54.78,-3.34,High,0.92306846,0.92306846,0.0012745773,0.07565694
54.78,-3.3200000000000003,High,0.48524854,0.48524854,0.035289757,0.47946173
54.78,-3.3000000000000003,Medium,0.53766596,0.24361804,0.21871598,0.53766596
54.78,-3.2800000000000002,Low,0.5370934,0.044427,0.5370934,0.4184796
54.78,-3.2600000000000002,Medium,0.5987156,0.31075808,0.090526335,0.5987156
54.78,-3.24,High,0.82702506,0.82702506,0.0022092608,0.1707657
54.78,-3.22,Medium,0.46706355,0.3918607,0.14107573,0.46706355
54.78,-3.2,High,0.47794256,0.47794256,0.0629431,0.45911437
54.78,-3.18,High,0.78283983,0.78283983,0.010506574,0.20665357
54.78,-3.16,Medium,0.55890906,0.3678772,0.073213756,0.55890906
54.78,-3.14,Low,0.6022714,0.022893883,0.6022714,0.37483472
54.78,-3.12,Low,0.5282057,0.04544883,0.5282057,0.42634547
54.78,-3.1,Medium,0.5940644,0.19512722,0.2108084,0.5940644
54.78,-3.08,Medium,0.543239,0.05967626,0.3970847,0.543239
54.78,-3.04,Low,0.75008535,0.013954937,0.75008535,0.23595968
54.78,-3.02,Medium,0.50484085,0.4393915,0.055767644,0.50484085
54.78,-3.0,High,0.9640257,0.9640257,0.0020750514,0.033899244
54.78,-2.98,Medium,0.49320504,0.30974638,0.19704852,0.49320504
54.78,-2.96,Medium,0.48078027,0.37902334,0.14019643,0.48078027
54.78,-2.94,High,0.58397907,0.58397907,0.03158655,0.38443434
54.78,-2.92,Low,0.42962313,0.19707046,0.42962313,0.37330636
54.78,-2.9,High,0.8816962,0.8816962,0.003230114,0.11507369
54.78,-2.88,Medium,0.5769487,0.18074201,0.24230929,0.5769487
54.78,-2.86,Medium,0.6436069,0.11337434,0.24301878,0.6436069
54.78,-2.84,High,0.46810803,0.46810803,0.0803542,0.45153776
54.78,-2.82,High,0.7164554,0.7164554,0.016655087,0.26688948
54.78,-2.8000000000000003,Low,0.5183552,0.015356294,0.5183552,0.46628854
54.78,-2.7600000000000002,Low,0.81462497,0.012648167,0.81462497,0.17272685
54.78,-2.72,Medium,0.48838887,0.2612255,0.25038564,0.48838887
54.78,-2.7,Medium,0.5350439,0.34985405,0.11510209,0.5350439
54.78,-2.68,High,0.46412247,0.46412247,0.09869965,0.43717787
54.78,-2.66,Low,0.6837988,0.018832015,0.6837988,0.29736924
54.78,-2.64,Medium,0.4542695,0.28238422,0.26334625,0.4542695
54.78,-2.62,High,0.47135755,0.47135755,0.11491368,0.41372874
54.78,-2.6,Low,0.69601625,0.009482151,0.69601625,0.2945016
54.78,-2.48,Low,0.71432203,0.012700002,0.71432203,0.27297792
54.78,-2.46,Medium,0.49628845,0.37026152,0.13344999,0.49628845
54.78,-2.44,Medium,0.5686884,0.07713844,0.35417318,0.5686884
54.78,-2.42,Medium,0.52026874,0.30872795,0.17100333,0.52026874
54.78,-2.4,Medium,0.46434522,0.37829086,0.15736395,0.46434522
54.78,-2.36,Low,0.7050086,0.009873258,0.7050086,0.28511807
54.78,-2.34,High,0.53269196,0.53269196,0.09327725,0.37403074
54.800000000000004,-3.44,Medium,0.55512786,0.047878657,0.39699346,0.55512786
54.800000000000004,-3.42,High,0.8646232,0.8646232,0.0035445774,0.13183226
54.800000000000004,-3.4,High,0.601406,0.601406,0.047464617,0.35112938
54.800000000000004,-3.38,Medium,0.4803623,0.05052611,0.4691116,0.4803623
54.800000000000004,-3.36,Medium,0.64648175,0.26730505,0.086213246,0.64648175
54.800000000000004,-3.34,Medium,0.50857055,0.27104846,0.220381,0.50857055
54.800000000000004,-3.3200000000000003,Medium,0.6255638,0.2881127,0.08632345,0.6255638
54.800000000000004,-3.3000000000000003,High,0.5540337,0.5540337,0.034840595,0.41112572
54.800000000000004,-3.2800000000000002,High,0.47343755,0.47343755,0.08036842,0.44619402
54.800000000000004,-3.2600000000000002,High,0.66220635,0.66220635,0.00925364,0.32854003
54.800000000000004,-3.24,Low,0.4068031,0.18770376,0.4068031,0.4054931
54.800000000000004,-3.22,High,0.6609209,0.6609209,0.029690396,0.30938867
54.800000000000004,-3.2,Medium,0.6555141,0.16634187,0.17814401,0.6555141
54.800000000000004,-3.18,High,0.8299025,0.8299025,0.023076514,0.14702098
54.800000000000004,-3.16,High,0.46656913,0.46656913,0.20625676,0.32717407
54.800000000000004,-3.14,High,0.6985907,0.6985907,0.023928653,0.2774807
54.800000000000004,-3.12,Low,0.6559837,0.0046262313,0.6559837,0.3393901
54.800000000000004,-3.1,Medium,0.57898414,0.22546788,0.19554798,0.57898414
54.800000000000004,-3.08,Medium,0.53322226,0.07884131,0.3879364,0.53322226
54.800000000000004,-3.06,High,0.6711779,0.6711779,0.029503834,0.29931825
54.800000000000004,-3.04,Medium,0.5543479,0.037843656,0.40780845,0.5543479
54.800000000000004,-3.02,Medium,0.5354135,0.3068271,0.15775938,0.5354135
54.800000000000004,-3.0,High,0.8170579,0.8170579,0.009152172,0.17378986
54.800000000000004,-2.98,Medium,0.4527997,0.44748688,0.09971341,0.4527997
54.800000000000004,-2.96,High,0.9183895,0.9183895,0.0025672177,0.07904334
54.800000000000004,-2.94,Medium,0.58134615,0.09746567,0.3211882,0.58134615
54.800000000000004,-2.92,Medium,0.49760935,0.13009411,0.37229654,0.49760935
54.800000000000004,-2.9,Medium,0.57503647,0.17777777,0.2471858,0.57503647
54.800000000000004,-2.88,Medium,0.5818419,0.11038603,0.30777207,0.5818419
54.800000000000004,-2.86,High,0.70579445,0.70579445,0.015777163,0.2784284
54.800000000000004,-2.84,High,0.94017214,0.94017214,0.0028341084,0.05699371
54.800000000000004,-2.82,High,0.84135956,0.84135956,0.0139374975,0.14470294
54.800000000000004,-2.8000000000000003,Medium,0.4767759,0.18337299,0.3398511,0.4767759
54.800000000000004,-2.7800000000000002,Medium,0.5268858,0.35704258,0.11607161,0.5268858
54.800000000000004,-2.7600000000000002,High,0.6796418,0.6796418,0.032258794,0.28809944
54.800000000000004,-2.74,Medium,0.44372448,0.39100346,0.16527207,0.44372448
54.800000000000004,-2.72,High,0.49245936,0.49245936,0.121235535,0.38630515
54.800000000000004,-2.7,Low,0.64109975,0.013216379,0.64109975,0.34568384
54.800000000000004,-2.68,Low,0.50542444,0.040504426,0.50542444,0.45407113
54.800000000000004,-2.66,Low,0.68921393,0.011869844,0.68921393,0.29891622
54.800000000000004,-2.64,Low,0.46486974,0.13136673,0.46486974,0.40376356
54.800000000000004,-2.46,High,0.8616124,0.8616124,0.0210738,0.11731382
54.800000000000004,-2.44,High,0.6836498,0.6836498,0.01945704,0.29689318
54.800000000000004,-2.42,Medium,0.4363417,0.3632331,0.20042525,0.4363417
54.800000000000004,-2.4,Low,0.76139,0.025039611,0.76139,0.21357045
54.800000000000004,-2.38,High,0.6056133,0.6056133,0.027863549,0.36652318
54.800000000000004,-2.36,Low,0.40182647,0.24784626,0.40182647,0.35032734
54.800000000000004,-2.34,Medium,0.49832478,0.33467266,0.16700251,0.49832478
54.82,-3.42,Medium,0.48345056,0.22367278,0.29287666,0.48345056
54.82,-3.4,Medium,0.5483886,0.1314827,0.32012865,0.5483886
54.82,-3.38,Medium,0.561798,0.034913804,0.40328825,0.561798
54.82,-3.36,Medium,0.6054957,0.16998294,0.22452138,0.6054957
54.82,-3.34,High,0.6072348,0.6072348,0.043427978,0.3493372
54.82,-3.3200000000000003,Low,0.4968983,0.06615811,0.4968983,0.4369436
54.82,-3.3000000000000003,Low,0.6282594,0.017543828,0.6282594,0.35419676
54.82,-3.2800000000000002,High,0.51144326,0.51144326,0.039422184,0.4491346
54.82,-3.2600000000000002,Medium,0.50697374,0.2714214,0.22160484,0.50697374
54.82,-3.24,High,0.82187027,0.82187027,0.01946511,0.15866458
54.82,-3.22,High,0.6373138,0.6373138,0.029602781,0.3330834
54.82,-3.2,High,0.70266503,0.70266503,0.02552037,0.27181455
54.82,-3.18,High,0.9852272,0.9852272,0.00037880483,0.014393931
54.82,-3.16,High,0.99653375,0.99653375,0.00048723302,0.0029789868
54.82,-3.14,Medium,0.54578507,0.24732827,0.20688666,0.54578507
54.82,-3.12,Medium,0.63451123,0.15459709,0.21089162,0.63451123
54.82,-3.1,Medium,0.46963352,0.44762963,0.08273682,0.46963352
54.82,-3.06,High,0.5742815,0.5742815,0.040368438,0.38535008
54.82,-3.04,Medium,0.56157213,0.3307409,0.10768699,0.56157213
54.82,-3.02,High,0.6413421,0.6413421,0.025647739,0.3330101
54.82,-3.0,High,0.9087282,0.9087282,0.0017536108,0.08951824
54.82,-2.98,Medium,0.5065371,0.45004377,0.04341912,0.5065371
54.82,-2.96,Medium,0.47291777,0.3138266,0.21325558,0.47291777
54.82,-2.94,High,0.5665434,0.5665434,0.057893857,0.37556273
54.82,-2.9,Low,0.5327972,0.01574477,0.5327972,0.45145798
54.82,-2.88,High,0.5946254,0.5946254,0.044838205,0.36053634
54.82,-2.86,Medium,0.53807086,0.32616526,0.1357639,0.53807086
54.82,-2.84,Medium,0.69646096,0.079492584,0.22404648,0.69646096
54.82,-2.82,Low,0.6261122,0.016232256,0.6261122,0.35765553
54.82,-2.8000000000000003,Low,0.50180805,0.03111955,0.50180805,0.4670724
54.82,-2.7800000000000002,Low,0.6858274,0.02917674,0.6858274,0.2849959
54.82,-2.7600000000000002,Medium,0.6182078,0.20065767,0.18113449,0.6182078
54.82,-2.74,Medium,0.50499076,0.41047215,0.0845371,0.50499076
54.82,-2.72,Low,0.5257018,0.07180045,0.5257018,0.4024977
54.82,-2.7,Low,0.61461854,0.02188493,0.61461854,0.3634965
54.82,-2.68,Medium,0.50765914,0.24837816,0.24396269,0.50765914
54.82,-2.66,Medium,0.6086873,0.27160734,0.1197054,0.6086873
54.82,-2.46,High,0.46699402,0.46699402,0.08613122,0.44687477
54.82,-2.44,High,0.9350594,0.9350594,0.0014957561,0.06344478
54.82,-2.42,High,0.7888603,0.7888603,0.023023237,0.1881165
54.82,-2.4,Medium,0.54815835,0.283053,0.16878863,0.54815835
54.82,-2.38,Low,0.853542,0.009060839,0.853542,0.13739716
54.84,-3.42,High,0.438438,0.438438,0.13956238,0.42199957
54.84,-3.4,Medium,0.5620564,0.34405482,0.09388872,0.5620564
54.84,-3.38,Medium,0.49558133,0.29112226,0.21329635,0.49558133
54.84,-3.36,High,0.5351507,0.5351507,0.0178121,0.4470372
54.84,-3.34,Medium,0.5352882,0.099295594,0.3654162,0.5352882
54.84,-3.3200000000000003,Medium,0.55027795,0.35308585,0.09663623,0.55027795
54.84,-3.3000000000000003,High,0.79216415,0.79216415,0.009096904,0.1987389
54.84,-3.2800000000000002,High,0.9490529,0.9490529,0.0044743395,0.04647282
54.84,-3.2600000000000002,Medium,0.5708313,0.18939988,0.23976882,0.5708313
54.84,-3.24,Medium,0.6113174,0.27051374,0.11816885,0.6113174
54.84,-3.22,High,0.782373,0.782373,0.0111697465,0.20645726
54.84,-3.18,High,0.8676518,0.8676518,0.0030555835,0.12929258
54.84,-3.16,High,0.9808817,0.9808817,0.0007514296,0.018366903
54.84,-3.14,High,0.43676782,0.43676782,0.22182554,0.34140667
54.84,-3.12,High,0.6165447,0.6165447,0.0436034,0.3398519
54.84,-3.1,High,0.50553924,0.50553924,0.061554577,0.43290615
54.84,-3.08,High,0.9619316,0.9619316,0.0011828298,0.036885604
54.84,-3.06,High,0.9849531,0.9849531,0.00048768477,0.01455923
54.84,-3.04,High,0.5870834,0.5870834,0.015327412,0.39758924
54.84,-3.02,Medium,0.5546957,0.30183828,0.143466,0.5546957
54.84,-3.0,High,0.89446867,0.89446867,0.0020091475,0.10352222
54.84,-2.98,High,0.9950393,0.9950393,0.0005284792,0.004432209
54.84,-2.96,High,0.7125299,0.7125299,0.031979665,0.2554904
54.84,-2.94,High,0.854548,0.854548,0.0038546377,0.14159735
54.84,-2.92,Medium,0.4649101,0.46322235,0.07186753,0.4649101
54.84,-2.9,Medium,0.6679219,0.11514983,0.21692827,0.6679219
54.84,-2.88,High,0.5793609,0.5793609,0.042786065,0.377853
54.84,-2.86,High,0.5330331,0.5330331,0.081024185,0.38594273
54.84,-2.84,High,0.49879217,0.49879217,0.06920774,0.4320001
54.84,-2.82,High,0.8699688,0.8699688,0.0029667784,0.12706439
54.84,-2.8000000000000003,Medium,0.50397635,0.09701407,0.39900956,0.50397635
54.84,-2.7800000000000002,Medium,0.50099397,0.26364064,0.23536545,0.50099397
54.84,-2.7600000000000002,High,0.8310652,0.8310652,0.017480781,0.1514541
54.84,-2.74,Medium,0.5397688,0.17012778,0.2901034,0.5397688
54.84,-2.7,High,0.5873271,0.5873271,0.075507775,0.33716515
54.84,-2.68,Medium,0.5622369,0.22517245,0.21259062,0.5622369
54.84,-2.42,Medium,0.59970665,0.15656021,0.2437331,0.59970665
54.86,-3.4,High,0.86352015,0.86352015,0.014672675,0.121807136
54.86,-3.38,High,0.9644068,0.9644068,0.00058680587,0.03500644
54.86,-3.36,High,0.81293523,0.81293523,0.002705269,0.18435954
54.86,-3.34,Medium,0.58178186,0.28462535,0.13359275,0.58178186
54.86,-3.3200000000000003,High,0.51894885,0.51894885,0.087790444,0.39326075
54.86,-3.3000000000000003,Medium,0.5117971,0.1753374,0.31286556,0.5117971
54.86,-3.2800000000000002,Low,0.64650476,0.010441643,0.64650476,0.3430536
54.86,-3.2600000000000002,Medium,0.49147543,0.39390004,0.11462449,0.49147543
54.86,-3.2,Medium,0.586954,0.12602352,0.2870225,0.586954
54.86,-3.18,High,0.80194765,0.80194765,0.010817701,0.18723471
54.86,-3.16,High,0.9241988,0.9241988,0.0019367834,0.07386444
54.86,-3.14,Medium,0.57209176,0.37669745,0.051210824,0.57209176
54.86,-3.12,Medium,0.64032423,0.19123206,0.16844371,0.64032423
54.86,-3.1,High,0.6098644,0.6098644,0.04791082,0.3422248
54.86,-3.08,Medium,0.4940976,0.40056005,0.105342306,0.4940976
54.86,-3.06,Medium,0.6056853,0.27874056,0.11557413,0.6056853
54.86,-3.04,High,0.8808368,0.8808368,0.005254054,0.11390912
54.86,-3.02,High,0.9292927,0.9292927,0.0046347952,0.06607255
54.86,-3.0,High,0.8058489,0.8058489,0.021924637,0.17222644
54.86,-2.98,High,0.8164762,0.8164762,0.0083068935,0.17521691
54.86,-2.96,High,0.7147818,0.7147818,0.008729306,0.27648884
54.86,-2.94,High,0.66785794,0.66785794,0.004661375,0.3274806
54.86,-2.92,High,0.9925638,0.9925638,0.00041603664,0.007020238
54.86,-2.9,High,0.8948975,0.8948975,0.003957771,0.10114473
54.86,-2.88,High,0.7213293,0.7213293,0.021954028,0.25671667
54.86,-2.86,High,0.93897253,0.93897253,0.0012755339,0.059751958
54.86,-2.84,High,0.897561,0.897561,0.0032826576,0.09915636
54.86,-2.82,Low,0.5404421,0.06430259,0.5404421,0.39525527
54.86,-2.8000000000000003,Low,0.6688118,0.061661884,0.6688118,0.26952633
54.86,-2.7800000000000002,Medium,0.54397655,0.26972347,0.18629998,0.54397655
54.86,-2.7600000000000002,Medium,0.5682618,0.14025095,0.29148728,0.5682618
54.86,-2.74,Medium,0.6584098,0.11103759,0.23055261,0.6584098
54.86,-2.72,Low,0.65072775,0.019877171,0.65072775,0.32939515
54.86,-2.7,Medium,0.55808336,0.049956825,0.39195982,0.55808336
54.88,-3.38,High,0.9957261,0.9957261,0.00030382484,0.003970054
54.88,-3.36,High,0.91283274,0.91283274,0.003153608,0.084013686
54.88,-3.34,Medium,0.4629104,0.404581,0.13250855,0.4629104
54.88,-3.2600000000000002,High,0.6838335,0.6838335,0.053995054,0.26217142
54.88,-3.24,Medium,0.5324605,0.34928524,0.11825422,0.5324605
54.88,-3.22,High,0.799141,0.799141,0.005246618,0.19561237
54.88,-3.2,High,0.7297363,0.7297363,0.0086516915,0.26161203
54.88,-3.18,Medium,0.67336017,0.06523515,0.26140466,0.67336017
54.88,-3.16,Medium,0.5871466,0.121146165,0.29170725,0.5871466
54.88,-3.14,High,0.79407424,0.79407424,0.012026304,0.19389947
54.88,-3.12,Medium,0.5333573,0.13254617,0.3340965,0.5333573
54.88,-3.04,High,0.7565403,0.7565403,0.011312317,0.23214735
54.88,-3.02,Medium,0.74064445,0.13775444,0.12160107,0.74064445
54.88,-3.0,High,0.4358476,0.4358476,0.16997512,0.39417723
54.88,-2.98,High,0.9868174,0.9868174,0.0006265218,0.012556143
54.88,-2.96,High,0.9950636,0.9950636,0.0004204098,0.004515986
54.88,-2.94,High,0.9797426,0.9797426,0.00077378645,0.019483568
54.88,-2.92,High,0.9849031,0.9849031,0.00057158887,0.01452525
54.88,-2.9,High,0.980529,0.980529,0.0007314403,0.018739525
54.88,-2.88,High,0.9644314,0.9644314,0.000774925,0.03479366
54.88,-2.86,Medium,0.42862666,0.26724076,0.30413264,0.42862666
54.88,-2.84,High,0.9968893,0.9968893,0.00025978577,0.002850927
54.88,-2.82,High,0.92497414,0.92497414,0.001372679,0.073653206
54.88,-2.8000000000000003,High,0.88104165,0.88104165,0.0036963758,0.115261994
54.88,-2.7800000000000002,High,0.99521965,0.99521965,0.00072773534,0.0040526385
54.88,-2.7600000000000002,Medium,0.5530704,0.26523122,0.1816984,0.5530704
54.88,-2.74,Medium,0.46238014,0.11476654,0.4228533,0.46238014
54.88,-2.72,Medium,0.55004805,0.08593454,0.3640174,0.55004805
54.88,-2.68,Low,0.5585413,0.022674398,0.5585413,0.41878432
54.9,-3.36,Medium,0.61796683,0.21045345,0.1715797,0.61796683
54.9,-3.2600000000000002,Medium,0.5159882,0.22200231,0.2620095,0.5159882
54.9,-3.24,Medium,0.50675917,0.06011052,0.43313035,0.50675917
54.9,-3.22,Medium,0.4991588,0.3887263,0.11211494,0.4991588
54.9,-3.2,High,0.9882046,0.9882046,0.0005436942,0.011251712
54.9,-3.18,Medium,0.5642688,0.35174644,0.08398478,0.5642688
54.9,-3.16,Medium,0.5046685,0.26023915,0.23509236,0.5046685
54.9,-3.14,Low,0.5320596,0.031532735,0.5320596,0.43640763
54.9,-3.12,Medium,0.6102849,0.16446146,0.22525358,0.6102849
54.9,-3.1,Medium,0.50030756,0.39905497,0.10063748,0.50030756
54.9,-3.08,High,0.87140673,0.87140673,0.007905939,0.12068731
54.9,-3.06,High,0.91095,0.91095,0.0037031726,0.08534683
54.9,-3.04,High,0.8825028,0.8825028,0.0050421427,0.11245514
54.9,-3.02,High,0.6381153,0.6381153,0.028395182,0.3334895
54.9,-3.0,Medium,0.46998703,0.45627722,0.0737357,0.46998703
54.9,-2.98,High,0.99715257,0.99715257,0.00039971605,0.0024476717
54.9,-2.96,High,0.97554183,0.97554183,0.0009260511,0.02353209
54.9,-2.94,High,0.99007154,0.99007154,0.00043568586,0.009492765
54.9,-2.92,High,0.9862584,0.9862584,0.00061584386,0.013125791
54.9,-2.9,High,0.99594694,0.99594694,0.00025594438,0.0037971626
54.9,-2.88,High,0.98127544,0.98127544,0.00047551832,0.018249014
54.9,-2.86,High,0.8533876,0.8533876,0.007611149,0.13900128
54.9,-2.84,High,0.78753585,0.78753585,0.004307669,0.20815648
54.9,-2.82,High,0.99108136,0.99108136,0.0035200121,0.00539859
54.9,-2.8000000000000003,High,0.89569414,0.89569414,0.0023140637,0.10199182
54.9,-2.7800000000000002,High,0.5956706,0.5956706,0.06023044,0.344099
54.9,-2.7600000000000002,High,0.83404386,0.83404386,0.0037519913,0.16220412
54.9,-2.74,High,0.46996287,0.46996287,0.12186403,0.40817314
54.9,-2.72,High,0.8427296,0.8427296,0.0049135922,0.15235683
54.9,-2.7,High,0.5251976,0.5251976,0.07271498,0.40208742
54.9,-2.66,Low,0.60894936,0.01778541,0.60894936,0.37326524
54.92,-3.3000000000000003,Low,0.62304646,0.046617765,0.62304646,0.33033577
54.92,-3.2600000000000002,Low,0.67932093,0.021206621,0.67932093,0.29947245
54.92,-3.24,High,0.7268748,0.7268748,0.0070066885,0.26611853
54.92,-3.22,Medium,0.46772897,0.45638934,0.0758817,0.46772897
54.92,-3.2,High,0.5129205,0.5129205,0.08665344,0.40042606
54.92,-3.18,Medium,0.4287092,0.3502499,0.22104084,0.4287092
54.92,-3.14,High,0.4686513,0.4686513,0.15344837,0.37790036
54.92,-3.12,Low,0.62039053,0.023580385,0.62039053,0.35602906
54.92,-3.1,High,0.81121486,0.81121486,0.0128617985,0.17592332
54.92,-3.08,High,0.87738675,0.87738675,0.005420595,0.11719262
54.92,-3.06,High,0.948629,0.948629,0.0011429928,0.050227944
54.92,-3.04,Medium,0.70031035,0.15327933,0.14641033,0.70031035
54.92,-3.02,High,0.9882875,0.9882875,0.000465957,0.01124653
54.92,-3.0,High,0.9646476,0.9646476,0.0012310661,0.03412139
54.92,-2.98,High,0.69573873,0.69573873,0.02661567,0.27764562
54.92,-2.96,High,0.99728596,0.99728596,0.00064126565,0.0020728123
54.92,-2.94,High,0.9916359,0.9916359,0.00048694905,0.007877201
54.92,-2.92,High,0.996498,0.996498,0.000298754,0.003203245
54.92,-2.9,High,0.9354137,0.9354137,0.0035893463,0.060996972
54.92,-2.88,Medium,0.48880863,0.48420534,0.026986003,0.48880863
54.92,-2.86,High,0.9686809,0.9686809,0.00047697377,0.030842187
54.92,-2.84,High,0.53331614,0.53331614,0.25433737,0.21234648
54.92,-2.82,Medium,0.5047045,0.42725503,0.06804054,0.5047045
54.92,-2.8000000000000003,Medium,0.50564766,0.41808826,0.07626408,0.50564766
54.92,-2.7800000000000002,High,0.9280177,0.9280177,0.0029390906,0.06904319
54.92,-2.7600000000000002,High,0.89540565,0.89540565,0.0011949431,0.10339942
54.92,-2.74,High,0.98900026,0.98900026,0.00059385865,0.010405914
54.92,-2.72,Medium,0.5633141,0.32044518,0.11624077,0.5633141
54.92,-2.7,Medium,0.5763741,0.29716045,0.12646541,0.5763741
54.92,-2.66,High,0.89161545,0.89161545,0.008512085,0.0998725
54.92,-2.64,High,0.5678542,0.5678542,0.04186446,0.39028132
54.92,-2.62,Low,0.7156288,0.009405996,0.7156288,0.27496523
54.92,-2.6,Medium,0.5161872,0.16538553,0.3184273,0.5161872
54.92,-2.56,Medium,0.4433824,0.34430936,0.21230824,0.4433824
54.94,-3.2800000000000002,Low,0.83595634,0.018419519,0.83595634,0.14562413
54.94,-3.2600000000000002,Medium,0.558998,0.10634601,0.334656,0.558998
54.94,-3.24,Medium,0.58238083,0.110246025,0.30737317,0.58238083
54.94,-3.22,Low,0.7132224,0.011212978,0.7132224,0.27556464
54.94,-3.2,Medium,0.59201133,0.06744423,0.34054443,0.59201133
54.94,-3.18,High,0.8814692,0.8814692,0.0046439287,0.11388685
54.94,-3.16,Medium,0.48669598,0.05025914,0.46304494,0.48669598
54.94,-3.04,Medium,0.7153664,0.108777516,0.17585602,0.7153664
54.94,-3.02,Medium,0.5202768,0.36430472,0.11541849,0.5202768
54.94,-3.0,High,0.9954229,0.9954229,0.00020649612,0.004370591
54.94,-2.98,High,0.6800702,0.6800702,0.008927976,0.3110018
54.94,-2.96,High,0.83148015,0.83148015,0.0030599341,0.16545992
54.94,-2.94,High,0.9970892,0.9970892,0.00025492662,0.002655867
54.94,-2.92,High,0.9725248,0.9725248,0.0019016347,0.025573613
54.94,-2.9,High,0.4781597,0.4781597,0.08729866,0.43454164
54.94,-2.88,High,0.78991044,0.78991044,0.029236348,0.18085323
54.94,-2.86,Medium,0.56210893,0.095224924,0.3426661,0.56210893
54.94,-2.84,High,0.504626,0.504626,0.05339225,0.44198176
54.94,-2.82,Medium,0.5555955,0.21766868,0.22673583,0.5555955
54.94,-2.8000000000000003,High,0.52665436,0.52665436,0.057405904,0.41593975
54.94,-2.7800000000000002,High,0.72212887,0.72212887,0.03622554,0.24164559
54.94,-2.7600000000000002,Medium,0.5841685,0.27414128,0.14169022,0.5841685
54.94,-2.74,High,0.9973091,0.9973091,0.00033093602,0.0023599842
54.94,-2.72,High,0.9842031,0.9842031,0.00042164553,0.015375313
54.94,-2.7,High,0.7875002,0.7875002,0.012335286,0.20016451
54.94,-2.68,High,0.70623225,0.70623225,0.0132420175,0.28052577
54.94,-2.66,Medium,0.50363415,0.092762254,0.40360358,0.50363415
54.94,-2.64,Medium,0.58285457,0.23518588,0.18195952,0.58285457
54.94,-2.62,Medium,0.47635368,0.069564074,0.45408225,0.47635368
54.94,-2.6,Low,0.5434993,0.037921004,0.5434993,0.4185797
54.94,-2.56,Low,0.7413739,0.021854023,0.7413739,0.23677208
54.96,-3.22,Medium,0.56239766,0.09336451,0.3442378,0.56239766
54.96,-3.02,High,0.94005996,0.94005996,0.0009298289,0.05901022
54.96,-3.0,High,0.64139986,0.64139986,0.028052086,0.3305481
54.96,-2.98,High,0.94386834,0.94386834,0.00482155,0.051310107
54.96,-2.96,High,0.7343071,0.7343071,0.0039972123,0.26169562
54.96,-2.94,High,0.8674213,0.8674213,0.010310052,0.122268654
54.96,-2.92,High,0.5762621,0.5762621,0.072962165,0.3507757
54.96,-2.9,Medium,0.44168064,0.41198167,0.14633773,0.44168064
54.96,-2.88,High,0.88036317,0.88036317,0.002497504,0.117139354
54.96,-2.86,High,0.9055855,0.9055855,0.0031342702,0.09128025
54.96,-2.84,Medium,0.53106326,0.2688367,0.20010002,0.53106326
54.96,-2.82,High,0.82565975,0.82565975,0.0040013106,0.17033893
54.96,-2.8000000000000003,Medium,0.49061725,0.39676005,0.11262267,0.49061725
54.96,-2.7800000000000002,High,0.84708935,0.84708935,0.0093595525,0.14355111
54.96,-2.7600000000000002,Medium,0.6220061,0.27556062,0.10243334,0.6220061
54.96,-2.74,Medium,0.8180891,0.11272034,0.06919056,0.8180891
54.96,-2.72,Medium,0.4148979,0.36246318,0.22263888,0.4148979
54.96,-2.7,High,0.4841938,0.4841938,0.068608046,0.44719815
54.96,-2.68,Medium,0.6018681,0.09353216,0.30459973,0.6018681
54.96,-2.66,Medium,0.47871712,0.39079726,0.13048562,0.47871712
54.96,-2.64,High,0.80135345,0.80135345,0.024008548,0.17463805
54.96,-2.6,Low,0.73844486,0.027946545,0.73844486,0.23360865
54.980000000000004,-3.04,Medium,0.5801232,0.12791215,0.2919647,0.5801232
54.980000000000004,-3.02,High,0.5406955,0.5406955,0.058007136,0.40129736
54.980000000000004,-3.0,Medium,0.49376324,0.3547381,0.15149869,0.49376324
54.980000000000004,-2.98,High,0.6724736,0.6724736,0.054393273,0.27313313
54.980000000000004,-2.96,High,0.9576419,0.9576419,0.00061748154,0.041740593
54.980000000000004,-2.94,High,0.98537767,0.98537767,0.00052684365,0.014095493
54.980000000000004,-2.92,High,0.82669795,0.82669795,0.0044731735,0.16882886
54.980000000000004,-2.9,High,0.49113238,0.49113238,0.09405964,0.41480795
54.980000000000004,-2.88,High,0.9941748,0.9941748,0.000578026,0.00524716
54.980000000000004,-2.86,High,0.52325296,0.52325296,0.080094874,0.39665222
54.980000000000004,-2.84,Medium,0.5664288,0.15251535,0.28105587,0.5664288
54.980000000000004,-2.82,High,0.86606216,0.86606216,0.007939986,0.12599784
54.980000000000004,-2.8000000000000003,High,0.50075537,0.50075537,0.085466996,0.41377765
54.980000000000004,-2.7600000000000002,Medium,0.5225265,0.13244066,0.34503284,0.5225265
54.980000000000004,-2.74,Medium,0.5373509,0.3709194,0.09172968,0.5373509
54.980000000000004,-2.72,Medium,0.5117804,0.345379,0.14284061,0.5117804
54.980000000000004,-2.7,Medium,0.5760599,0.15302728,0.27091286,0.5760599
54.980000000000004,-2.68,Medium,0.50787616,0.25799954,0.23412433,0.50787616
54.980000000000004,-2.66,Low,0.6960673,0.009976258,0.6960673,0.29395646
54.980000000000004,-2.64,Medium,0.5830309,0.18110934,0.23585978,0.5830309
54.980000000000004,-2.62,Medium,0.46181056,0.12713034,0.41105908,0.46181056
54.980000000000004,-2.6,Low,0.6477899,0.019918084,0.6477899,0.332292
54.980000000000004,-2.58,Medium,0.56930894,0.30664557,0.124045454,0.56930894
55.0,-3.04,High,0.6103089,0.6103089,0.023118023,0.36657307
55.0,-3.02,High,0.73386025,0.73386025,0.014145424,0.25199434
55.0,-3.0,High,0.9248695,0.9248695,0.0025730527,0.07255741
55.0,-2.98,High,0.8478529,0.8478529,0.00674785,0.14539926
55.0,-2.96,High,0.99617165,0.99617165,0.00030338272,0.003524983
55.0,-2.94,Medium,0.64381945,0.2888577,0.06732285,0.64381945
55.0,-2.92,High,0.8451067,0.8451067,0.009620485,0.14527276
55.0,-2.9,Medium,0.5220128,0.3323211,0.14566605,0.5220128
55.0,-2.88,High,0.6351343,0.6351343,0.042749725,0.32211596
55.0,-2.86,Medium,0.49604422,0.17584325,0.32811245,0.49604422
55.0,-2.84,High,0.83497643,0.83497643,0.00638274,0.15864086
55.0,-2.82,High,0.84751374,0.84751374,0.0074675437,0.14501867
55.0,-2.8000000000000003,Medium,0.54703057,0.089964874,0.36300457,0.54703057
55.0,-2.7800000000000002,Medium,0.45712575,0.118863665,0.42401057,0.45712575
55.0,-2.74,Medium,0.4816182,0.4514168,0.066965066,0.4816182
55.0,-2.72,Medium,0.6985564,0.06358494,0.23785861,0.6985564
55.0,-2.7,Medium,0.54761255,0.3671835,0.08520391,0.54761255
55.0,-2.68,Medium,0.51878965,0.45137846,0.029831862,0.51878965
55.0,-2.66,Low,0.56176573,0.079510964,0.56176573,0.3587233
55.0,-2.64,Low,0.71909034,0.02437002,0.71909034,0.25653967
55.0,-2.6,Low,0.48794687,0.038030278,0.48794687,0.47402284
55.0,-2.58,Medium,0.61621207,0.29893556,0.08485236,0.61621207
55.02,-3.0,High,0.6209892,0.6209892,0.033381958,0.34562883
55.02,-2.98,High,0.9928515,0.9928515,0.00027881502,0.0068696835
55.02,-2.96,High,0.9790677,0.9790677,0.00048088832,0.020451412
55.02,-2.94,High,0.53324234,0.53324234,0.043606702,0.42315093
55.02,-2.92,High,0.8407995,0.8407995,0.003570781,0.15562966
55.02,-2.9,Medium,0.71795046,0.19732998,0.08471959,0.71795046
55.02,-2.88,Medium,0.55777717,0.37921256,0.063010246,0.55777717
55.02,-2.86,Medium,0.5112901,0.15404335,0.3346666,0.5112901
55.02,-2.84,Medium,0.5511892,0.08371271,0.36509812,0.5511892
55.02,-2.82,High,0.49733612,0.49733612,0.050378587,0.45228532
55.02,-2.8000000000000003,Low,0.5389584,0.06286656,0.5389584,0.39817506
55.02,-2.7800000000000002,Medium,0.72639924,0.0132594295,0.26034135,0.72639924
55.02,-2.7600000000000002,Medium,0.5129289,0.24254192,0.24452916,0.5129289
55.02,-2.74,Medium,0.49923363,0.112828165,0.38793814,0.49923363
55.02,-2.72,Medium,0.6379353,0.25907972,0.102985,0.6379353
55.02,-2.7,High,0.9565095,0.9565095,0.0013904711,0.042100124
55.02,-2.68,Medium,0.55230325,0.15449144,0.2932053,0.55230325
55.02,-2.66,Low,0.721973,0.01063324,0.721973,0.2673937
55.02,-2.6,High,0.8381049,0.8381049,0.0018446988,0.1600504
55.04,-2.98,High,0.5186155,0.5186155,0.039084226,0.4423003
55.04,-2.96,High,0.45002887,0.45002887,0.11268267,0.4372885
55.04,-2.94,Medium,0.5892366,0.3007767,0.10998667,0.5892366
55.04,-2.9,High,0.9719278,0.9719278,0.0017912674,0.026280858
55.04,-2.88,Low,0.6946393,0.17225347,0.6946393,0.13310723
55.04,-2.86,Medium,0.53874636,0.23067373,0.23057991,0.53874636
55.04,-2.84,Medium,0.6030023,0.18953457,0.20746312,0.6030023
55.04,-2.82,Medium,0.46981442,0.3977963,0.13238925,0.46981442
55.04,-2.8000000000000003,Medium,0.49400687,0.19274683,0.31324634,0.49400687
55.04,-2.7800000000000002,High,0.56500626,0.56500626,0.036674462,0.39831927
55.04,-2.7600000000000002,Low,0.57614934,0.052872274,0.57614934,0.37097833
55.04,-2.74,Low,0.48548275,0.06263301,0.48548275,0.45188418
55.04,-2.68,Medium,0.6003768,0.16185527,0.23776793,0.6003768
55.06,-2.94,Low,0.6750782,0.031720202,0.6750782,0.29320163
55.06,-2.92,High,0.7377165,0.7377165,0.02111628,0.24116723
55.06,-2.9,High,0.47863415,0.47863415,0.11145602,0.40990984
55.06,-2.88,Medium,0.62647384,0.25681886,0.11670734,0.62647384
55.06,-2.86,High,0.4689149,0.4689149,0.09091886,0.4401663
55.06,-2.84,Medium,0.5785181,0.093458526,0.32802337,0.5785181
55.06,-2.82,Medium,0.60524774,0.11609064,0.27866167,0.60524774
55.06,-2.8000000000000003,Medium,0.58569175,0.12029415,0.29401413,0.58569175
55.06,-2.7800000000000002,High,0.78348255,0.78348255,0.0031301363,0.2133873
55.06,-2.7600000000000002,High,0.6854841,0.6854841,0.023071084,0.2914448
55.06,-2.74,Low,0.73629946,0.008756639,0.73629946,0.2549439
55.06,-2.72,Medium,0.5929546,0.06003983,0.34700555,0.5929546
55.06,-2.7,Low,0.5547549,0.06344687,0.5547549,0.38179818
55.06,-2.68,Medium,0.55411935,0.15455216,0.2913285,0.55411935
55.08,-2.92,Low,0.6522047,0.024484228,0.6522047,0.3233111
55.08,-2.9,Low,0.5650167,0.013449615,0.5650167,0.4215337
55.08,-2.88,Medium,0.5218712,0.34692147,0.13120735,0.5218712
55.08,-2.86,Medium,0.5549433,0.32035276,0.12470392,0.5549433
55.08,-2.84,Medium,0.5148016,0.29039428,0.19480407,0.5148016
55.08,-2.82,Low,0.6794255,0.010548261,0.6794255,0.3100263
55.08,-2.7800000000000002,Low,0.49753356,0.09808789,0.49753356,0.4043786
55.08,-2.7600000000000002,Medium,0.47137922,0.38875258,0.13986824,0.47137922
55.08,-2.74,Low,0.6206269,0.033082396,0.6206269,0.34629065
55.08,-2.7,Medium,0.5133971,0.19349293,0.29310998,0.5133971
55.08,-2.68,Medium,0.5875934,0.053768754,0.3586379,0.5875934
55.1,-2.88,Medium,0.47112486,0.07807161,0.4508035,0.47112486
55.1,-2.86,High,0.59626603,0.59626603,0.046417594,0.35731634
55.1,-2.84,Medium,0.5200361,0.3745655,0.105398364,0.5200361
55.1,-2.82,Medium,0.52499104,0.14960185,0.32540712,0.52499104
55.1,-2.8000000000000003,Low,0.7980931,0.0071483925,0.7980931,0.19475852
55.1,-2.7600000000000002,Medium,0.5351297,0.3280532,0.1368171,0.5351297
55.1,-2.74,Low,0.5254397,0.03544056,0.5254397,0.43911973
55.1,-2.72,Medium,0.48345792,0.056433756,0.46010837,0.48345792
55.120000000000005,-2.82,Low,0.46834993,0.06762281,0.46834993,0.46402726
55.120000000000005,-2.7600000000000002,Medium,0.52954227,0.086778045,0.3836797,0.52954227
55.14,-2.82,Medium,0.481147,0.040823773,0.47802928,0.481147
55.14,-2.7800000000000002,Low,0.825222,0.0072069527,0.825222,0.167571
