lat,lon,risk_level,confidence,prob_high,prob_low,prob_medium
53.18,-2.22,Medium,0.4994749467986664,0.3753222133831337,0.12520283981819996,0.4994749467986664
53.18,-2.2,High,0.9464627486984863,0.9464627486984863,0.0020406545507251268,0.051496596750788264
53.18,-2.14,Low,0.5400669394490089,0.046437331515172084,0.5400669394490089,0.41349572903581927
53.18,-2.12,High,0.6201111508770291,0.6201111508770291,0.04584907589628589,0.3340397732266854
53.18,-2.1,Medium,0.5381331553976857,0.11615320505292774,0.34571363954938633,0.5381331553976857
53.18,-2.08,Low,0.5562207179327531,0.05960773367302561,0.5562207179327531,0.384171548394222
53.18,-2.06,Medium,0.5183043707839334,0.22605515046998423,0.2556404787460824,0.5183043707839334
53.2,-2.2600000000000002,Low,0.542671963077976,0.05713079641387122,0.542671963077976,0.40019724050815286
53.2,-2.24,Low,0.6156551214820926,0.034565069539226084,0.6156551214820926,0.3497798089786815
53.2,-2.22,High,0.5159212624418703,0.5159212624418703,0.06018741528151301,0.4238913222766165
53.2,-2.2,High,0.818953072745964,0.818953072745964,0.009893797346068727,0.17115312990796705
53.2,-2.18,High,0.8461305129034042,0.8461305129034042,0.012018662692471977,0.14185082440412392
53.2,-2.16,High,0.6082058408534761,0.6082058408534761,0.039125493464744296,0.3526686656817798
53.2,-2.14,High,0.6135417620870538,0.6135417620870538,0.04375156386674208,0.34270667404620425
53.2,-2.12,High,0.8054956573940072,0.8054956573940072,0.012640389150469738,0.18186395345552323
53.2,-2.1,Low,0.564831168809761,0.0545389016301778,0.564831168809761,0.38062992956006153
53.2,-2.08,High,0.5550413908380737,0.5550413908380737,0.05959835350577445,0.38536025565615184
53.2,-2.06,Medium,0.5253302163618532,0.1499886773516668,0.3246811062864805,0.5253302163618532
53.2,-2.04,Medium,0.5213633727696252,0.28600283588099007,0.19263379134938496,0.5213633727696252
53.2,-2.02,Medium,0.4863239044521891,0.1395057239228909,0.37417037162492006,0.4863239044521891
53.2,-2.0,Low,0.5160989994024835,0.08077691535670865,0.5160989994024835,0.40312408524080756
53.22,-2.2800000000000002,High,0.8414701183778119,0.8414701183778119,0.007263103433071092,0.15126677818911707
53.22,-2.2600000000000002,High,0.6524783952652073,0.6524783952652073,0.0365813452359129,0.31094025949887993
53.22,-2.24,Medium,0.4899779227405284,0.3892631368844925,0.12075894037497947,0.4899779227405284
53.22,-2.22,High,0.8479960785173339,0.8479960785173339,0.008549580051284738,0.14345434143138136
53.22,-2.2,Medium,0.5290355067900144,0.2662671732021078,0.20469732000787752,0.5290355067900144
53.22,-2.18,High,0.7771263718812241,0.7771263718812241,0.015115665367623245,0.20775796275115252
53.22,-2.16,High,0.6702972673248822,0.6702972673248822,0.028361033520233427,0.3013416991548844
53.22,-2.14,High,0.5500561944940151,0.5500561944940151,0.058726353152956455,0.39121745235302846
53.22,-2.12,High,0.6886645015569016,0.6886645015569016,0.026425790802910725,0.28490970764018775
53.22,-2.1,High,0.7043574749524021,0.7043574749524021,0.021963531435854392,0.2736789936117436
53.22,-2.08,High,0.6695643398460429,0.6695643398460429,0.03704141924345248,0.2933942409105046
53.22,-2.06,Medium,0.5472993103854022,0.21637151158046483,0.236329178034133,0.5472993103854022
53.22,-2.02,Medium,0.5433058697939167,0.18128286319483058,0.2754112670112525,0.5433058697939167
53.24,-2.3000000000000003,High,0.6776084175729343,0.6776084175729343,0.030286975528005425,0.29210460689906026
53.24,-2.2800000000000002,Medium,0.5090241787828375,0.19387760150078137,0.2970982197163812,0.5090241787828375
53.24,-2.2600000000000002,High,0.5901070037131017,0.5901070037131017,0.05127628173211141,0.3586167145547872
53.24,-2.24,High,0.8468241611788129,0.8468241611788129,0.010163181878353099,0.1430126569428335
53.24,-2.22,Medium,0.4923086913034049,0.4005937004935186,0.1070976082030764,0.4923086913034049
53.24,-2.2,High,0.5302783623002632,0.5302783623002632,0.07052050877268613,0.39920112892705134
53.24,-2.18,High,0.750537729820193,0.750537729820193,0.014708142016754173,0.23475412816305308
53.24,-2.16,High,0.9570412332687842,0.9570412332687842,0.0010844781434560596,0.04187428858776014
53.24,-2.14,High,0.9725825001313078,0.9725825001313078,0.0008087906724949141,0.026608709196197865
53.24,-2.12,High,0.9111740231707262,0.9111740231707262,0.0004782226298358983,0.0883477541994378
53.24,-2.1,High,0.967737699612819,0.967737699612819,0.001257654716882595,0.031004645670299
53.24,-2.08,Medium,0.46438256036877457,0.43742258380207555,0.09819485582914975,0.46438256036877457
53.24,-2.06,Medium,0.5100858429852432,0.13427348810152556,0.3556406689132311,0.5100858429852432
53.24,-2.04,Low,0.7012769450710985,0.018116460362420605,0.7012769450710985,0.28060659456648107
53.24,-2.02,Low,0.5898824093107339,0.04753561258543075,0.5898824093107339,0.3625819781038356
53.24,-2.0,Low,0.6877724154697955,0.018254349691981406,0.6877724154697955,0.2939732348382231
53.24,-1.94,High,0.7705245030876853,0.7705245030876853,0.010413111045512215,0.21906238586680307
53.24,-1.92,Medium,0.5237149053812241,0.18771411689447143,0.288570977724304,0.5237149053812241
53.24,-1.9000000000000001,High,0.9703658460095267,0.9703658460095267,0.0015875747820723169,0.02804657920840164
53.26,-2.3000000000000003,High,0.6559979546771855,0.6559979546771855,0.039907541588733754,0.3040945037340807
53.26,-2.2800000000000002,High,0.8573261943092476,0.8573261943092476,0.007222740691257081,0.13545106499949516
53.26,-2.2600000000000002,High,0.9329353331260993,0.9329353331260993,0.001919060339885833,0.06514560653401447
53.26,-2.24,Medium,0.4864067959764118,0.4348262780274009,0.07876692599618783,0.4864067959764118
53.26,-2.22,Medium,0.48176237750720824,0.26019075819363247,0.2580468642991586,0.48176237750720824
53.26,-2.2,High,0.5278829627880472,0.5278829627880472,0.05987322526152769,0.4122438119504252
53.26,-2.18,High,0.9235268359605855,0.9235268359605855,0.002239769324584737,0.07423339471482984
53.26,-2.16,High,0.9639394931477447,0.9639394931477447,0.0007346101896693752,0.035325896662586176
53.26,-2.14,High,0.9072333787818333,0.9072333787818333,0.0004295050934556386,0.09233711612471097
53.26,-2.12,High,0.9404152851109386,0.9404152851109386,0.0005291092302447314,0.05905560565881669
53.26,-2.1,High,0.970004489485334,0.970004489485334,0.0007570657050568248,0.02923844480960923
53.26,-2.08,High,0.778288784258337,0.778288784258337,0.009332267994626036,0.21237894774703645
53.26,-2.06,Medium,0.5066301347463665,0.2503606949653055,0.243009170288328,0.5066301347463665
53.26,-2.04,Medium,0.547321190523503,0.1260862467428918,0.3265925627336051,0.547321190523503
53.26,-2.02,Medium,0.5356171240273614,0.24919268634753866,0.21519018962510011,0.5356171240273614
53.26,-2.0,Low,0.7375534896472904,0.019080827093444136,0.7375534896472904,0.24336568325926547
53.26,-1.94,High,0.9212173691959942,0.9212173691959942,0.004948353398782277,0.07383427740522379
53.26,-1.92,High,0.93954658721622,0.93954658721622,0.002285753674619134,0.05816765910916051
53.26,-1.9000000000000001,High,0.9419108917278314,0.9419108917278314,0.0004203105002308785,0.0576687977719378
53.26,-1.8800000000000001,Low,0.5385053379120142,0.05932631581836342,0.5385053379120142,0.4021683462696222
53.26,-1.86,Medium,0.4632683890455747,0.07583081145782758,0.4609007994965979,0.4632683890455747
53.26,-1.84,Medium,0.4881550864204126,0.07793251482359005,0.43391239875599735,0.4881550864204126
53.26,-1.82,High,0.5162467848895915,0.5162467848895915,0.08160160391678825,0.4021516111936206
53.26,-1.8,Medium,0.5283681078102581,0.18557483621602394,0.28605705597371783,0.5283681078102581
53.28,-2.3000000000000003,Medium,0.5039492445853972,0.1130949505820706,0.3829558048325319,0.5039492445853972
53.28,-2.2800000000000002,High,0.916423395016759,0.916423395016759,0.004876508870753198,0.07870009611248827
53.28,-2.2600000000000002,High,0.866892751619197,0.866892751619197,0.007636603778966419,0.12547064460183655
53.28,-2.24,High,0.9116956111696681,0.9116956111696681,0.0035169806263578296,0.08478740820397393
53.28,-2.22,High,0.793402986038404,0.793402986038404,0.01185712946629563,0.19473988449530022
53.28,-2.2,High,0.8713736721469535,0.8713736721469535,0.007728548224088031,0.12089777962895827
53.28,-2.18,High,0.9182724789748081,0.9182724789748081,0.0022302490048288835,0.0794972720203628
53.28,-2.16,High,0.9559324373864385,0.9559324373864385,0.0006827743689500401,0.04338478824461212
53.28,-2.14,High,0.976595742103823,0.976595742103823,0.0011684057343585264,0.02223585216181886
53.28,-2.12,High,0.973925666250673,0.973925666250673,0.0004813722814532502,0.025592961467874466
53.28,-2.1,High,0.9152050799165421,0.9152050799165421,0.002535115177332924,0.0822598049061249
53.28,-2.08,High,0.9764725307190534,0.9764725307190534,0.000989808792584006,0.02253766048836282
53.28,-2.06,Medium,0.5218398810650399,0.3285201596680409,0.14963995926691898,0.5218398810650399
53.28,-2.04,Medium,0.47212929001509996,0.4142339868954611,0.11363672308943905,0.47212929001509996
53.28,-2.02,Low,0.6773022698786186,0.021533092865262237,0.6773022698786186,0.3011646372561192
53.28,-1.98,Low,0.781399983439499,0.009187503002178458,0.781399983439499,0.20941251355832294
53.28,-1.96,Medium,0.5563159630389026,0.23339335981247605,0.21029067714862115,0.5563159630389026
53.28,-1.9000000000000001,High,0.7254106207183164,0.7254106207183164,0.024271140241330928,0.2503182390403523
53.28,-1.8800000000000001,High,0.9160826466010497,0.9160826466010497,0.002647151395872398,0.08127020200307794
53.28,-1.86,High,0.7810393078509935,0.7810393078509935,0.012658972353174858,0.2063017197958312
53.28,-1.84,Low,0.4826050221417572,0.0718071416548955,0.4826050221417572,0.44558783620334735
53.28,-1.82,Medium,0.49486082253874486,0.32082710081805077,0.18431207664320395,0.49486082253874486
53.300000000000004,-2.3000000000000003,High,0.48522269264292783,0.48522269264292783,0.08227429402136995,0.4325030133357027
53.300000000000004,-2.2800000000000002,High,0.9017251273867367,0.9017251273867367,0.00590220402373939,0.09237266858952388
53.300000000000004,-2.2600000000000002,High,0.9203173683774633,0.9203173683774633,0.0034062682366317602,0.07627636338590502
53.300000000000004,-2.24,High,0.9753525453536862,0.9753525453536862,0.0006627028841822524,0.023984751762131926
53.300000000000004,-2.22,High,0.9154181060468818,0.9154181060468818,0.001032742010258565,0.08354915194285956
53.300000000000004,-2.2,High,0.6824643185328688,0.6824643185328688,0.036747730309115496,0.28078795115801564
53.300000000000004,-2.18,High,0.964482618585742,0.964482618585742,0.0013992237750465257,0.03411815763921198
53.300000000000004,-2.16,High,0.9593427294164998,0.9593427294164998,0.0024123777239294215,0.03824489285957085
53.300000000000004,-2.14,High,0.9708606879743263,0.9708606879743263,0.0004502667654408823,0.028689045260233557
53.300000000000004,-2.12,High,0.9732608457732245,0.9732608457732245,0.0008090216233708944,0.025930132603404946
53.300000000000004,-2.1,High,0.949714382768808,0.949714382768808,0.00046454981864586196,0.04982106741254641
53.300000000000004,-2.08,High,0.9702118890639566,0.9702118890639566,0.001144366243997371,0.028643744692045555
53.300000000000004,-2.06,High,0.6173430027819095,0.6173430027819095,0.04614467871336721,0.3365123185047239
53.300000000000004,-2.04,Low,0.6174862791508288,0.04381007931374785,0.6174862791508288,0.3387036415354234
53.300000000000004,-2.02,High,0.7160087339983215,0.7160087339983215,0.033859451675346326,0.2501318143263321
53.300000000000004,-2.0,Low,0.48206363375009575,0.10595036022247094,0.48206363375009575,0.4119860060274332
53.300000000000004,-1.98,High,0.7193385126793441,0.7193385126793441,0.01863829979300723,0.26202318752764864
53.300000000000004,-1.96,Low,0.4300974692355275,0.18325817707118272,0.4300974692355275,0.3866443536932902
53.300000000000004,-1.94,High,0.9204387387314996,0.9204387387314996,0.0024202226015733277,0.07714103866692719
53.300000000000004,-1.92,High,0.5106429574636426,0.5106429574636426,0.08379036657599391,0.4055666759603634
53.300000000000004,-1.9000000000000001,High,0.762704763700146,0.762704763700146,0.023150636383078918,0.2141445999167745
53.300000000000004,-1.8800000000000001,High,0.8980429632960629,0.8980429632960629,0.007675480709125776,0.09428155599481132
53.300000000000004,-1.86,Medium,0.4831240194888482,0.07861146420791526,0.4382645163032365,0.4831240194888482
53.300000000000004,-1.84,High,0.8593533110144368,0.8593533110144368,0.008989370491480568,0.13165731849408302
53.300000000000004,-1.82,High,0.8133084653323566,0.8133084653323566,0.012641172103652556,0.17405036256399092
53.300000000000004,-1.8,Medium,0.5407647131408142,0.15332428878330526,0.30591099807587996,0.5407647131408142
53.32,-2.2600000000000002,High,0.9611952136890565,0.9611952136890565,0.0005392049830453396,0.038265581327898646
53.32,-2.24,High,0.9351979866945637,0.9351979866945637,0.0007643548457745759,0.06403765845966201
53.32,-2.22,High,0.9729467830849794,0.9729467830849794,0.0012471659223563369,0.02580605099266475
53.32,-2.2,High,0.9017184631725486,0.9017184631725486,0.009660118478815516,0.08862141834863645
53.32,-2.18,High,0.9149309436438903,0.9149309436438903,0.0035108224845081582,0.08155823387160156
53.32,-2.16,High,0.680388116178219,0.680388116178219,0.03168187571671146,0.28793000810506975
53.32,-2.14,High,0.8954617294598762,0.8954617294598762,0.007206974507016882,0.09733129603310704
53.32,-2.12,High,0.754024578431537,0.754024578431537,0.017428457428387244,0.22854696414007575
53.32,-2.1,High,0.913212088603657,0.913212088603657,0.0027536984830689674,0.08403421291327419
53.32,-2.08,High,0.95856467104683,0.95856467104683,0.003068966864715082,0.03836636208845494
53.32,-2.06,Medium,0.5036339960810153,0.06029658255575721,0.436069421363227,0.5036339960810153
53.32,-2.02,High,0.852717618084979,0.852717618084979,0.008431907515033301,0.13885047439998757
53.32,-2.0,High,0.9452132508293865,0.9452132508293865,0.0010992652532339766,0.053687483917380006
53.32,-1.98,High,0.9825429722347551,0.9825429722347551,0.0005172311435031048,0.016939796621742765
53.32,-1.96,High,0.8790782113773171,0.8790782113773171,0.004958291817301345,0.1159634968053814
53.32,-1.94,High,0.844208971061514,0.844208971061514,0.010627317550754274,0.14516371138773143
53.32,-1.92,High,0.9191957268612133,0.9191957268612133,0.001005410422504234,0.07979886271628278
53.32,-1.9000000000000001,High,0.9716861628739294,0.9716861628739294,0.0009358001844704517,0.027378036941600493
53.32,-1.8800000000000001,High,0.6953627365685451,0.6953627365685451,0.02565464496834871,0.2789826184631064
53.32,-1.86,High,0.6020282146531147,0.6020282146531147,0.05322034264283528,0.34475144270404995
53.32,-1.84,Medium,0.48600009000149663,0.3670944526977401,0.14690545730076338,0.48600009000149663
53.32,-1.82,Medium,0.5205966575769202,0.27049973099433755,0.20890361142874242,0.5205966575769202
53.34,-2.3000000000000003,Medium,0.46237026129266157,0.0802393147020536,0.45739042400528473,0.46237026129266157
53.34,-2.2800000000000002,Medium,0.4843037812829831,0.3736589075487457,0.1420373111682709,0.4843037812829831
53.34,-2.2600000000000002,High,0.94904448474675,0.94904448474675,0.00144051028074599,0.04951500497250419
53.34,-2.24,High,0.9701401124446254,0.9701401124446254,0.000841856863083434,0.029018030692291724
53.34,-2.22,High,0.9415250026683013,0.9415250026683013,0.0005163450948926718,0.05795865223680599
53.34,-2.2,High,0.9714368418633257,0.9714368418633257,0.0007693500495597128,0.027793808087115002
53.34,-2.18,High,0.8819350492408161,0.8819350492408161,0.0059283698530879884,0.1121365809060956
53.34,-2.16,High,0.9699155494984366,0.9699155494984366,0.0005785571782636202,0.029505893323300406
53.34,-2.14,High,0.971184484354595,0.971184484354595,0.0004554016801802899,0.02836011396522533
53.34,-2.12,High,0.9638766013204367,0.9638766013204367,0.00046927967547052014,0.03565411900409319
53.34,-2.1,High,0.9646737176921709,0.9646737176921709,0.0004927890026159647,0.03483349330521326
53.34,-2.08,High,0.9500045106901722,0.9500045106901722,0.00127792263108269,0.048717566678745564
53.34,-2.06,Medium,0.5425356868606295,0.17680405237850372,0.2806602607608664,0.5425356868606295
53.34,-2.04,Medium,0.5137594519965034,0.3436809914303345,0.14255955657316188,0.5137594519965034
53.34,-2.02,Medium,0.5182741157313263,0.1395124150740969,0.3422134691945765,0.5182741157313263
53.34,-2.0,High,0.976486651846378,0.976486651846378,0.0011904082059752844,0.02232293994764735
53.34,-1.98,High,0.971978448126697,0.971978448126697,0.0005744560485255216,0.02744709582477791
53.34,-1.96,High,0.9173667452668753,0.9173667452668753,0.0053502726820144255,0.07728298205111049
53.34,-1.94,High,0.9650844490981786,0.9650844490981786,0.0013155809546947796,0.03359996994712697
53.34,-1.92,High,0.6914025860249996,0.6914025860249996,0.024329106602847473,0.28426830737215286
53.34,-1.9000000000000001,High,0.6535421955134637,0.6535421955134637,0.04216417749586239,0.3042936269906743
53.34,-1.8800000000000001,Medium,0.5305563519999922,0.19229812574842078,0.27714552225158684,0.5305563519999922
53.34,-1.86,Low,0.6989427811937994,0.02549955189917657,0.6989427811937994,0.27555766690702443
53.34,-1.84,Low,0.7071330847854037,0.01843591923957684,0.7071330847854037,0.2744309959750196
53.36,-2.36,High,0.8589778344365264,0.8589778344365264,0.006028300326480099,0.13499386523699403
53.36,-2.34,High,0.7209594751600875,0.7209594751600875,0.02128536320184904,0.2577551616380633
53.36,-2.32,High,0.9623817240554985,0.9623817240554985,0.0014429153008079939,0.036175360643693734
53.36,-2.2800000000000002,Medium,0.5725624245160487,0.18642901655260297,0.24100855893134843,0.5725624245160487
53.36,-2.2600000000000002,High,0.9732252174096472,0.9732252174096472,0.0006036279370527247,0.026171154653300385
53.36,-2.24,High,0.6699580962757288,0.6699580962757288,0.018731120333034118,0.31131078339123675
53.36,-2.22,High,0.9728460941852426,0.9728460941852426,0.0006608270980587881,0.02649307871669881
53.36,-2.2,High,0.9721493871018413,0.9721493871018413,0.00048798301647564273,0.027362629881683764
53.36,-2.18,High,0.9699497589073276,0.9699497589073276,0.0004178619892917525,0.029632379103381144
53.36,-2.16,High,0.9680209688590812,0.9680209688590812,0.0004723853562161396,0.0315066457847028
53.36,-2.14,High,0.9627323798943027,0.9627323798943027,0.0006971227459678281,0.03657049735973003
53.36,-2.12,High,0.9403905495700193,0.9403905495700193,0.00044422111513492136,0.05916522931484569
53.36,-2.1,High,0.9225857688785466,0.9225857688785466,0.007096475154797648,0.07031775596665561
53.36,-2.08,High,0.9735369288245255,0.9735369288245255,0.000781295426131784,0.025681775749342873
53.36,-2.06,High,0.9660439861776545,0.9660439861776545,0.0005814815060840024,0.03337453231626196
53.36,-2.04,High,0.9653995278577024,0.9653995278577024,0.00043449988374295867,0.03416597225855486
53.36,-2.02,High,0.9603473590684378,0.9603473590684378,0.0011315508673501583,0.03852109006421298
53.36,-2.0,High,0.955561978217069,0.955561978217069,0.0009023735789298146,0.04353564820400184
53.36,-1.98,High,0.8912856289957078,0.8912856289957078,0.0008994680717930837,0.10781490293249893
53.36,-1.96,Low,0.4726818623511631,0.2006724810603594,0.4726818623511631,0.3266456565884777
53.36,-1.94,High,0.7020426187835773,0.7020426187835773,0.03380307747148713,0.264154303744936
53.36,-1.92,High,0.7029761205159326,0.7029761205159326,0.02167350093457657,0.27535037854949096
53.38,-2.4,Medium,0.5297534001416693,0.17090568742263731,0.2993409124356935,0.5297534001416693
53.38,-2.38,High,0.9451921984790066,0.9451921984790066,0.0010986176059474555,0.05370918391504558
53.38,-2.36,High,0.9456881708361229,0.9456881708361229,0.0004862527611775712,0.05382557640269994
53.38,-2.34,High,0.9663041137364325,0.9663041137364325,0.0005711495242587462,0.033124736739309296
53.38,-2.32,High,0.87541819080493,0.87541819080493,0.002133706546415447,0.12244810264865474
53.38,-2.3000000000000003,Medium,0.5220862797413901,0.3105286056146657,0.1673851146439442,0.5220862797413901
53.38,-2.2800000000000002,High,0.9127381733355286,0.9127381733355286,0.002746915428816429,0.08451491123565495
53.38,-2.2600000000000002,High,0.9466863911906895,0.9466863911906895,0.00044732271620476086,0.05286628609310595
53.38,-2.24,High,0.9632275351134746,0.9632275351134746,0.0010141712047685278,0.03575829368175737
53.38,-2.22,High,0.9699987236023999,0.9699987236023999,0.0005464906184541204,0.029454785779146207
53.38,-2.2,High,0.9705192867374167,0.9705192867374167,0.00048362503071351296,0.028997088231870256
53.38,-2.18,High,0.9685651366420553,0.9685651366420553,0.0004306312962536273,0.03100423206169157
53.38,-2.16,High,0.9666707230820011,0.9666707230820011,0.0005656653375484219,0.03276361158045087
53.38,-2.14,High,0.9467408812362176,0.9467408812362176,0.0004282684906183595,0.052830850273164476
53.38,-2.12,High,0.8829377843579084,0.8829377843579084,0.0019614503506769883,0.11510076529141422
53.38,-2.1,High,0.9700969387550548,0.9700969387550548,0.0007355237081930345,0.029167537536752778
53.38,-2.08,High,0.9696238101665502,0.9696238101665502,0.0005738889019972283,0.029802300931452756
53.38,-2.06,High,0.8876481422275587,0.8876481422275587,0.0019237409084315858,0.11042811686400988
53.38,-2.04,High,0.952378033989406,0.952378033989406,0.0007203405016949658,0.046901625508899654
53.38,-2.02,High,0.6651423384889315,0.6651423384889315,0.03520273345392232,0.29965492805714616
53.38,-2.0,High,0.9729961417700267,0.9729961417700267,0.0005134673998292536,0.026490390830144803
53.38,-1.98,High,0.9677836040279995,0.9677836040279995,0.0007956850997854922,0.031420710872215214
53.38,-1.96,High,0.9581727771864328,0.9581727771864328,0.0007547707641697795,0.04107245204939785
53.38,-1.94,High,0.9498401254142661,0.9498401254142661,0.0020936183987657034,0.04806625618696786
53.38,-1.92,Medium,0.5342805722991301,0.306705968362207,0.15901345933866318,0.5342805722991301
53.38,-1.9000000000000001,Low,0.7030091193792828,0.020627111512674743,0.7030091193792828,0.2763637691080429
53.4,-2.5,High,0.4668870123136817,0.4668870123136817,0.11155265159832586,0.42156033608799276
53.4,-2.48,Medium,0.5067985917502638,0.4164847611935564,0.07671664705618036,0.5067985917502638
53.4,-2.46,High,0.7229082455843006,0.7229082455843006,0.030015716860703524,0.2470760375549958
53.4,-2.4,Medium,0.5436412101226561,0.25339936643581185,0.20295942344153192,0.5436412101226561
53.4,-2.38,High,0.8713800980500969,0.8713800980500969,0.003068824905576063,0.12555107704432705
53.4,-2.36,High,0.8924866276395181,0.8924866276395181,0.0019810499342909123,0.10553232242619089
53.4,-2.34,High,0.9737777841626298,0.9737777841626298,0.0008418842656100694,0.025380331571760367
53.4,-2.32,High,0.9617997961753175,0.9617997961753175,0.0007274398202572195,0.03747276400442541
53.4,-2.3000000000000003,High,0.934924594345421,0.934924594345421,0.0008130893710828055,0.06426231628349656
53.4,-2.2800000000000002,High,0.923870049581775,0.923870049581775,0.003055861420310273,0.07307408899791451
53.4,-2.2600000000000002,High,0.9672408339323095,0.9672408339323095,0.00046560865260282676,0.032293557415088076
53.4,-2.24,High,0.9633803808253854,0.9633803808253854,0.0004897641941962795,0.0361298549804183
53.4,-2.22,High,0.9738814948234071,0.9738814948234071,0.00046401333728482994,0.025654491839308638
53.4,-2.2,High,0.9679387992133666,0.9679387992133666,0.0005325386208291758,0.03152866216580479
53.4,-2.18,High,0.944012155341952,0.944012155341952,0.0005856100302344523,0.05540223462781363
53.4,-2.16,High,0.9474758716380878,0.9474758716380878,0.00042860883330235857,0.05209551952861056
53.4,-2.14,High,0.9633787894228104,0.9633787894228104,0.0005054460699689555,0.03611576450722092
53.4,-2.12,High,0.9710993362859018,0.9710993362859018,0.0006947685890879014,0.028205895125010448
53.4,-2.1,High,0.969062981385349,0.969062981385349,0.001112135504922276,0.029824883109729368
53.4,-2.08,High,0.9715341652796481,0.9715341652796481,0.00048664879713877676,0.02797918592321369
53.4,-2.06,High,0.9442431502429578,0.9442431502429578,0.0004057047354368726,0.055351145021605194
53.4,-2.04,High,0.9676235376543206,0.9676235376543206,0.00041849714461653683,0.0319579652010632
53.4,-2.02,High,0.9709432712556432,0.9709432712556432,0.001272192255945622,0.027784536488411393
53.4,-2.0,High,0.5890997811441206,0.5890997811441206,0.05082178435107816,0.3600784345048014
53.4,-1.98,High,0.5341398963104814,0.5341398963104814,0.08915579473570474,0.37670430895381396
53.4,-1.96,Low,0.48778112864514883,0.10239100051367572,0.48778112864514883,0.40982787084117556
53.4,-1.94,High,0.579279339069985,0.579279339069985,0.05760330352288399,0.36311735740713147
53.42,-2.54,High,0.9743128320578672,0.9743128320578672,0.0007692697830862885,0.02491789815904694
53.42,-2.52,High,0.9669199726720561,0.9669199726720561,0.0007388761445440536,0.03234115118340009
53.42,-2.5,High,0.9739803105088599,0.9739803105088599,0.0010437461118813147,0.024975943379259503
53.42,-2.48,High,0.6508356501433987,0.6508356501433987,0.04465688974076655,0.304507460115835
53.42,-2.46,High,0.971315654559978,0.971315654559978,0.0010724902084513713,0.027611855231571437
53.42,-2.44,High,0.9730294829056375,0.9730294829056375,0.0004618917294436033,0.026508625364919623
53.42,-2.42,High,0.9709606887197257,0.9709606887197257,0.0005577194340001765,0.02848159184627452
53.42,-2.4,Medium,0.45434274229127214,0.09529350431185005,0.45036375339687756,0.45434274229127214
53.42,-2.38,Medium,0.46262449829328484,0.3944124245533529,0.14296307715336262,0.46262449829328484
53.42,-2.36,High,0.9786203157841697,0.9786203157841697,0.0009308642719142862,0.020448819943916702
53.42,-2.34,High,0.9736751591501438,0.9736751591501438,0.00047961106701761136,0.025845229782839513
53.42,-2.32,High,0.969635610667736,0.969635610667736,0.0004218270963496431,0.02994256223591486
53.42,-2.3000000000000003,High,0.9665387720628509,0.9665387720628509,0.00047484590924865624,0.03298638202790094
53.42,-2.2800000000000002,High,0.9242576468362792,0.9242576468362792,0.003612830447758042,0.07212952271596268
53.42,-2.2600000000000002,High,0.9701446505122074,0.9701446505122074,0.0004372147826954656,0.029418134705097833
53.42,-2.24,High,0.9675185443833643,0.9675185443833643,0.0004545179371985281,0.03202693767943775
53.42,-2.22,High,0.9693456741998716,0.9693456741998716,0.0004284058045410659,0.03022591999558794
53.42,-2.2,High,0.9715371691130603,0.9715371691130603,0.00047388317096197833,0.027988947715978298
53.42,-2.18,High,0.9706236771548876,0.9706236771548876,0.0004879673223418081,0.028888355522771133
53.42,-2.16,High,0.9377986710495734,0.9377986710495734,0.0008284382057374037,0.06137289074468952
53.42,-2.14,High,0.9720591881769396,0.9720591881769396,0.0007256971479451901,0.027215114675115414
53.42,-2.12,High,0.9723212693115609,0.9723212693115609,0.0005273496777430802,0.027151381010696713
53.42,-2.1,High,0.879595442063728,0.879595442063728,0.0021017590336897497,0.11830279890258208
53.42,-2.08,High,0.9691833546488345,0.9691833546488345,0.00075795742708634,0.030058687924079106
53.42,-2.06,High,0.9513964084010473,0.9513964084010473,0.0007302711293462988,0.047873320469606864
53.42,-2.04,High,0.9376184566336905,0.9376184566336905,0.0014737762808706772,0.060907767085439456
53.42,-2.02,High,0.4679628501663118,0.4679628501663118,0.08640328271455551,0.44563386711913294
53.42,-2.0,High,0.7325898909052044,0.7325898909052044,0.019741288666968393,0.24766882042782723
53.42,-1.98,Low,0.491234242438422,0.18705814300421258,0.491234242438422,0.32170761455736546
53.42,-1.96,Medium,0.5206828189726687,0.30009760713061856,0.1792195738967129,0.5206828189726687
53.42,-1.94,Medium,0.5064697625236732,0.32969671588496097,0.16383352159136585,0.5064697625236732
53.44,-2.7,Medium,0.47027233414215774,0.10955548676670687,0.42017217909113536,0.47027233414215774
53.44,-2.66,High,0.647901191786517,0.647901191786517,0.029127082299053343,0.3229717259144296
53.44,-2.64,High,0.9732200515818192,0.9732200515818192,0.0004804552942278819,0.02629949312395371
53.44,-2.62,High,0.9649849391349627,0.9649849391349627,0.0012947756600088936,0.033720285205029045
53.44,-2.6,Medium,0.477227267429828,0.28351404285201875,0.23925868971815295,0.477227267429828
53.44,-2.58,Low,0.46780811927808097,0.11212607837004589,0.46780811927808097,0.4200658023518736
53.44,-2.56,Medium,0.4858245758657271,0.3637687804961521,0.15040664363812084,0.4858245758657271
53.44,-2.54,Medium,0.4989054684509284,0.27904705268868546,0.2220474788603863,0.4989054684509284
53.44,-2.52,High,0.9020943029524598,0.9020943029524598,0.0016470233857603692,0.09625867366177976
53.44,-2.5,High,0.8817285299575071,0.8817285299575071,0.005561076954650793,0.11271039308784267
53.44,-2.48,High,0.5345802303292702,0.5345802303292702,0.08363647902221802,0.3817832906485119
53.44,-2.46,High,0.8858393478427977,0.8858393478427977,0.0034636781764541633,0.11069697398074892
53.44,-2.44,High,0.9344446654262718,0.9344446654262718,0.000990432126933401,0.0645649024467956
53.44,-2.42,High,0.9692585109516623,0.9692585109516623,0.0005786138265516306,0.030162875221786654
53.44,-2.4,High,0.944565115857499,0.944565115857499,0.0007205652548687311,0.05471431888763246
53.44,-2.38,High,0.9729598581896319,0.9729598581896319,0.000771905825181341,0.02626823598518698
53.44,-2.36,High,0.969366745539648,0.969366745539648,0.0005477616831575498,0.03008549277719523
53.44,-2.34,High,0.9635810219366435,0.9635810219366435,0.0009542694998487571,0.035464708563507925
53.44,-2.32,High,0.9697663769460076,0.9697663769460076,0.00043929385710392754,0.02979432919688877
53.44,-2.3000000000000003,High,0.9684438128148467,0.9684438128148467,0.0006910505198553423,0.030865136665297842
53.44,-2.2800000000000002,High,0.9243841839031114,0.9243841839031114,0.0028678644621533346,0.07274795163473508
53.44,-2.2600000000000002,High,0.9677778924215431,0.9677778924215431,0.00048683217110678264,0.031735275407350334
53.44,-2.24,High,0.9661466030259542,0.9661466030259542,0.0006358177405898414,0.03321757923345605
53.44,-2.22,High,0.9456980615762097,0.9456980615762097,0.00048794798933418193,0.05381399043445622
53.44,-2.2,High,0.9380836064446487,0.9380836064446487,0.00039549259765848867,0.061520900957693164
53.44,-2.18,High,0.9654827627477761,0.9654827627477761,0.0007637974955203664,0.03375343975670392
53.44,-2.16,High,0.968700828219779,0.968700828219779,0.0008407060816347247,0.030458465698586658
53.44,-2.14,High,0.8961323462880162,0.8961323462880162,0.0022089049778597635,0.10165874873412431
53.44,-2.12,High,0.97252675163816,0.97252675163816,0.0007810113125198198,0.026692237049320444
53.44,-2.1,High,0.9729591027117137,0.9729591027117137,0.000720161080516226,0.026320736207770354
53.44,-2.08,High,0.9615896732854755,0.9615896732854755,0.0008866591043908772,0.03752366761013428
53.44,-2.06,High,0.9716647296634694,0.9716647296634694,0.0006600158099834186,0.027675254526547177
53.44,-2.04,High,0.9559667139653838,0.9559667139653838,0.001394359368719393,0.04263892666589701
53.44,-2.02,High,0.971802041783676,0.971802041783676,0.0005875893211257298,0.02761036889519844
53.44,-2.0,High,0.9681581338679562,0.9681581338679562,0.0004629653709394708,0.03137890076110484
53.44,-1.98,High,0.9728804659754086,0.9728804659754086,0.0007608087281421642,0.02635872529644959
53.44,-1.96,High,0.9402504660611318,0.9402504660611318,0.0004728383215690259,0.0592766956172991
53.44,-1.94,High,0.9583655669684576,0.9583655669684576,0.0006336883124087551,0.041000744719133564
53.44,-1.92,High,0.8016853274888929,0.8016853274888929,0.014473701795853526,0.1838409707152541
53.46,-2.7,High,0.9739843563498181,0.9739843563498181,0.0008792631818787138,0.025136380468303608
53.46,-2.68,High,0.9728037809172008,0.9728037809172008,0.0008107973138871878,0.02638542176891222
53.46,-2.66,High,0.9636671879236371,0.9636671879236371,0.0007579125033475617,0.035574899573015455
53.46,-2.64,High,0.9441283642707288,0.9441283642707288,0.00040769043837571295,0.055463945290895544
53.46,-2.62,High,0.9648831711373768,0.9648831711373768,0.0004339522304266704,0.034682876632196886
53.46,-2.6,High,0.9100916179425558,0.9100916179425558,0.002274452331036993,0.08763392972640725
53.46,-2.58,High,0.9370019409008397,0.9370019409008397,0.0028581833071261047,0.06013987579203431
53.46,-2.56,High,0.9508703330635068,0.9508703330635068,0.0016999683938399488,0.04742969854265287
53.46,-2.54,High,0.5090264585630728,0.5090264585630728,0.07631146263349842,0.4146620788034291
53.46,-2.52,High,0.9153403574529091,0.9153403574529091,0.0020268375132793683,0.08263280503381132
53.46,-2.5,High,0.8235883023762591,0.8235883023762591,0.0066878132329438456,0.16972388439079694
53.46,-2.48,Medium,0.5490039752395073,0.2384066048386176,0.21258941992187566,0.5490039752395073
53.46,-2.46,High,0.7383872594490566,0.7383872594490566,0.02501665439580139,0.23659608615514224
53.46,-2.44,High,0.7462740921062764,0.7462740921062764,0.019423732355718464,0.23430217553800514
53.46,-2.42,High,0.9641911780030741,0.9641911780030741,0.0008717720770048189,0.03493704991992175
53.46,-2.4,High,0.9699221653192249,0.9699221653192249,0.0006411940789569864,0.02943664060181861
53.46,-2.38,High,0.9713182318187528,0.9713182318187528,0.0009116604474049576,0.02777010773384249
53.46,-2.36,High,0.9730313108320959,0.9730313108320959,0.0005040053830679667,0.026464683784836938
53.46,-2.34,High,0.9709057895210167,0.9709057895210167,0.0005434517550935442,0.028550758723890266
53.46,-2.32,High,0.9351062869651824,0.9351062869651824,0.0010688671049476836,0.06382484592987007
53.46,-2.3000000000000003,High,0.9501992112189089,0.9501992112189089,0.0007419339449631886,0.04905885483612811
53.46,-2.2800000000000002,High,0.9214672114191299,0.9214672114191299,0.0030068913958549172,0.07552589718501536
53.46,-2.2600000000000002,High,0.9424318212466568,0.9424318212466568,0.0007342574494148837,0.05683392130392815
53.46,-2.24,High,0.9440500777509254,0.9440500777509254,0.00040312320563874065,0.05554679904343621
53.46,-2.22,High,0.9428294974556808,0.9428294974556808,0.0004162262663271492,0.05675427627799248
53.46,-2.2,High,0.9434295697516536,0.9434295697516536,0.00044764491181105225,0.05612278533653555
53.46,-2.18,High,0.971114151641427,0.971114151641427,0.000794366656212008,0.028091481702361257
53.46,-2.16,High,0.9664418899651757,0.9664418899651757,0.0006325693916751888,0.03292554064314936
53.46,-2.14,High,0.9427492632065443,0.9427492632065443,0.0006039192276222996,0.05664681756583355
53.46,-2.12,High,0.9685153448226255,0.9685153448226255,0.0004583381642830639,0.031026317013091987
53.46,-2.1,High,0.9666933568517437,0.9666933568517437,0.0008863794949680924,0.03242026365328876
53.46,-2.08,High,0.9366102078895528,0.9366102078895528,0.0007799745187449224,0.06260981759170232
53.46,-2.06,High,0.9692058165353395,0.9692058165353395,0.00043441671775821465,0.03035976674690271
53.46,-2.04,High,0.9590753678366588,0.9590753678366588,0.0011596687516973751,0.03976496341164421
53.46,-2.02,High,0.8698888434208502,0.8698888434208502,0.0032393202136500048,0.12687183636549942
53.46,-2.0,High,0.9695212265208452,0.9695212265208452,0.0005907721605617578,0.029888001318593548
53.46,-1.98,High,0.8818447041317041,0.8818447041317041,0.0027705993996060252,0.11538469646868979
53.46,-1.96,High,0.9670825720117979,0.9670825720117979,0.0007083526318718876,0.032209075356330136
53.46,-1.94,High,0.9760689644115511,0.9760689644115511,0.001273448898875152,0.02265758668957425
53.46,-1.92,Low,0.417765453717791,0.17071055857531758,0.417765453717791,0.4115239877068914
53.480000000000004,-2.72,High,0.9709807352440154,0.9709807352440154,0.0006088628852779853,0.02841040187070673
53.480000000000004,-2.7,High,0.8672768761309415,0.8672768761309415,0.009456726918193686,0.12326639695086387
53.480000000000004,-2.68,High,0.965781378134239,0.965781378134239,0.0007650335289956433,0.03345358833676585
53.480000000000004,-2.66,High,0.9690745386944849,0.9690745386944849,0.000477309920363479,0.03044815138515238
53.480000000000004,-2.64,High,0.8930163005488638,0.8930163005488638,0.002071365243073572,0.1049123342080624
53.480000000000004,-2.62,High,0.9727796345589391,0.9727796345589391,0.0004991127323235491,0.02672125270873773
53.480000000000004,-2.6,High,0.8950172461657786,0.8950172461657786,0.0020806276096753573,0.10290212622454575
53.480000000000004,-2.58,High,0.9771616729785402,0.9771616729785402,0.0007790287498282852,0.02205929827163193
53.480000000000004,-2.56,High,0.9636934841794652,0.9636934841794652,0.0004232924026923584,0.03588322341784261
53.480000000000004,-2.54,High,0.974879714023259,0.974879714023259,0.0006370226548609619,0.024483263321880534
53.480000000000004,-2.52,High,0.9728427309285064,0.9728427309285064,0.000778220790828807,0.02637904828066497
53.480000000000004,-2.5,High,0.9689854951141895,0.9689854951141895,0.0004885676788639582,0.03052593720694693
53.480000000000004,-2.48,High,0.5679626184664586,0.5679626184664586,0.06587110667608678,0.3661662748574549
53.480000000000004,-2.46,High,0.9274740500306632,0.9274740500306632,0.0019939500143982226,0.07053199995493807
53.480000000000004,-2.44,High,0.7629216095863042,0.7629216095863042,0.021461793578418143,0.21561659683527723
53.480000000000004,-2.42,Medium,0.5247784713417759,0.32587677699145984,0.1493447516667642,0.5247784713417759
53.480000000000004,-2.4,Medium,0.5531839300253649,0.2582760383768569,0.18854003159777818,0.5531839300253649
53.480000000000004,-2.38,High,0.9535227595541564,0.9535227595541564,0.001386810644562137,0.04509042980128137
53.480000000000004,-2.36,High,0.9484680797285379,0.9484680797285379,0.0006671634150613362,0.05086475685640087
53.480000000000004,-2.34,High,0.9661834182297249,0.9661834182297249,0.0008451967177927945,0.03297138505248279
53.480000000000004,-2.32,High,0.8777097530960549,0.8777097530960549,0.002250065457888954,0.12004018144605613
53.480000000000004,-2.3000000000000003,High,0.9717731840423521,0.9717731840423521,0.00045314132517944013,0.027773674632469367
53.480000000000004,-2.2800000000000002,High,0.9152261101972813,0.9152261101972813,0.0028326201441538535,0.08194126965856513
53.480000000000004,-2.2600000000000002,High,0.9328136919282863,0.9328136919282863,0.0007240381071510294,0.06646226996456268
53.480000000000004,-2.24,High,0.942723115222334,0.942723115222334,0.00046614319742383913,0.05681074158024249
53.480000000000004,-2.22,High,0.9454049196495581,0.9454049196495581,0.00048521761150421643,0.054109862738937906
53.480000000000004,-2.2,High,0.9401595780738288,0.9401595780738288,0.0007775720608082136,0.0590628498653632
53.480000000000004,-2.18,High,0.9419785662722489,0.9419785662722489,0.00047693250938335847,0.057544501218367836
53.480000000000004,-2.16,High,0.968252991088526,0.968252991088526,0.0004911254226924464,0.03125588348878185
53.480000000000004,-2.14,High,0.9475946898684774,0.9475946898684774,0.00044926161668499556,0.05195604851483795
53.480000000000004,-2.12,High,0.9648037664071887,0.9648037664071887,0.0006122365468374168,0.03458399704597412
53.480000000000004,-2.1,High,0.9663034722828061,0.9663034722828061,0.0008421046073302445,0.03285442310986366
53.480000000000004,-2.08,High,0.8978531538817225,0.8978531538817225,0.0020751740576618045,0.1000716720606161
53.480000000000004,-2.06,High,0.9594766557735099,0.9594766557735099,0.0006737911517704007,0.039849553074719754
53.480000000000004,-2.04,High,0.9732209201270661,0.9732209201270661,0.0004867503019061508,0.02629232957102833
53.480000000000004,-2.02,High,0.9725088790297963,0.9725088790297963,0.0011756181844088302,0.026315502785795277
53.480000000000004,-2.0,Low,0.44203947442171326,0.12514615978387553,0.44203947442171326,0.4328143657944111
53.480000000000004,-1.98,High,0.7739926073847322,0.7739926073847322,0.010990300494271828,0.2150170921209964
53.480000000000004,-1.96,High,0.5361515017303798,0.5361515017303798,0.10268631651954252,0.36116218175007764
53.480000000000004,-1.94,Low,0.47237963222537366,0.19574000981002115,0.47237963222537366,0.3318803579646054
53.480000000000004,-1.92,Medium,0.50573955122244,0.14486568117185492,0.3493947676057047,0.50573955122244
53.5,-2.84,Medium,0.5025789005046467,0.07149249250936389,0.4259286069859894,0.5025789005046467
53.5,-2.72,High,0.9766425126162249,0.9766425126162249,0.0006900970596443336,0.022667390324131252
53.5,-2.7,High,0.9727662041475706,0.9727662041475706,0.0005004245732596034,0.026733371279170467
53.5,-2.68,High,0.954919291382442,0.954919291382442,0.0013693895608761248,0.04371131905668255
53.5,-2.66,High,0.9737612783536236,0.9737612783536236,0.0007858456432494794,0.02545287600312743
53.5,-2.64,High,0.9430914718210623,0.9430914718210623,0.0004088191558495874,0.056499709023088256
53.5,-2.62,High,0.9705077888886514,0.9705077888886514,0.0008012956276312192,0.0286909154837176
53.5,-2.6,High,0.9729373047814752,0.9729373047814752,0.0009564088549849692,0.026106286363539996
53.5,-2.58,High,0.937294704564807,0.937294704564807,0.0012236168903580092,0.0614816785448354
53.5,-2.56,High,0.8567431265859601,0.8567431265859601,0.010817169096269562,0.13243970431777038
53.5,-2.54,High,0.9708825962050627,0.9708825962050627,0.0007986117350928023,0.02831879205984459
53.5,-2.52,High,0.8552758100332436,0.8552758100332436,0.0018313667093565484,0.1428928232573994
53.5,-2.5,High,0.9626764881347473,0.9626764881347473,0.0006425444695564604,0.0366809673956964
53.5,-2.48,High,0.9744369917885868,0.9744369917885868,0.0011416356546264266,0.024421372556787356
53.5,-2.46,High,0.9633377237815801,0.9633377237815801,0.0009588094591319081,0.035703466759288684
53.5,-2.44,High,0.9736013048909377,0.9736013048909377,0.00046939610772450457,0.025929299001338266
53.5,-2.42,High,0.951644833763566,0.951644833763566,0.0007929416933142641,0.047562224543120195
53.5,-2.4,High,0.8306106743133985,0.8306106743133985,0.012117730959679829,0.15727159472692132
53.5,-2.38,High,0.9642830827781999,0.9642830827781999,0.0004441326188868166,0.03527278460291376
53.5,-2.36,High,0.9705287936315492,0.9705287936315492,0.0005402979162626176,0.02893090845218877
53.5,-2.34,High,0.9366172857833709,0.9366172857833709,0.0007368846059152587,0.06264582961071395
53.5,-2.32,High,0.967330805793178,0.967330805793178,0.0007314821999184426,0.03193771200690373
53.5,-2.3000000000000003,High,0.9478665736535367,0.9478665736535367,0.0008188370640022543,0.05131458928246154
53.5,-2.2800000000000002,High,0.9222065010545767,0.9222065010545767,0.0034665924435777784,0.07432690650184558
53.5,-2.2600000000000002,High,0.971324632536373,0.971324632536373,0.000779744680730391,0.02789562278289702
53.5,-2.24,High,0.9431117618851712,0.9431117618851712,0.0004027903826184085,0.05648544773221075
53.5,-2.22,High,0.9317628097958175,0.9317628097958175,0.0008400986642893517,0.06739709153989351
53.5,-2.2,High,0.9676616193918359,0.9676616193918359,0.0007342756959449645,0.03160410491221939
53.5,-2.18,High,0.9466486839273404,0.9466486839273404,0.00044732271620476086,0.05290399335645505
53.5,-2.16,High,0.9657005439108595,0.9657005439108595,0.00044268912491508177,0.03385676696422596
53.5,-2.14,High,0.9723717099813024,0.9723717099813024,0.0007096129690223427,0.026918677049675436
53.5,-2.12,High,0.9717938996352021,0.9717938996352021,0.0008028279912611515,0.027403272373537096
53.5,-2.1,High,0.8512887023311534,0.8512887023311534,0.0019989364915418036,0.14671236117730438
53.5,-2.08,High,0.9434311655155855,0.9434311655155855,0.0004225846317960413,0.05614624985261876
53.5,-2.06,High,0.9630079595649512,0.9630079595649512,0.0007816326362317399,0.03621040779881745
53.5,-2.04,High,0.8515089475505019,0.8515089475505019,0.0018741083427573587,0.14661694410674056
53.5,-2.02,High,0.9540938749809257,0.9540938749809257,0.0017941270159138475,0.04411199800316069
53.5,-1.86,Low,0.8233619899141595,0.006203026360875516,0.8233619899141595,0.17043498372496468
53.52,-2.88,High,0.7108746400063274,0.7108746400063274,0.022663824591198926,0.2664615354024736
53.52,-2.86,High,0.6224311490770547,0.6224311490770547,0.044319505101857753,0.3332493458210876
53.52,-2.84,High,0.7150653839628699,0.7150653839628699,0.01682845574076491,0.26810616029636536
53.52,-2.82,Medium,0.5524624947318224,0.108750494350581,0.3387870109175964,0.5524624947318224
53.52,-2.8000000000000003,Medium,0.5446297996883174,0.2542889030251909,0.20108129728649196,0.5446297996883174
53.52,-2.7800000000000002,Low,0.5020120702449459,0.07192594258841353,0.5020120702449459,0.4260619871666406
53.52,-2.7600000000000002,High,0.847425480274275,0.847425480274275,0.00662684575815911,0.14594767396756583
53.52,-2.74,High,0.5072910499637711,0.5072910499637711,0.10211829690979021,0.39059065312643876
53.52,-2.72,High,0.9674002930465384,0.9674002930465384,0.0004952832176432103,0.03210442373581859
53.52,-2.7,High,0.9434778823206067,0.9434778823206067,0.0013194557320792772,0.0552026619473145
53.52,-2.68,High,0.9626575973124409,0.9626575973124409,0.0007149480873456459,0.03662745460021378
53.52,-2.66,High,0.9666012708842083,0.9666012708842083,0.0007886853728483974,0.03261004374294335
53.52,-2.64,High,0.9586731184546031,0.9586731184546031,0.0008813163303458022,0.04044556521505159
53.52,-2.62,High,0.9714017623494432,0.9714017623494432,0.000512478551565877,0.028085759098991244
53.52,-2.6,High,0.9630092991524626,0.9630092991524626,0.0006381855881912685,0.03635251525934644
53.52,-2.58,High,0.9730150124037696,0.9730150124037696,0.0008706944186695362,0.026114293177561358
53.52,-2.56,High,0.7910446328322719,0.7910446328322719,0.00699564336363518,0.2019597238040925
53.52,-2.54,High,0.96617915586398,0.96617915586398,0.0006247526082030456,0.033196091527816884
53.52,-2.52,High,0.9473211636269484,0.9473211636269484,0.0007988508240340853,0.0518799855490176
53.52,-2.5,High,0.8691532006007755,0.8691532006007755,0.0018366085651825037,0.1290101908340419
53.52,-2.48,High,0.9683793663825696,0.9683793663825696,0.0007474098466271196,0.030873223770803718
53.52,-2.46,High,0.971684167292411,0.971684167292411,0.0006480972231427567,0.02766773548444637
53.52,-2.44,High,0.9659018852691988,0.9659018852691988,0.0004325141808041183,0.03366560054999717
53.52,-2.42,High,0.9727261330880173,0.9727261330880173,0.0004889881163199321,0.026784878795663495
53.52,-2.4,High,0.8664376454731149,0.8664376454731149,0.0020447875537731993,0.13151756697311145
53.52,-2.38,High,0.9704345117697994,0.9704345117697994,0.00440714564997203,0.025158342580228615
53.52,-2.36,High,0.9724204179659595,0.9724204179659595,0.00044665263436713626,0.027132929399673853
53.52,-2.34,High,0.9673297791857691,0.9673297791857691,0.0007599646810730963,0.031910256133157934
53.52,-2.32,High,0.8756969351655196,0.8756969351655196,0.0021778980551375076,0.12212516677934257
53.52,-2.3000000000000003,High,0.965576787308047,0.965576787308047,0.0006189086470571362,0.033804304044896274
53.52,-2.2800000000000002,High,0.9316594133816313,0.9316594133816313,0.0028617633447782275,0.06547882327359032
53.52,-2.2600000000000002,High,0.969632809209502,0.969632809209502,0.00078570170620136,0.029581489084296825
53.52,-2.24,High,0.9415931877840754,0.9415931877840754,0.00046003333143163896,0.05794677888449316
53.52,-2.22,High,0.9709892934878915,0.9709892934878915,0.0004688323745620072,0.028541874137547118
53.52,-2.2,High,0.9641174750682723,0.9641174750682723,0.0006238025965440922,0.03525872233518378
53.52,-2.18,High,0.9710571032144277,0.9710571032144277,0.0005418629907555817,0.028401033794817048
53.52,-2.16,High,0.9468061223673756,0.9468061223673756,0.0004391768043478888,0.05275470082827665
53.52,-2.14,High,0.941163570342546,0.941163570342546,0.0003991284705865346,0.058437301186867456
53.52,-2.12,High,0.9620008294650149,0.9620008294650149,0.000789095984577326,0.03721007455040812
53.52,-2.1,High,0.9700752229202143,0.9700752229202143,0.0005383034234238607,0.029386473656362294
53.52,-2.08,High,0.9706612907574281,0.9706612907574281,0.0007937710794794444,0.028544938163092594
53.52,-2.06,High,0.9564057608317623,0.9564057608317623,0.0027699545304452557,0.04082428463779344
53.52,-2.04,High,0.8518289657048577,0.8518289657048577,0.0019057584716536816,0.14626527582348856
53.52,-2.02,High,0.9716693837515833,0.9716693837515833,0.0012470970893960816,0.027083519159020936
53.52,-2.0,Medium,0.5235089378508017,0.11659867441428458,0.359892387734914,0.5235089378508017
53.52,-1.98,Medium,0.49678726784881955,0.1646868273724401,0.3385259047787405,0.49678726784881955
53.54,-2.88,High,0.776654292337209,0.776654292337209,0.020353749806921027,0.2029919578558696
53.54,-2.86,High,0.8677352304459645,0.8677352304459645,0.006631975354343673,0.12563279419969223
53.54,-2.84,High,0.9139191315345465,0.9139191315345465,0.002133007347118851,0.08394786111833465
53.54,-2.82,High,0.9239264044861208,0.9239264044861208,0.0018775053868820015,0.07419609012699672
53.54,-2.8000000000000003,High,0.9377952271349139,0.9377952271349139,0.003220562612686389,0.05898421025239982
53.54,-2.7800000000000002,High,0.9202313203897304,0.9202313203897304,0.0031497418071476336,0.07661893780312216
53.54,-2.7600000000000002,High,0.950040696467488,0.950040696467488,0.0005542652257731152,0.049405038306738785
53.54,-2.74,High,0.9523631266694058,0.9523631266694058,0.0006156709178833844,0.047021202412710704
53.54,-2.72,High,0.894915602872577,0.894915602872577,0.002056652939209741,0.10302774418821314
53.54,-2.7,High,0.973580728980162,0.973580728980162,0.0006240038867950215,0.025795267133043243
53.54,-2.68,High,0.9464700292601077,0.9464700292601077,0.0004710328522404754,0.053058937887652105
53.54,-2.66,High,0.9643642333902461,0.9643642333902461,0.0007613161059422025,0.0348744505038121
53.54,-2.64,High,0.9448515983220294,0.9448515983220294,0.0003866136294671779,0.05476178804850362
53.54,-2.62,High,0.9162375375221211,0.9162375375221211,0.0004231930642210378,0.08333926941365821
53.54,-2.6,High,0.9656540771721498,0.9656540771721498,0.00042845236141268874,0.033917470466437914
53.54,-2.58,High,0.9713147133660869,0.9713147133660869,0.000534998066629268,0.02815028856728395
53.54,-2.56,High,0.9715367599990195,0.9715367599990195,0.0007146170704576261,0.027748622930523083
53.54,-2.54,High,0.9723686849832615,0.9723686849832615,0.0008673977180165911,0.026763917298722167
53.54,-2.52,High,0.9639262238878574,0.9639262238878574,0.0006036477116509744,0.035470128400491595
53.54,-2.5,High,0.9692075271047008,0.9692075271047008,0.0004590152782194957,0.03033345761707992
53.54,-2.48,High,0.9712203555781715,0.9712203555781715,0.0004514289124761759,0.02832821550935284
53.54,-2.46,High,0.9141856506307922,0.9141856506307922,0.003156156528596567,0.0826581928406117
53.54,-2.44,High,0.9723775134724267,0.9723775134724267,0.0005151375789043991,0.02710734894866943
53.54,-2.42,High,0.9420490749546986,0.9420490749546986,0.00047680702697311644,0.057474118018328156
53.54,-2.4,High,0.9456899828724393,0.9456899828724393,0.0005038433651634884,0.05380617376239738
53.54,-2.38,High,0.9738154066600834,0.9738154066600834,0.000545932546305593,0.025638660793611556
53.54,-2.36,High,0.8509039158609523,0.8509039158609523,0.005930299234124447,0.14316578490492332
53.54,-2.34,High,0.6598998010050731,0.6598998010050731,0.04546095453274248,0.29463924446218426
53.54,-2.32,High,0.9507673586869173,0.9507673586869173,0.0014063038607169407,0.0478263374523663
53.54,-2.3000000000000003,High,0.928527327400014,0.928527327400014,0.0007058269900075482,0.07076684560997873
53.54,-2.2800000000000002,High,0.9170337317829274,0.9170337317829274,0.002897986122743781,0.08006828209432884
53.54,-2.2600000000000002,High,0.9606100433166408,0.9606100433166408,0.0009048104467965402,0.0384851462365636
53.54,-2.24,High,0.9699050189444067,0.9699050189444067,0.0008983630143252623,0.02919661804126804
53.54,-2.22,High,0.9662069993897907,0.9662069993897907,0.00046784310812820806,0.033325157502081634
53.54,-2.2,High,0.9640573133796262,0.9640573133796262,0.0006041486108856013,0.03533853800948842
53.54,-2.18,High,0.9347150889241643,0.9347150889241643,0.0007684299652899082,0.06451648111054581
53.54,-2.16,High,0.9607853046675946,0.9607853046675946,0.0006024220203158133,0.0386122733120899
53.54,-2.14,High,0.9409439016637978,0.9409439016637978,0.0007582285319047006,0.05829786980429749
53.54,-2.12,High,0.9424164154700371,0.9424164154700371,0.0007472055396072565,0.056836378990355464
53.54,-2.1,High,0.9433924905186114,0.9433924905186114,0.0005051814896544442,0.05610232799173427
53.54,-2.08,High,0.9430150622523027,0.9430150622523027,0.0004604926750304206,0.05652444507266696
53.54,-2.06,High,0.9578436432513798,0.9578436432513798,0.0006842991770119475,0.04147205757160835
53.54,-2.04,High,0.967915840054681,0.967915840054681,0.0005893891638523573,0.03149477078146684
53.54,-2.02,High,0.8417556340605086,0.8417556340605086,0.0035135050035017875,0.1547308609359894
53.54,-2.0,High,0.9535149615163714,0.9535149615163714,0.0006875509137848939,0.045797487569844114
53.54,-1.98,High,0.4415370818519924,0.4415370818519924,0.11715983575977562,0.4413030823882319
53.54,-1.96,Low,0.6653028485776705,0.0182413412207338,0.6653028485776705,0.3164558102015955
53.56,-2.94,High,0.47623349443726737,0.47623349443726737,0.08252020843257797,0.4412462971301544
53.56,-2.9,High,0.5879577071405871,0.5879577071405871,0.06465508347461559,0.3473872093847972
53.56,-2.88,High,0.9391557201181577,0.9391557201181577,0.0004821482644405901,0.060362131617401886
53.56,-2.86,High,0.9177058337861803,0.9177058337861803,0.0024747309979911833,0.07981943521582893
53.56,-2.84,High,0.9611295540433045,0.9611295540433045,0.0014507363260960234,0.037419709630600595
53.56,-2.82,High,0.9684612379894988,0.9684612379894988,0.000977992166104154,0.030560769844397644
53.56,-2.8000000000000003,High,0.9019526016261581,0.9019526016261581,0.0019623273111836815,0.09608507106265801
53.56,-2.7800000000000002,High,0.9237333855266227,0.9237333855266227,0.0029987966429990773,0.07326781783037785
53.56,-2.7600000000000002,High,0.9571077196229303,0.9571077196229303,0.0008480145888729752,0.04204426578819729
53.56,-2.74,High,0.779792513394336,0.779792513394336,0.0024733586832905736,0.2177341279223735
53.56,-2.72,High,0.9674136443286406,0.9674136443286406,0.0005178577531053298,0.032068497918254286
53.56,-2.7,High,0.9662033522134683,0.9662033522134683,0.0004541702910195929,0.03334247749551239
53.56,-2.68,High,0.9273972208570962,0.9273972208570962,0.0014390369733997552,0.0711637421695042
53.56,-2.66,High,0.968169114766107,0.968169114766107,0.0007349580689692241,0.0310959271649242
53.56,-2.64,High,0.9428209983130774,0.9428209983130774,0.0004018687039243755,0.05677713298299829
53.56,-2.62,High,0.9646143810049252,0.9646143810049252,0.0007295936807075275,0.03465602531436714
53.56,-2.6,High,0.9702728644527643,0.9702728644527643,0.00048030803231756533,0.029246827514918628
53.56,-2.58,High,0.9693437707630355,0.9693437707630355,0.0008043879340851612,0.029851841302879444
53.56,-2.56,High,0.972004147583362,0.972004147583362,0.0009020495877548967,0.0270938028288832
53.56,-2.54,High,0.9375804891729496,0.9375804891729496,0.0012675251538730467,0.061151985673177166
53.56,-2.52,High,0.8666523570163044,0.8666523570163044,0.0019630913757811073,0.1313845516079143
53.56,-2.5,High,0.9748602901385196,0.9748602901385196,0.000577225115369664,0.024562484746110922
53.56,-2.48,High,0.9758504936457433,0.9758504936457433,0.0007965237165993065,0.023352982637657838
53.56,-2.46,High,0.9715088314271513,0.9715088314271513,0.0007654400661242367,0.027725728506724664
53.56,-2.44,High,0.9443255225912266,0.9443255225912266,0.00039586982072578126,0.0552786075880481
53.56,-2.42,High,0.9641912870703905,0.9641912870703905,0.0004407571729932954,0.035367955756616595
53.56,-2.4,High,0.9685261708824126,0.9685261708824126,0.00044107807831648895,0.031032751039271275
53.56,-2.38,High,0.9672747358530402,0.9672747358530402,0.0007882049225958559,0.03193705922436423
53.56,-2.36,High,0.964892131537853,0.964892131537853,0.0006441449055873389,0.03446372355656004
53.56,-2.34,High,0.8487839887773525,0.8487839887773525,0.0020234126218660895,0.1491925986007812
53.56,-2.32,High,0.9663071146087959,0.9663071146087959,0.0006360908998735699,0.03305679449133072
53.56,-2.3000000000000003,High,0.898228867633705,0.898228867633705,0.002003294753151352,0.09976783761314369
53.56,-2.2800000000000002,High,0.924228220100328,0.924228220100328,0.003155115059614565,0.07261666484005745
53.56,-2.2600000000000002,Medium,0.4709226682080111,0.1262276348814507,0.4028496969105386,0.4709226682080111
53.56,-2.24,High,0.9174639189058722,0.9174639189058722,0.004365541735637995,0.07817053935848939
53.56,-2.22,High,0.9694454784448093,0.9694454784448093,0.0007538399839724735,0.029800681571218228
53.56,-2.2,High,0.9286585397454807,0.9286585397454807,0.0007272389090564996,0.07061422134546272
53.56,-2.18,High,0.960832618673538,0.960832618673538,0.0007413518827307844,0.0384260294437313
53.56,-2.16,High,0.9707868073768984,0.9707868073768984,0.000460785917432535,0.028752406705669656
53.56,-2.14,High,0.962966440441015,0.962966440441015,0.0007807178058924512,0.03625284175309294
53.56,-2.12,High,0.9401157009445662,0.9401157009445662,0.0005250452489902361,0.05935925380644387
53.56,-2.1,High,0.9382883667622555,0.9382883667622555,0.0004809348837129714,0.061230698354031575
53.56,-2.08,High,0.9658425670067772,0.9658425670067772,0.0006465555169655082,0.03351087747625722
53.56,-2.06,High,0.9715334669261192,0.9715334669261192,0.0011504054551323252,0.02731612761874872
53.56,-2.04,High,0.9124118943802375,0.9124118943802375,0.001812838847262745,0.08577526677249944
53.56,-2.02,High,0.9746736045961044,0.9746736045961044,0.0006993414606647408,0.024627053943230993
53.56,-2.0,High,0.968999870641133,0.968999870641133,0.000762541779492489,0.03023758757937448
53.56,-1.98,High,0.6525016727865949,0.6525016727865949,0.05354049222257891,0.29395783499082634
53.58,-3.02,Low,0.7538628829795186,0.01129834374407771,0.7538628829795186,0.23483877327640376
53.58,-2.98,Medium,0.49026795711197124,0.34916628812400935,0.16056575476401944,0.49026795711197124
53.58,-2.96,High,0.9554170078018326,0.9554170078018326,0.001259509936759723,0.043323482261408364
53.58,-2.94,High,0.9409898472702004,0.9409898472702004,0.0015254621467907235,0.057484690583008966
53.58,-2.92,High,0.7811902962967574,0.7811902962967574,0.011701902370762183,0.2071078013324804
53.58,-2.9,High,0.9621837138067667,0.9621837138067667,0.0013047903139806812,0.03651149587925312
53.58,-2.88,High,0.9620678947129687,0.9620678947129687,0.0012023967286717708,0.03672970855836018
53.58,-2.86,High,0.9723915763880784,0.9723915763880784,0.0007828184872370698,0.026825605124684758
53.58,-2.84,High,0.8625244852907104,0.8625244852907104,0.011549173712370615,0.12592634099691896
53.58,-2.82,High,0.7898390206296527,0.7898390206296527,0.013100354499730314,0.19706062487061643
53.58,-2.8000000000000003,Medium,0.5058768779424827,0.30255665383239627,0.19156646822512116,0.5058768779424827
53.58,-2.7800000000000002,High,0.8966688600374294,0.8966688600374294,0.006329606415218309,0.09700153354735182
53.58,-2.7600000000000002,High,0.9185949400575296,0.9185949400575296,0.004958260658276248,0.07644679928419454
53.58,-2.74,High,0.8578465779104697,0.8578465779104697,0.0065134918755771366,0.13563993021395299
53.58,-2.72,High,0.9712959846721467,0.9712959846721467,0.0004342861185736019,0.028269729209280125
53.58,-2.7,High,0.9709815186871121,0.9709815186871121,0.00047677845020502774,0.028541702862683396
53.58,-2.68,High,0.9700822450560119,0.9700822450560119,0.00042117937562340655,0.029496575568364866
53.58,-2.66,High,0.9381674017458126,0.9381674017458126,0.0005355237738052429,0.06129707448038218
53.58,-2.64,High,0.9699460979545205,0.9699460979545205,0.0007531073297563269,0.029300794715723798
53.58,-2.62,High,0.8296349653175059,0.8296349653175059,0.005636027664418944,0.16472900701807475
53.58,-2.6,High,0.926638118366995,0.926638118366995,0.002315821514539569,0.07104606011846584
53.58,-2.58,High,0.9712028291779243,0.9712028291779243,0.0007857372495373978,0.028011433572538758
53.58,-2.56,High,0.9538548084677367,0.9538548084677367,0.002003659672367325,0.04414153185989626
53.58,-2.54,High,0.9562379524094358,0.9562379524094358,0.000912682446269373,0.04284936514429561
53.58,-2.52,High,0.8765543410025599,0.8765543410025599,0.0021093728329103487,0.12133628616452938
53.58,-2.5,High,0.9726254822085107,0.9726254822085107,0.0008087290988162504,0.026565788692673196
53.58,-2.48,High,0.9706524186535657,0.9706524186535657,0.0007656580016341866,0.028581923344800354
53.58,-2.46,High,0.9678518458287401,0.9678518458287401,0.00042374881601632075,0.03172440535524404
53.58,-2.44,High,0.9390348858474602,0.9390348858474602,0.0004474791972424319,0.06051763495529758
53.58,-2.42,High,0.9661374432888467,0.9661374432888467,0.0004375049856147692,0.033425051725539154
53.58,-2.4,High,0.9700237421155419,0.9700237421155419,0.00077294074672637,0.029203317137732106
53.58,-2.38,High,0.9575549022455732,0.9575549022455732,0.0007341934345158668,0.041710904319911056
53.58,-2.36,High,0.9725083404454515,0.9725083404454515,0.0005776394804498802,0.026914020074098616
53.58,-2.34,High,0.9647126384982053,0.9647126384982053,0.0007499392883915873,0.03453742221340321
53.58,-2.32,High,0.966914108813401,0.966914108813401,0.0007376298845726933,0.032348261302026476
53.58,-2.3000000000000003,High,0.9710135779444933,0.9710135779444933,0.000885476919447092,0.028100945136059857
53.58,-2.2800000000000002,High,0.9229876588639198,0.9229876588639198,0.0031882874694645247,0.07382405366661521
53.58,-2.2600000000000002,High,0.7642088665630454,0.7642088665630454,0.009463336843384676,0.2263277965935695
53.58,-2.24,High,0.9457285620423703,0.9457285620423703,0.0008133429651338557,0.0534580949924966
53.58,-2.22,High,0.9028418745629117,0.9028418745629117,0.0019103627725540174,0.09524776266453434
53.58,-2.2,High,0.967609666063543,0.967609666063543,0.0005020223100176337,0.03188831162643996
53.58,-2.18,High,0.9690410730142875,0.9690410730142875,0.0009464560843544651,0.03001247090135846
53.58,-2.16,High,0.5086067111083485,0.5086067111083485,0.0616512194690913,0.4297420694225601
53.58,-2.14,High,0.9699322403388105,0.9699322403388105,0.0008676347761112533,0.029200124885078792
53.58,-2.12,High,0.9704196896343764,0.9704196896343764,0.0005476562642761596,0.029032654101348067
53.58,-2.1,High,0.9588928135681624,0.9588928135681624,0.0008161807577444511,0.04029100567409336
53.58,-2.08,High,0.9397528601461482,0.9397528601461482,0.0005304507983625876,0.059716689055489214
53.58,-2.06,High,0.8574150287891875,0.8574150287891875,0.009834246539603487,0.1327507246712086
53.58,-2.04,High,0.8919989617545927,0.8919989617545927,0.003772187118547109,0.10422885112686053
53.58,-2.02,High,0.9236970244959356,0.9236970244959356,0.0029660670941224765,0.07333690840994217
53.58,-2.0,High,0.6037403881088225,0.6037403881088225,0.049213641041304775,0.34704597084987265
53.58,-1.98,High,0.9222539203737183,0.9222539203737183,0.0046561441426304995,0.07308993548365113
53.6,-3.0,Low,0.4855427410260921,0.06642634824596559,0.4855427410260921,0.4480309107279421
53.6,-2.98,High,0.6254499854086584,0.6254499854086584,0.04537236514531266,0.3291776494460295
53.6,-2.96,High,0.8954209312638511,0.8954209312638511,0.002395637995828628,0.1021834307403206
53.6,-2.94,High,0.9481058053411785,0.9481058053411785,0.0006304509935729736,0.051263743665248676
53.6,-2.92,High,0.8883724224793664,0.8883724224793664,0.003375952307759873,0.1082516252128741
53.6,-2.9,High,0.9439758422656738,0.9439758422656738,0.0019016518522792486,0.05412250588204739
53.6,-2.88,High,0.9713158581727896,0.9713158581727896,0.0005968902414020701,0.028087251585808905
53.6,-2.86,High,0.9680895662284412,0.9680895662284412,0.0005145101696587556,0.03139592360190046
53.6,-2.84,High,0.9361059221126604,0.9361059221126604,0.00048113805313907196,0.06341293983420064
53.6,-2.82,High,0.9686546249637997,0.9686546249637997,0.0011271811991637858,0.03021819383703636
53.6,-2.8000000000000003,High,0.937388718136592,0.937388718136592,0.002102235908942664,0.060509045954465136
53.6,-2.7800000000000002,High,0.9108526335468619,0.9108526335468619,0.0037249552716989353,0.08542241118143934
53.6,-2.7600000000000002,High,0.9400393334554282,0.9400393334554282,0.002833522802531746,0.057127143742040226
53.6,-2.74,High,0.6104986859201166,0.6104986859201166,0.05162485000922714,0.33787646407065663
53.6,-2.72,High,0.9399962739468718,0.9399962739468718,0.0013394672514132303,0.05866425880171484
53.6,-2.7,High,0.9558267728336142,0.9558267728336142,0.002423039866979615,0.04175018729940686
53.6,-2.68,High,0.9727540745892189,0.9727540745892189,0.0006295779598119459,0.02661634745096994
53.6,-2.66,High,0.9565250485813493,0.9565250485813493,0.004246964211278234,0.03922798720737239
53.6,-2.64,High,0.8695458190320927,0.8695458190320927,0.006447251729637103,0.12400692923827095
53.6,-2.62,High,0.9641717755281818,0.9641717755281818,0.0018852468074398692,0.0339429776643789
53.6,-2.6,High,0.8927321702668262,0.8927321702668262,0.0023499876774296523,0.1049178420557441
53.6,-2.58,High,0.973295385990858,0.973295385990858,0.0004757729295717756,0.026228841079571023
53.6,-2.56,High,0.9293202396485473,0.9293202396485473,0.0006219293200887874,0.07005783103136429
53.6,-2.54,High,0.9705090564906611,0.9705090564906611,0.0005817508781122257,0.0289091926312268
53.6,-2.52,High,0.9732659544853713,0.9732659544853713,0.0008081191401452569,0.025925926374483477
53.6,-2.5,High,0.8077666346758049,0.8077666346758049,0.01070143537454493,0.18153192994965003
53.6,-2.48,High,0.9723483665778235,0.9723483665778235,0.0013834066004046307,0.02626822682177201
53.6,-2.46,High,0.9742929574260653,0.9742929574260653,0.0007905079081748341,0.024916534665760402
53.6,-2.44,High,0.9446790813937102,0.9446790813937102,0.00040874239328551746,0.05491217621300444
53.6,-2.42,High,0.930896538165969,0.930896538165969,0.0006724040608912532,0.06843105777314024
53.6,-2.4,High,0.9411556059376122,0.9411556059376122,0.00043149253773462084,0.0584129015246534
53.6,-2.38,High,0.9754209172064583,0.9754209172064583,0.0006409155742501793,0.023938167219291765
53.6,-2.36,High,0.9298641520160527,0.9298641520160527,0.0025539590340614413,0.0675818889498864
53.6,-2.34,High,0.9699083058861178,0.9699083058861178,0.0005041360793886716,0.029587558034493925
53.6,-2.32,High,0.9390962255826057,0.9390962255826057,0.0005117200765221403,0.06039205434087212
53.6,-2.3000000000000003,High,0.9208498702561202,0.9208498702561202,0.00043640615042431284,0.0787137235934556
53.6,-2.2800000000000002,High,0.9184658882684481,0.9184658882684481,0.0030291033865752527,0.07850500834497647
53.6,-2.2600000000000002,High,0.9740231157613437,0.9740231157613437,0.00047156703067236503,0.025505317207984476
53.6,-2.24,High,0.9703576976178871,0.9703576976178871,0.0005298581399263716,0.029112444242186983
53.6,-2.22,High,0.9716547884888633,0.9716547884888633,0.000771815634215119,0.02757339587692171
53.6,-2.2,High,0.9702426190910067,0.9702426190910067,0.00043585484812214804,0.029321526060871555
53.6,-2.18,High,0.8962481993561068,0.8962481993561068,0.001270650643673152,0.1024811500002202
53.6,-2.16,High,0.9710127336973831,0.9710127336973831,0.0004896601163497311,0.02849760618626764
53.6,-2.14,High,0.9273581343505309,0.9273581343505309,0.0008009555432249914,0.07184091010624412
53.6,-2.12,High,0.9618566784743708,0.9618566784743708,0.000647815515454853,0.037495506010175046
53.6,-2.1,High,0.9668516539900892,0.9668516539900892,0.0007550249199807344,0.03239332108993018
53.6,-2.08,High,0.9361602226431225,0.9361602226431225,0.0017469199104958332,0.06209285744638202
53.6,-2.06,High,0.7733276818281206,0.7733276818281206,0.01456928827026861,0.21210302990161092
53.6,-2.04,High,0.8899061022095103,0.8899061022095103,0.014477314838511668,0.0956165829519779
53.620000000000005,-3.0,High,0.9278780949455597,0.9278780949455597,0.0028209349350703404,0.06930097011937042
53.620000000000005,-2.98,Medium,0.5415872558875495,0.28720545383716145,0.1712072902752888,0.5415872558875495
53.620000000000005,-2.96,High,0.9534983600478354,0.9534983600478354,0.0016105755331993923,0.04489106441896555
53.620000000000005,-2.94,High,0.9205569647157047,0.9205569647157047,0.0028790552481911965,0.07656398003610378
53.620000000000005,-2.92,High,0.9578728233447997,0.9578728233447997,0.001086813107887925,0.041040363547312185
53.620000000000005,-2.9,High,0.9326993902860512,0.9326993902860512,0.003087466145791376,0.06421314356815792
53.620000000000005,-2.88,Medium,0.49303589660272995,0.3737913338687915,0.13317276952847856,0.49303589660272995
53.620000000000005,-2.86,High,0.9669314291468047,0.9669314291468047,0.0005671854925464257,0.03250138536064936
53.620000000000005,-2.84,High,0.8440447194573387,0.8440447194573387,0.006031958904940685,0.1499233216377208
53.620000000000005,-2.82,High,0.9687810646555925,0.9687810646555925,0.0004826198676818095,0.030736315476726065
53.620000000000005,-2.8000000000000003,High,0.9063114035130233,0.9063114035130233,0.0048901408335978065,0.08879845565337834
53.620000000000005,-2.7800000000000002,High,0.9190039633148831,0.9190039633148831,0.00321764564263451,0.077778391042482
53.620000000000005,-2.7600000000000002,High,0.9348636759310547,0.9348636759310547,0.0034374341127949406,0.061698889956150735
53.620000000000005,-2.74,High,0.9074064200779293,0.9074064200779293,0.0033847444269615333,0.08920883549510926
53.620000000000005,-2.72,High,0.9100558682600125,0.9100558682600125,0.003881827758130192,0.08606230398185703
53.620000000000005,-2.7,High,0.831798044591122,0.831798044591122,0.004911972257345944,0.16328998315153156
53.620000000000005,-2.68,High,0.9607248409714612,0.9607248409714612,0.0005894909613683395,0.03868566806717092
53.620000000000005,-2.66,High,0.9657657337216494,0.9657657337216494,0.000670489317328554,0.03356377696102182
53.620000000000005,-2.64,High,0.6093385259271138,0.6093385259271138,0.043599623407411484,0.3470618506654749
53.620000000000005,-2.62,High,0.9539206734557523,0.9539206734557523,0.0011578857863517992,0.0449214407578962
53.620000000000005,-2.6,High,0.9639675235213716,0.9639675235213716,0.0006356444444973444,0.03539683203413135
53.620000000000005,-2.58,High,0.9365562231452894,0.9365562231452894,0.0018057320850092746,0.0616380447697015
53.620000000000005,-2.56,High,0.8597697785493618,0.8597697785493618,0.007724114296275385,0.13250610715436323
53.620000000000005,-2.52,Medium,0.5974226244537576,0.06565566451169172,0.3369217110345504,0.5974226244537576
53.620000000000005,-2.5,High,0.4319763831325826,0.4319763831325826,0.1462096519421483,0.42181396492526924
53.620000000000005,-2.48,Low,0.494650377878223,0.15998925951165124,0.494650377878223,0.3453603626101261
53.620000000000005,-2.46,High,0.9017670175058057,0.9017670175058057,0.0017686563611177281,0.09646432613307705
53.620000000000005,-2.44,High,0.9677669275286069,0.9677669275286069,0.00046810385602710753,0.031764968615366075
53.620000000000005,-2.42,High,0.8937831844467712,0.8937831844467712,0.0016730750840265904,0.10454374046920227
53.620000000000005,-2.4,High,0.9710011145047015,0.9710011145047015,0.000803212779183235,0.028195672716115765
53.620000000000005,-2.38,High,0.8266238871073278,0.8266238871073278,0.011965926742670458,0.1614101861500016
53.620000000000005,-2.36,High,0.9636846074836405,0.9636846074836405,0.0006615293100450289,0.035653863206315375
53.620000000000005,-2.34,High,0.9719496566231512,0.9719496566231512,0.0004736090431682228,0.027576734333680863
53.620000000000005,-2.32,High,0.9679541902736113,0.9679541902736113,0.00045789088847345396,0.03158791883791543
53.620000000000005,-2.3000000000000003,High,0.9726739850195472,0.9726739850195472,0.0007944480547154892,0.02653156692573772
53.620000000000005,-2.2800000000000002,High,0.8228003635417038,0.8228003635417038,0.009579066567730072,0.1676205698905662
53.620000000000005,-2.2600000000000002,High,0.6909413567367032,0.6909413567367032,0.024920549117779505,0.28413809414551744
53.620000000000005,-2.24,High,0.6215937463340416,0.6215937463340416,0.04484159912489187,0.33356465454106626
53.620000000000005,-2.22,High,0.9417397386576186,0.9417397386576186,0.0005686119257067784,0.057691649416674935
53.620000000000005,-2.2,High,0.9645766285235868,0.9645766285235868,0.000496689961559057,0.03492668151485457
53.620000000000005,-2.18,High,0.9448708900482817,0.9448708900482817,0.0006192627929414869,0.054509847158776846
53.620000000000005,-2.16,High,0.9076919947006372,0.9076919947006372,0.0004273963974966007,0.0918806089018663
53.620000000000005,-2.14,High,0.9374183019295705,0.9374183019295705,0.0004940758370905043,0.06208762223333888
53.620000000000005,-2.12,High,0.9260035655685697,0.9260035655685697,0.0006888195828251161,0.07330761484860533
53.620000000000005,-2.1,High,0.9733746084718841,0.9733746084718841,0.0008312959024528389,0.025794095625663715
53.620000000000005,-2.08,High,0.773687295393906,0.773687295393906,0.019089986751952226,0.20722271785414154
53.64,-2.96,Medium,0.47249218328888126,0.42436877191582695,0.10313904479529162,0.47249218328888126
53.64,-2.94,High,0.8317443837382867,0.8317443837382867,0.012532578540659898,0.15572303772105298
53.64,-2.92,Medium,0.4941257631171617,0.1244214746699831,0.38145276221285485,0.4941257631171617
53.64,-2.9,Medium,0.47756410098193136,0.10516759796011524,0.4172683010579533,0.47756410098193136
53.64,-2.88,High,0.9246101155438887,0.9246101155438887,0.003802742194776996,0.07158714226133328
53.64,-2.86,High,0.9435178935886792,0.9435178935886792,0.0018392587035102118,0.05464284770781028
53.64,-2.84,High,0.7491084675295098,0.7491084675295098,0.01794581610208798,0.23294571636840214
53.64,-2.82,High,0.9466236333676186,0.9466236333676186,0.0020781431726103945,0.05129822345977087
53.64,-2.8000000000000003,High,0.8777076004220369,0.8777076004220369,0.005485979740316085,0.11680641983764695
53.64,-2.7800000000000002,Low,0.8104742030635541,0.011416858674999893,0.8104742030635541,0.17810893826144625
53.64,-2.7600000000000002,Medium,0.5217155984607463,0.1674389027106983,0.31084549882855517,0.5217155984607463
53.64,-2.74,High,0.9617634936368621,0.9617634936368621,0.0010772901805065362,0.03715921618263211
53.64,-2.72,High,0.9246184102381213,0.9246184102381213,0.0037889923769463397,0.07159259738493262
53.64,-2.7,High,0.8028228580533385,0.8028228580533385,0.020756598628933007,0.17642054331772808
53.64,-2.68,High,0.8545412601338777,0.8545412601338777,0.007995733199098026,0.13746300666702496
53.64,-2.66,High,0.9729699287738098,0.9729699287738098,0.0008944092257263777,0.02613566200046388
53.64,-2.64,High,0.96523022959581,0.96523022959581,0.0005932853518308119,0.034176485052359325
53.64,-2.62,High,0.9117874830946594,0.9117874830946594,0.0007020899231471031,0.08751042698219318
53.64,-2.6,High,0.821414784837554,0.821414784837554,0.005392910242004961,0.17319230492044052
53.64,-2.58,Medium,0.49861371150859507,0.3707086711091225,0.1306776173822826,0.49861371150859507
53.64,-2.56,Low,0.635230670435242,0.026489537152615535,0.635230670435242,0.33827979241214284
53.64,-2.5,High,0.9313954980099016,0.9313954980099016,0.002633965840702319,0.06597053614939596
53.64,-2.48,High,0.9252943868845128,0.9252943868845128,0.0025948603886849974,0.07211075272680173
53.64,-2.46,High,0.4962674823453128,0.4962674823453128,0.07531347733281933,0.4284190403218676
53.64,-2.44,High,0.9491280193302767,0.9491280193302767,0.002027770306274125,0.04884421036344922
53.64,-2.42,High,0.833012861936763,0.833012861936763,0.007993625214359262,0.15899351284887778
53.64,-2.4,High,0.9372574500445673,0.9372574500445673,0.0020350389977967774,0.06070751095763589
53.64,-2.38,High,0.9519999714079878,0.9519999714079878,0.003349401018261916,0.04465062757375115
53.64,-2.36,High,0.970944751957998,0.970944751957998,0.0007556802922242089,0.02829956774977807
53.64,-2.34,High,0.9680332087852876,0.9680332087852876,0.00042893154081889153,0.031537859673893845
53.64,-2.32,High,0.9535453456162989,0.9535453456162989,0.0007817684077544079,0.045672885975946965
53.64,-2.3000000000000003,High,0.9627957894952615,0.9627957894952615,0.0011664573355135723,0.03603775316922531
53.64,-2.2800000000000002,High,0.5259186898534641,0.5259186898534641,0.0659082905363572,0.4081730196101783
53.64,-2.2600000000000002,High,0.6275639438458808,0.6275639438458808,0.039532824997802266,0.3329032311563172
53.64,-2.24,High,0.8610579425762651,0.8610579425762651,0.009598840978776302,0.12934321644495822
53.64,-2.22,High,0.7638339782002121,0.7638339782002121,0.019655833001174468,0.21651018879861325
53.64,-2.2,High,0.8387745877907387,0.8387745877907387,0.013016578138749622,0.14820883407051194
53.64,-2.18,High,0.9674721497577796,0.9674721497577796,0.0007769902708583522,0.031750859971362316
53.64,-2.16,High,0.8738600821562784,0.8738600821562784,0.003108154360685217,0.1230317634830362
53.64,-2.14,High,0.9681173014254543,0.9681173014254543,0.0007310838468194686,0.031151614727726665
53.64,-2.12,High,0.9639161389741143,0.9639161389741143,0.0007546875474710599,0.035329173478415105
53.64,-2.1,High,0.9402236980861238,0.9402236980861238,0.0004691202715917736,0.059307181642284566
53.64,-2.08,High,0.9713088157052248,0.9713088157052248,0.0010900684797569343,0.027601115815018944
53.64,-2.06,Medium,0.45475912854042183,0.09849921695183525,0.44674165450774356,0.45475912854042183
53.660000000000004,-2.94,Medium,0.5498608226868914,0.26387020408607265,0.1862689732270361,0.5498608226868914
53.660000000000004,-2.92,High,0.9370406498990961,0.9370406498990961,0.002087747850003126,0.06087160225090041
53.660000000000004,-2.9,High,0.8977112464226361,0.8977112464226361,0.002913960560939398,0.09937479301642473
53.660000000000004,-2.88,High,0.9788278316339957,0.9788278316339957,0.0007622352247563174,0.020409933141248553
53.660000000000004,-2.86,High,0.9564405333931351,0.9564405333931351,0.0011188772720140206,0.04244058933485083
53.660000000000004,-2.84,Low,0.5321312712462754,0.0882549370624649,0.5321312712462754,0.37961379169126
53.660000000000004,-2.82,High,0.9625294268430838,0.9625294268430838,0.0005504392211642074,0.03692013393575205
53.660000000000004,-2.8000000000000003,High,0.6970920711441072,0.6970920711441072,0.026649804126388076,0.2762581247295048
53.660000000000004,-2.7800000000000002,High,0.917354342957102,0.917354342957102,0.002924308507093778,0.07972134853580394
53.660000000000004,-2.7600000000000002,High,0.9275119311690087,0.9275119311690087,0.004966701770642896,0.06752136706034861
53.660000000000004,-2.74,High,0.9514756831742485,0.9514756831742485,0.0023225868159630013,0.04620173000978929
53.660000000000004,-2.72,High,0.8703324634940215,0.8703324634940215,0.0068595608897906064,0.122807975616188
53.660000000000004,-2.7,High,0.725932789301136,0.725932789301136,0.016444764460326763,0.25762244623853686
53.660000000000004,-2.68,High,0.9702901336054633,0.9702901336054633,0.000772946669353999,0.028936919725182905
53.660000000000004,-2.66,High,0.9681629082357857,0.9681629082357857,0.0007340928849417232,0.03110299887927293
53.660000000000004,-2.64,High,0.9421006045657065,0.9421006045657065,0.00042707249919716285,0.057472322935096444
53.660000000000004,-2.62,High,0.9418789455770419,0.9418789455770419,0.0004437937388688557,0.0576772606840894
53.660000000000004,-2.6,High,0.6145666820156811,0.6145666820156811,0.03223318775918141,0.3532001302251379
53.660000000000004,-2.58,High,0.8553287752595434,0.8553287752595434,0.005068467722583356,0.13960275701787325
53.660000000000004,-2.5,Low,0.582801567211226,0.03837805210746588,0.582801567211226,0.37882038068130847
53.660000000000004,-2.44,High,0.6038810267911338,0.6038810267911338,0.04936492406160603,0.3467540491472606
53.660000000000004,-2.42,High,0.8665278334976314,0.8665278334976314,0.0021053904932648256,0.131366776009104
53.660000000000004,-2.4,High,0.98253928390189,0.98253928390189,0.0005274770150535474,0.016933239083057463
53.660000000000004,-2.38,High,0.9690390784149142,0.9690390784149142,0.0013330420057208162,0.02962787957936565
53.660000000000004,-2.36,Medium,0.49372206801857155,0.1903369698356313,0.3159409621457966,0.49372206801857155
53.660000000000004,-2.34,High,0.5290585918577166,0.5290585918577166,0.08863749496367677,0.38230391317860657
53.660000000000004,-2.32,High,0.924962467140463,0.924962467140463,0.0008046419467441094,0.07423289091279239
53.660000000000004,-2.3000000000000003,High,0.9453948506513329,0.9453948506513329,0.00040996189578938703,0.054195187452877984
53.660000000000004,-2.2800000000000002,High,0.9028228000773663,0.9028228000773663,0.0038116034071304043,0.09336559651550282
53.660000000000004,-2.18,High,0.9348378622983874,0.9348378622983874,0.0004435795301602517,0.06471855817145221
53.660000000000004,-2.16,High,0.9631915644283903,0.9631915644283903,0.0006955320334629135,0.03611290353814775
53.660000000000004,-2.14,High,0.8875199733343335,0.8875199733343335,0.0046961926421803515,0.10778383402348662
53.660000000000004,-2.12,Low,0.5298215956202972,0.11228379364782992,0.5298215956202972,0.35789461073187306
53.660000000000004,-2.1,High,0.9729136576251531,0.9729136576251531,0.0004882996801136195,0.026598042694734092
53.660000000000004,-2.08,High,0.9735835508157021,0.9735835508157021,0.0007813767376019699,0.02563507244669626
53.660000000000004,-2.06,Medium,0.5541467327123779,0.10748649607829347,0.3383667712093288,0.5541467327123779
53.660000000000004,-2.04,Low,0.5117012490264293,0.07055988000593738,0.5117012490264293,0.4177388709676331
53.68,-2.94,High,0.7582968868463824,0.7582968868463824,0.018025318046057094,0.22367779510756036
53.68,-2.92,High,0.9353296012494323,0.9353296012494323,0.0022522109206327963,0.062418187829934774
53.68,-2.9,High,0.6598383769933288,0.6598383769933288,0.03923488206917346,0.30092674093749805
53.68,-2.88,High,0.9471385046965304,0.9471385046965304,0.0021987718875193484,0.05066272341594982
53.68,-2.86,High,0.9149693451981764,0.9149693451981764,0.0035208015683605427,0.0815098532334633
53.68,-2.84,High,0.9676873116439688,0.9676873116439688,0.0006112355478061866,0.03170145280822494
53.68,-2.82,High,0.9642504281818988,0.9642504281818988,0.0012618924496357762,0.03448767936846622
53.68,-2.8000000000000003,High,0.9102132936815789,0.9102132936815789,0.004851528859008415,0.08493517745941258
53.68,-2.7800000000000002,High,0.7527240099416523,0.7527240099416523,0.01888180685099838,0.22839418320734936
53.68,-2.7600000000000002,Medium,0.5601259429448169,0.14030275536648723,0.2995713016886956,0.5601259429448169
53.68,-2.74,High,0.9521161725106299,0.9521161725106299,0.000644773989992203,0.04723905349937825
53.68,-2.72,High,0.9392160962689826,0.9392160962689826,0.000527378212940516,0.06025652551807696
53.68,-2.7,High,0.9733708612243213,0.9733708612243213,0.0004475569005512076,0.02618158187512803
53.68,-2.68,High,0.9751502203556051,0.9751502203556051,0.0006199716083948085,0.024229808036000368
53.68,-2.66,High,0.8899795957649114,0.8899795957649114,0.0033555980094377336,0.10666480622565139
53.68,-2.64,High,0.899188499187388,0.899188499187388,0.0027474786582759635,0.098064022154336
53.68,-2.62,High,0.9700046756699686,0.9700046756699686,0.0009824487769759381,0.02901287555305533
53.68,-2.6,High,0.9685801618185215,0.9685801618185215,0.0013214517738072984,0.03009838640767148
53.68,-2.58,High,0.8968684892459531,0.8968684892459531,0.002865473745685217,0.10026603700836195
53.68,-2.56,High,0.9549326811297625,0.9549326811297625,0.001743158450133802,0.04332416042010474
53.68,-2.52,Medium,0.4854735549056725,0.04800307674827508,0.46652336834605235,0.4854735549056725
53.68,-2.5,Medium,0.5166732415136465,0.2991616662462043,0.18416509224014907,0.5166732415136465
53.68,-2.48,High,0.5479713350114844,0.5479713350114844,0.06278247282523682,0.3892461921632787
53.68,-2.46,High,0.9664690675588544,0.9664690675588544,0.0008001796115645606,0.03273075282958136
53.68,-2.44,High,0.9653022629068632,0.9653022629068632,0.001658459895686487,0.033039277197450215
53.68,-2.42,High,0.8033895296247369,0.8033895296247369,0.021756657415929883,0.17485381295933344
53.68,-2.4,High,0.8001646416897599,0.8001646416897599,0.01373226139696214,0.18610309691327753
53.68,-2.38,High,0.8484637380885879,0.8484637380885879,0.00706889911409247,0.1444673627973194
53.68,-2.36,Low,0.4744960355601575,0.13025434948375544,0.4744960355601575,0.395249614956087
53.68,-2.34,High,0.9697979072686291,0.9697979072686291,0.0005492038713979171,0.029652888859973244
53.68,-2.32,High,0.9676146146190858,0.9676146146190858,0.0004966328769210042,0.03188875250399374
53.68,-2.3000000000000003,High,0.9380779617385214,0.9380779617385214,0.0025892987222490265,0.059332739539230045
53.68,-2.2800000000000002,Medium,0.45381243115513065,0.4316554647879047,0.11453210405696457,0.45381243115513065
53.68,-2.2600000000000002,High,0.8825242542087409,0.8825242542087409,0.005181181958480976,0.11229456383277794
53.68,-2.24,High,0.9158674505025591,0.9158674505025591,0.0026122726517572616,0.08152027684568385
53.68,-2.22,High,0.9182485592439896,0.9182485592439896,0.0027795125604377136,0.0789719281955727
53.68,-2.18,High,0.9729403271285623,0.9729403271285623,0.0010189393812431375,0.02604073349019519
53.68,-2.16,High,0.9639253887987022,0.9639253887987022,0.0014105414567808436,0.03466406974451759
53.7,-2.92,Medium,0.4992437584844505,0.1464570284787752,0.3542992130367743,0.4992437584844505
53.7,-2.9,High,0.7706668043382625,0.7706668043382625,0.009111457879404913,0.22022173778233214
53.7,-2.88,High,0.886093746265215,0.886093746265215,0.0036723937579746075,0.11023385997681061
53.7,-2.86,High,0.9544497643052534,0.9544497643052534,0.001492038090204904,0.04405819760454219
53.7,-2.84,High,0.9123053718532859,0.9123053718532859,0.00039552225622869813,0.08729910589048546
53.7,-2.82,Medium,0.4621404442735838,0.4497107309911685,0.0881488247352482,0.4621404442735838
53.7,-2.8000000000000003,High,0.9419796972534471,0.9419796972534471,0.002786502070908946,0.05523380067564418
53.7,-2.7800000000000002,High,0.9045657573814825,0.9045657573814825,0.006282075384558744,0.08915216723395854
53.7,-2.7600000000000002,High,0.87344063083121,0.87344063083121,0.007846623194231912,0.11871274597455772
53.7,-2.74,High,0.9660447881126772,0.9660447881126772,0.0007807785539131429,0.03317443333340972
53.7,-2.72,High,0.9711258306773999,0.9711258306773999,0.00048022720760175573,0.028393942114998717
53.7,-2.7,High,0.9681038722510474,0.9681038722510474,0.00045663840884832806,0.03143948934010463
53.7,-2.68,High,0.9446040689268458,0.9446040689268458,0.0005191102194929993,0.05487682085366141
53.7,-2.66,High,0.9700026511739475,0.9700026511739475,0.0007681190577042382,0.029229229768348394
53.7,-2.64,High,0.9588859812005349,0.9588859812005349,0.0006631514726505078,0.04045086732681469
53.7,-2.62,High,0.7894470918448983,0.7894470918448983,0.011930899291213106,0.19862200886388887
53.7,-2.6,High,0.9321076262668836,0.9321076262668836,0.0017060153902101242,0.06618635834290669
53.7,-2.58,High,0.9604718027997271,0.9604718027997271,0.0017085891506372272,0.037819608049636265
53.7,-2.56,High,0.9700133256791716,0.9700133256791716,0.0009123611260444804,0.029074313194784037
53.7,-2.54,High,0.8526235123662999,0.8526235123662999,0.0049892145131724235,0.14238727312052743
53.7,-2.52,High,0.9567147313023505,0.9567147313023505,0.001344045862252917,0.04194122283539715
53.7,-2.5,High,0.5950227375059568,0.5950227375059568,0.05461392039170075,0.3503633421023426
53.7,-2.48,High,0.9431123305731419,0.9431123305731419,0.000600769394599016,0.05628690003225892
53.7,-2.46,High,0.9431929547884614,0.9431929547884614,0.000401724637387964,0.05640532057415088
53.7,-2.44,High,0.9654608275368708,0.9654608275368708,0.0013584459247311979,0.033180726538398445
53.7,-2.42,High,0.8509109587759931,0.8509109587759931,0.011286263888485531,0.1378027773355212
53.7,-2.36,High,0.5884666834907639,0.5884666834907639,0.05583544001462762,0.3556978764946088
53.7,-2.34,High,0.9694888690615037,0.9694888690615037,0.0004587541379935643,0.030052376800503416
53.7,-2.32,High,0.9416445588713817,0.9416445588713817,0.00042211627464461824,0.05793332485397401
53.7,-2.3000000000000003,High,0.9697239565404848,0.9697239565404848,0.00041080319983175363,0.029865240259683765
53.7,-2.2800000000000002,High,0.9228375109307462,0.9228375109307462,0.0030934233663155717,0.07406906570293814
53.7,-2.2600000000000002,High,0.8914480931756777,0.8914480931756777,0.0031038306512921987,0.10544807617303026
53.7,-2.24,High,0.9648972454734143,0.9648972454734143,0.0006987428442491033,0.034404011682336796
53.7,-2.22,High,0.9675051840547517,0.9675051840547517,0.0006781381791442438,0.03181667776610422
53.7,-2.2,High,0.9380456579571756,0.9380456579571756,0.0004231590803651217,0.06153118296245948
53.7,-2.18,High,0.9733569982336955,0.9733569982336955,0.0010194861111706465,0.02562351565513423
53.72,-2.86,Low,0.45214684518598425,0.11211598305182402,0.45214684518598425,0.4357371717621919
53.72,-2.84,Medium,0.4878693891052625,0.15633101320580475,0.355799597688933,0.4878693891052625
53.72,-2.82,Medium,0.472811734920386,0.3826927791538951,0.14449548592571898,0.472811734920386
53.72,-2.8000000000000003,High,0.9375485093047685,0.9375485093047685,0.0022856490233810847,0.06016584167185008
53.72,-2.7800000000000002,High,0.9259019110970225,0.9259019110970225,0.0032851707357543767,0.07081291816722256
53.72,-2.7600000000000002,High,0.9599826003710588,0.9599826003710588,0.0008547390325971688,0.039162660596345045
53.72,-2.74,High,0.9722492972078735,0.9722492972078735,0.0005267461202841061,0.027223956671843165
53.72,-2.72,High,0.9542962936578921,0.9542962936578921,0.0010075931019106706,0.04469611324019771
53.72,-2.7,High,0.941322396136383,0.941322396136383,0.0005262020141409955,0.05815140184947589
53.72,-2.68,High,0.960421154550843,0.960421154550843,0.0005673666534814312,0.039011478795675035
53.72,-2.66,High,0.9627610619337529,0.9627610619337529,0.0006498636263837912,0.03658907443986358
53.72,-2.64,High,0.9584165915972731,0.9584165915972731,0.0008351617189401238,0.04074824668378722
53.72,-2.62,High,0.7177085389501856,0.7177085389501856,0.010612938994087382,0.2716785220557273
53.72,-2.6,High,0.9058280894256576,0.9058280894256576,0.007730488883937427,0.08644142169040467
53.72,-2.58,High,0.9050292210861083,0.9050292210861083,0.005251620497114619,0.08971915841677718
53.72,-2.56,High,0.8367977848219929,0.8367977848219929,0.004087607119321275,0.1591146080586859
53.72,-2.54,High,0.9679862231784867,0.9679862231784867,0.0005142083613703238,0.03149956846014327
53.72,-2.52,High,0.9723063227857187,0.9723063227857187,0.000775648570621138,0.026918028643660347
53.72,-2.5,High,0.9563427339016961,0.9563427339016961,0.0008432618147477077,0.0428140042835565
53.72,-2.48,High,0.9539356309850778,0.9539356309850778,0.0009148203355492375,0.04514954867937312
53.72,-2.46,High,0.942450847346135,0.942450847346135,0.0008413220601064937,0.05670783059375879
53.72,-2.44,High,0.9471105078272974,0.9471105078272974,0.00468989524312989,0.04819959692957277
53.72,-2.42,High,0.8181504340446797,0.8181504340446797,0.00956432363288312,0.17228524232243703
53.72,-2.4,High,0.46247844063459576,0.46247844063459576,0.08720406505585904,0.45031749430954554
53.72,-2.38,High,0.4615678801125879,0.4615678801125879,0.09108793853700378,0.4473441813504083
53.72,-2.36,Medium,0.497848561280661,0.28816655700292554,0.21398488171641325,0.497848561280661
53.72,-2.34,High,0.9662300119374647,0.9662300119374647,0.000682192906601148,0.03308779515593443
53.72,-2.32,High,0.9716031837921436,0.9716031837921436,0.0005770071029098721,0.02781980910494728
53.72,-2.3000000000000003,High,0.9227150374844215,0.9227150374844215,0.0021747931355089777,0.07511016938006988
53.72,-2.2800000000000002,High,0.9265808602320269,0.9265808602320269,0.002986186916287954,0.07043295285168492
53.72,-2.2600000000000002,High,0.8798982379101732,0.8798982379101732,0.007669515675084381,0.11243224641474268
53.72,-2.24,High,0.9123684910272722,0.9123684910272722,0.0039157450645253625,0.08371576390820293
53.72,-2.22,High,0.7626197281160987,0.7626197281160987,0.012516015900572053,0.22486425598332915
53.72,-2.2,High,0.9717061776568597,0.9717061776568597,0.001019075124310885,0.02727474721882961
53.72,-2.18,High,0.719158768896311,0.719158768896311,0.016206093110137956,0.26463513799355093
53.74,-3.04,High,0.7809482493771606,0.7809482493771606,0.01471935921039396,0.20433239141244539
53.74,-3.02,High,0.9714419752354416,0.9714419752354416,0.0005222459960083007,0.028035778768550373
53.74,-3.0,High,0.9674896093404982,0.9674896093404982,0.0005000041282276351,0.03201038653127462
53.74,-2.98,High,0.9666319505341664,0.9666319505341664,0.001603368965522286,0.03176468050031191
53.74,-2.96,High,0.9716414161768168,0.9716414161768168,0.00047742927025275846,0.027881154552930863
53.74,-2.94,High,0.9821724565401919,0.9821724565401919,0.0005176364277411974,0.017309907032066914
53.74,-2.92,High,0.7021910879810086,0.7021910879810086,0.024214906217631723,0.27359400580135945
53.74,-2.9,High,0.9569508030083006,0.9569508030083006,0.0005645862396112683,0.04248461075208852
53.74,-2.88,High,0.6958673038631136,0.6958673038631136,0.027530330881792516,0.2766023652550942
53.74,-2.86,High,0.7394393464455373,0.7394393464455373,0.01817222762745892,0.24238842592700377
53.74,-2.84,Medium,0.49871477170095835,0.31807333853415587,0.18321188976488562,0.49871477170095835
53.74,-2.8000000000000003,Medium,0.5332721546927344,0.16853085133574455,0.29819699397152144,0.5332721546927344
53.74,-2.7800000000000002,High,0.9187195016675931,0.9187195016675931,0.004927288102264965,0.07635321023014224
53.74,-2.7600000000000002,High,0.9725621445842324,0.9725621445842324,0.0006264687191718098,0.026811386696596887
53.74,-2.74,High,0.9652327445990904,0.9652327445990904,0.0008947944798042983,0.03387246092110583
53.74,-2.72,High,0.9558881416780092,0.9558881416780092,0.000708057928637919,0.043403800393353044
53.74,-2.7,High,0.9649509555110272,0.9649509555110272,0.0007217657479695577,0.03432727874100347
53.74,-2.68,High,0.9637260901371728,0.9637260901371728,0.000719420928451632,0.03555448893437578
53.74,-2.66,High,0.9434092302847558,0.9434092302847558,0.0008808840494242796,0.05570988566582006
53.74,-2.64,High,0.9053601748024163,0.9053601748024163,0.0006926067235345708,0.09394721847404913
53.74,-2.62,High,0.9703823847803842,0.9703823847803842,0.0005831986683499976,0.02903441655126607
53.74,-2.6,High,0.7705997150429493,0.7705997150429493,0.013018497535518871,0.21638178742153222
53.74,-2.58,High,0.9330524886945996,0.9330524886945996,0.0034316135400825876,0.06351589776531759
53.74,-2.56,High,0.8480492862469184,0.8480492862469184,0.010950112851535031,0.14100060090154662
53.74,-2.54,High,0.9634894531274436,0.9634894531274436,0.0032455345322399444,0.033265012340317396
53.74,-2.52,High,0.9717015729834557,0.9717015729834557,0.0005352281493852762,0.027763198867159677
53.74,-2.5,High,0.9422148878645024,0.9422148878645024,0.00040572662482914803,0.057379385510668526
53.74,-2.48,High,0.9455838015753788,0.9455838015753788,0.0007535010663649485,0.053662697358256316
53.74,-2.46,High,0.9400083878319836,0.9400083878319836,0.0007040712930314813,0.05928754087498475
53.74,-2.44,High,0.9736032544167679,0.9736032544167679,0.0007850400521741335,0.025611705531058147
53.74,-2.42,High,0.6311592046850982,0.6311592046850982,0.04714800291217513,0.3216927924027269
53.74,-2.4,High,0.9389724234504132,0.9389724234504132,0.00042152699068558465,0.06060604955890117
53.74,-2.38,High,0.9668049567127207,0.9668049567127207,0.0005782741327607408,0.032616769154518596
53.74,-2.36,High,0.9658989441061476,0.9658989441061476,0.0008013506156090491,0.033299705278243524
53.74,-2.34,High,0.9711852095887238,0.9711852095887238,0.0004391871242276347,0.02837560328704912
53.74,-2.32,Medium,0.501697632654186,0.35088090597343297,0.14742146137238119,0.501697632654186
53.74,-2.3000000000000003,High,0.8037024229925589,0.8037024229925589,0.012926074706693307,0.18337150230074833
53.74,-2.2800000000000002,High,0.9182811463800755,0.9182811463800755,0.003451951973344063,0.07826690164658005
53.74,-2.2600000000000002,Medium,0.5056434400111585,0.08782445475322229,0.4065321052356194,0.5056434400111585
53.74,-2.24,High,0.5577878624108571,0.5577878624108571,0.0546730861748162,0.3875390514143264
53.74,-2.22,Medium,0.5028798007673536,0.1475198762246071,0.3496003230080395,0.5028798007673536
53.74,-2.2,Medium,0.5244117250671438,0.287642099308527,0.18794617562432936,0.5244117250671438
53.74,-2.18,Medium,0.5229911198264743,0.2954401937907695,0.18156868638275622,0.5229911198264743
53.74,-2.16,Medium,0.46237570863695177,0.09370476691456613,0.44391952444848193,0.46237570863695177
53.76,-3.04,High,0.9709299647804209,0.9709299647804209,0.0004754526660145164,0.028594582553565062
53.76,-3.02,High,0.9638328178749077,0.9638328178749077,0.0006907291995847559,0.03547645292550774
53.76,-3.0,High,0.9663600615799994,0.9663600615799994,0.0014083174919222324,0.032231620928078804
53.76,-2.98,High,0.910896296846317,0.910896296846317,0.006618384478171742,0.08248531867551087
53.76,-2.96,High,0.4752687068134949,0.4752687068134949,0.08918065490402084,0.43555063828248464
53.76,-2.94,High,0.5224628848205374,0.5224628848205374,0.07430602084177018,0.40323109433769233
53.76,-2.92,High,0.6373644392395811,0.6373644392395811,0.03222574204639838,0.33040981871402103
53.76,-2.9,High,0.9571460555315225,0.9571460555315225,0.0009200122168548286,0.04193393225162308
53.76,-2.88,High,0.9385479877438583,0.9385479877438583,0.0005268020977208473,0.06092521015842098
53.76,-2.86,High,0.9715828388760621,0.9715828388760621,0.000544133866584951,0.02787302725735336
53.76,-2.84,High,0.793658863953058,0.793658863953058,0.0070254237476972846,0.19931571229924472
53.76,-2.82,High,0.8591844380382787,0.8591844380382787,0.005773305463491778,0.13504225649822968
53.76,-2.8000000000000003,High,0.7229544529541897,0.7229544529541897,0.02526291141603238,0.251782635629778
53.76,-2.7800000000000002,High,0.6343003309575252,0.6343003309575252,0.033171522109008256,0.33252814693346694
53.76,-2.7600000000000002,High,0.9678504113477671,0.9678504113477671,0.000480967997328368,0.03166862065490517
53.76,-2.74,High,0.9665768385761787,0.9665768385761787,0.0005077694257380736,0.032915391998083555
53.76,-2.72,High,0.9127010954318926,0.9127010954318926,0.0005280166594780382,0.0867708879086291
53.76,-2.7,High,0.9423671782374626,0.9423671782374626,0.00042309995568829106,0.057209721806849204
53.76,-2.68,High,0.941470210515851,0.941470210515851,0.00039516336352864406,0.058134626120620585
53.76,-2.66,High,0.9689389319533297,0.9689389319533297,0.0009847060655696254,0.030076361981101023
53.76,-2.64,High,0.9081375865211126,0.9081375865211126,0.004154030683457646,0.08770838279542978
53.76,-2.62,High,0.9477586082387427,0.9477586082387427,0.0012888670692317056,0.05095252469202535
53.76,-2.6,High,0.7900457889019238,0.7900457889019238,0.0156355549918787,0.19431865610619767
53.76,-2.58,High,0.9354749431206271,0.9354749431206271,0.0024621076197595014,0.062062949259613996
53.76,-2.56,High,0.8877065380459283,0.8877065380459283,0.010973896088987583,0.10131956586508485
53.76,-2.54,High,0.8188557882100745,0.8188557882100745,0.010197827259431212,0.17094638453049413
53.76,-2.52,High,0.9721526057790595,0.9721526057790595,0.0007135421691788643,0.027133852051761803
53.76,-2.5,High,0.9646537899540906,0.9646537899540906,0.000711527990980164,0.03463468205492923
53.76,-2.48,High,0.9404859813587221,0.9404859813587221,0.00039910328255344585,0.05911491535872464
53.76,-2.46,High,0.9682104374388486,0.9682104374388486,0.0008028886330585799,0.030986673928092894
53.76,-2.44,High,0.8675261398146745,0.8675261398146745,0.003021034142541141,0.1294528260427841
53.76,-2.42,High,0.9606582155913592,0.9606582155913592,0.0008833130193954744,0.03845847138924572
53.76,-2.4,High,0.9703108467469633,0.9703108467469633,0.0007631881794540074,0.02892596507358269
53.76,-2.38,High,0.9447042028676712,0.9447042028676712,0.0003893305336304935,0.05490646659869835
53.76,-2.36,High,0.9435949590414272,0.9435949590414272,0.00039329564068838407,0.05601174531788442
53.76,-2.34,High,0.9629276958635085,0.9629276958635085,0.0006483412764918285,0.03642396285999996
53.76,-2.32,High,0.5453445637169516,0.5453445637169516,0.05877864810408038,0.39587678817896765
53.76,-2.3000000000000003,Medium,0.5350552460321213,0.2508095214438762,0.21413523252400213,0.5350552460321213
53.76,-2.2800000000000002,Medium,0.5033584698142133,0.11624138389168107,0.3804001462941056,0.5033584698142133
53.76,-2.2600000000000002,High,0.8116565657954276,0.8116565657954276,0.012620720823571378,0.17572271338100073
53.76,-2.24,Medium,0.47863457601157977,0.4361429586636287,0.08522246532479215,0.47863457601157977
53.76,-2.22,Medium,0.5054411212344803,0.3433189595731914,0.15123991919232835,0.5054411212344803
53.76,-2.2,High,0.9704000356785246,0.9704000356785246,0.0009360890665791255,0.02866387525489643
53.76,-2.18,High,0.7395291317155837,0.7395291317155837,0.015257447653815117,0.2452134206306013
53.78,-3.06,High,0.971693993026331,0.971693993026331,0.0008149713697312838,0.027491035603938174
53.78,-3.04,High,0.9680418840787628,0.9680418840787628,0.00043832621633408433,0.031519789704903475
53.78,-3.02,High,0.9704379076609415,0.9704379076609415,0.0007752883463817447,0.02878680399267695
53.78,-3.0,High,0.9635763273885896,0.9635763273885896,0.0005500864237883531,0.035873586187622625
53.78,-2.98,High,0.9804704992764351,0.9804704992764351,0.0007184144091847173,0.01881108631438075
53.78,-2.96,High,0.7576754819508119,0.7576754819508119,0.016586763521907865,0.22573775452727987
53.78,-2.94,Medium,0.48011246781466455,0.42767362503500905,0.09221390715032647,0.48011246781466455
53.78,-2.92,High,0.9650113332369462,0.9650113332369462,0.0011345560839413254,0.03385411067911277
53.78,-2.9,High,0.9088862209573247,0.9088862209573247,0.0033929294778077042,0.08772084956486761
53.78,-2.88,High,0.9697346366211742,0.9697346366211742,0.0005255702746298146,0.0297397931041964
53.78,-2.86,High,0.9738536274461529,0.9738536274461529,0.0015335074944061071,0.02461286505944146
53.78,-2.84,High,0.9635114746684605,0.9635114746684605,0.001097046526440208,0.03539147880509976
53.78,-2.82,High,0.8955745516391493,0.8955745516391493,0.005889563401752601,0.09853588495909812
53.78,-2.8000000000000003,High,0.8748876570091739,0.8748876570091739,0.006120572178604391,0.11899177081222204
53.78,-2.7800000000000002,High,0.639455917341122,0.639455917341122,0.044463678790980773,0.31608040386789754
53.78,-2.7600000000000002,High,0.9719607725084614,0.9719607725084614,0.0006332266314777119,0.027406000860061265
53.78,-2.74,High,0.9575138651442556,0.9575138651442556,0.0006807317412968542,0.04180540311444766
53.78,-2.72,High,0.943126420193944,0.943126420193944,0.0004567880471237973,0.056416791758932175
53.78,-2.7,High,0.9606739568522285,0.9606739568522285,0.0008453600361842247,0.03848068311158734
53.78,-2.68,High,0.9610882485840717,0.9610882485840717,0.0005943463394868849,0.03831740507644108
53.78,-2.66,High,0.9409518454223523,0.9409518454223523,0.00046963596750704446,0.058578518610140635
53.78,-2.64,High,0.9695272497616994,0.9695272497616994,0.0007612255077560183,0.029711524730545075
53.78,-2.62,High,0.7084244382850879,0.7084244382850879,0.02137499540190988,0.27020056631300265
53.78,-2.6,High,0.5184028322820352,0.5184028322820352,0.06310146738649039,0.4184957003314749
53.78,-2.58,High,0.8024777337148576,0.8024777337148576,0.010521433988525316,0.18700083229661768
53.78,-2.56,High,0.8657763875644064,0.8657763875644064,0.0077998709602044225,0.12642374147538932
53.78,-2.54,High,0.9726421495692651,0.9726421495692651,0.0004777498417024278,0.02688010058903316
53.78,-2.52,High,0.9736967826933735,0.9736967826933735,0.0004740259742383332,0.02582919133238887
53.78,-2.5,High,0.9690626276854971,0.9690626276854971,0.0014014252973453762,0.02953594701715769
53.78,-2.48,High,0.9616789289794618,0.9616789289794618,0.0007982753862060701,0.03752279563433221
53.78,-2.46,High,0.7621242077499324,0.7621242077499324,0.012849375949903423,0.22502641630016457
53.78,-2.44,Medium,0.49067586042689,0.3261625703692816,0.1831615692038283,0.49067586042689
53.78,-2.42,High,0.9656610089397476,0.9656610089397476,0.00044686124445784503,0.03389212981579474
53.78,-2.4,High,0.9642441466401592,0.9642441466401592,0.000741926096583803,0.03501392726325723
53.78,-2.38,High,0.9677769332635944,0.9677769332635944,0.00043325713720107737,0.0317898095992051
53.78,-2.36,High,0.764066891817384,0.764066891817384,0.009430329878482996,0.2265027783041333
53.78,-2.34,High,0.9018972798681716,0.9018972798681716,0.002486835528861966,0.09561588460296729
53.78,-2.32,High,0.9740820026366984,0.9740820026366984,0.0007203080444433224,0.025197689318858463
53.78,-2.3000000000000003,High,0.9570646908150379,0.9570646908150379,0.0020316300091136152,0.040903679175848834
53.78,-2.2800000000000002,High,0.9104252790924524,0.9104252790924524,0.003588077634864608,0.08598664327268311
53.78,-2.2600000000000002,High,0.9391014941227139,0.9391014941227139,0.00048743454044803964,0.06041107133683808
53.78,-2.24,High,0.9677325168218274,0.9677325168218274,0.0007598507995994873,0.03150763237857366
53.78,-2.22,High,0.9392715658248554,0.9392715658248554,0.0004234686049596873,0.060304965570185214
53.78,-2.2,High,0.9736567435659658,0.9736567435659658,0.0008843272358356639,0.02545892919819882
53.78,-2.18,High,0.9090659172863568,0.9090659172863568,0.006395622737017586,0.08453845997662571
53.800000000000004,-3.06,High,0.9686591605593016,0.9686591605593016,0.0005089298553650409,0.030831909585333758
53.800000000000004,-3.04,High,0.9591278751732125,0.9591278751732125,0.0007255318613160978,0.04014659296547137
53.800000000000004,-3.02,High,0.9395247084227504,0.9395247084227504,0.0005273924203692915,0.059947899156880376
53.800000000000004,-3.0,High,0.9679611677825699,0.9679611677825699,0.00045114232597517873,0.03158768989145527
53.800000000000004,-2.98,High,0.8605748731828982,0.8605748731828982,0.006820982908708659,0.132604143908393
53.800000000000004,-2.96,High,0.8942531437454379,0.8942531437454379,0.0037154391474486952,0.10203141710711242
53.800000000000004,-2.94,High,0.9024030037305713,0.9024030037305713,0.004064794729859914,0.09353220153956897
53.800000000000004,-2.92,High,0.5215903033510845,0.5215903033510845,0.06109821730285812,0.41731147934605745
53.800000000000004,-2.9,Medium,0.4558282756418754,0.4537724976744524,0.09039922668367212,0.4558282756418754
53.800000000000004,-2.88,High,0.9645221197522049,0.9645221197522049,0.001629069066101556,0.03384881118169457
53.800000000000004,-2.86,Medium,0.5247175649362507,0.28101846122284607,0.1942639738409028,0.5247175649362507
53.800000000000004,-2.84,High,0.8570500984620704,0.8570500984620704,0.0060769178992766,0.13687298363865325
53.800000000000004,-2.82,High,0.5868976015353161,0.5868976015353161,0.04702842835163418,0.3660739701130497
53.800000000000004,-2.8000000000000003,High,0.9328660940665567,0.9328660940665567,0.0024931612769140484,0.0646407446565291
53.800000000000004,-2.7800000000000002,High,0.8862735925834919,0.8862735925834919,0.005483099744377207,0.10824330767212999
53.800000000000004,-2.7600000000000002,High,0.9672312603236607,0.9672312603236607,0.000886678068698458,0.031882061607641045
53.800000000000004,-2.74,High,0.9741143667898885,0.9741143667898885,0.0004545513205235431,0.025431081889588696
53.800000000000004,-2.72,High,0.9251465887816088,0.9251465887816088,0.0006068403603426919,0.07424657085804835
53.800000000000004,-2.7,High,0.9648893048170418,0.9648893048170418,0.0008282720526441348,0.03428242313031457
53.800000000000004,-2.68,High,0.9598175029351365,0.9598175029351365,0.001911877319936933,0.038270619744927174
53.800000000000004,-2.66,High,0.8926560899953736,0.8926560899953736,0.004325111699177478,0.1030187983054488
53.800000000000004,-2.64,High,0.9733088193641115,0.9733088193641115,0.00086921285455783,0.02582196778133125
53.800000000000004,-2.62,High,0.8751119905547011,0.8751119905547011,0.007019821245390675,0.117868188199908
53.800000000000004,-2.6,High,0.7303933697593462,0.7303933697593462,0.020273438407819606,0.24933319183283426
53.800000000000004,-2.58,Medium,0.4764205898766295,0.4132943963092019,0.11028501381416866,0.4764205898766295
53.800000000000004,-2.56,High,0.8368447026278168,0.8368447026278168,0.008612395712520036,0.1545429016596624
53.800000000000004,-2.54,High,0.8557693207950162,0.8557693207950162,0.0063489670613050865,0.13788171214367895
53.800000000000004,-2.52,High,0.6477054481083823,0.6477054481083823,0.03674152355269908,0.31555302833891913
53.800000000000004,-2.5,High,0.8916055835192819,0.8916055835192819,0.0026370114960800684,0.10575740498463794
53.800000000000004,-2.48,High,0.9548068255717821,0.9548068255717821,0.0009682894111755413,0.04422488501704283
53.800000000000004,-2.46,High,0.9697736387302379,0.9697736387302379,0.0007233498632114277,0.02950301140655072
53.800000000000004,-2.44,High,0.9527428245222807,0.9527428245222807,0.0013744271391848855,0.04588274833853467
53.800000000000004,-2.42,High,0.9640056912258705,0.9640056912258705,0.002591161638010934,0.0334031471361187
53.800000000000004,-2.4,High,0.964238963235864,0.964238963235864,0.0008561866538733437,0.03490485011026262
53.800000000000004,-2.38,High,0.8797255312185616,0.8797255312185616,0.0013439654815318477,0.1189305032999068
53.800000000000004,-2.36,High,0.8431081789381265,0.8431081789381265,0.008054448180222261,0.1488373728816514
53.800000000000004,-2.34,High,0.8793880815348895,0.8793880815348895,0.006044720319088779,0.11456719814602126
53.800000000000004,-2.32,High,0.8963273126954173,0.8963273126954173,0.002259149993460931,0.10141353731112143
53.800000000000004,-2.3000000000000003,High,0.9612504577118307,0.9612504577118307,0.0008931038700545449,0.0378564384181146
53.800000000000004,-2.2800000000000002,High,0.9189202636914751,0.9189202636914751,0.0028807565048578152,0.07819897980366702
53.800000000000004,-2.2600000000000002,High,0.964695710767273,0.964695710767273,0.000764277945772908,0.03454001128695435
53.800000000000004,-2.24,High,0.9424952167353523,0.9424952167353523,0.00040572662482914803,0.05709905663981859
53.800000000000004,-2.22,High,0.9682923617400799,0.9682923617400799,0.000449276940139838,0.03125836131978054
53.800000000000004,-2.2,High,0.9606307690582586,0.9606307690582586,0.001521003364555745,0.037848227577186346
53.800000000000004,-2.18,High,0.6140856549938988,0.6140856549938988,0.039097355217107006,0.34681698978899467
53.800000000000004,-2.16,Low,0.5841019390500743,0.03097791779061836,0.5841019390500743,0.3849201431593072
53.800000000000004,-2.14,Medium,0.4633198119935154,0.08703881744776294,0.44964137055872166,0.4633198119935154
53.82,-3.06,High,0.9398468105404508,0.9398468105404508,0.000757671894638309,0.0593955175649108
53.82,-3.04,High,0.9387817622633062,0.9387817622633062,0.0006980237707012112,0.06052021396599274
53.82,-3.02,High,0.9679495720558436,0.9679495720558436,0.0007464882791100316,0.031303939665046195
53.82,-3.0,High,0.9723036881926561,0.9723036881926561,0.0008602521740739822,0.026836059633270022
53.82,-2.98,High,0.9600882498982082,0.9600882498982082,0.0010631741513290618,0.03884857595046312
53.82,-2.96,Medium,0.467392636598337,0.38013263444497236,0.15247472895669062,0.467392636598337
53.82,-2.94,High,0.8995720230727317,0.8995720230727317,0.005421701533743855,0.09500627539352476
53.82,-2.92,High,0.5840428632533942,0.5840428632533942,0.04730310119350698,0.36865403555309917
53.82,-2.9,High,0.8653998835824295,0.8653998835824295,0.00727101089650678,0.1273291055210638
53.82,-2.88,High,0.4658509240645515,0.4658509240645515,0.09305162187087632,0.44109745406457246
53.82,-2.86,High,0.5900239917719788,0.5900239917719788,0.05548239959159229,0.35449360863642915
53.82,-2.84,High,0.7057499687627139,0.7057499687627139,0.02778546143753719,0.2664645697997491
53.82,-2.82,High,0.7866364375479854,0.7866364375479854,0.017712862535591754,0.19565069991642273
53.82,-2.8000000000000003,High,0.9523683051592949,0.9523683051592949,0.0015609446938194696,0.04607075014688507
53.82,-2.7800000000000002,High,0.9133689878910212,0.9133689878910212,0.0032963872913540737,0.08333462481762473
53.82,-2.7600000000000002,High,0.9511427549770443,0.9511427549770443,0.0018094912151316448,0.047047753807823875
53.82,-2.74,High,0.8449009805828922,0.8449009805828922,0.007952882073159435,0.14714613734394782
53.82,-2.72,High,0.75250663366876,0.75250663366876,0.02007999584313608,0.22741337048810473
53.82,-2.7,High,0.95004823854728,0.95004823854728,0.002397038807270676,0.047554722645448876
53.82,-2.68,High,0.8607231531934074,0.8607231531934074,0.008088798126492179,0.13118804868010053
53.82,-2.66,High,0.9044537300574094,0.9044537300574094,0.0022923186030730557,0.09325395133951801
53.82,-2.64,High,0.9042386027636319,0.9042386027636319,0.006882754383615095,0.08887864285275345
53.82,-2.62,High,0.933980275958952,0.933980275958952,0.0017851953202847148,0.06423452872076328
53.82,-2.6,High,0.9252006816625763,0.9252006816625763,0.000480563988833474,0.07431875434859062
53.82,-2.58,High,0.811054040109117,0.811054040109117,0.012291835045572984,0.17665412484531043
53.82,-2.56,High,0.9324265049973008,0.9324265049973008,0.0025353243288459477,0.06503817067385288
53.82,-2.54,High,0.9459398815440808,0.9459398815440808,0.002328939124737729,0.05173117933118097
53.82,-2.52,High,0.7749998456956645,0.7749998456956645,0.013065849297199814,0.2119343050071359
53.82,-2.5,Low,0.505689840512848,0.05354102141052052,0.505689840512848,0.44076913807663154
53.82,-2.48,High,0.6563689064054326,0.6563689064054326,0.031099973200009998,0.31253112039455727
53.82,-2.46,High,0.9219912897108878,0.9219912897108878,0.004325796105763717,0.07368291418334877
53.82,-2.44,High,0.8925236916041749,0.8925236916041749,0.0051073489322485035,0.10236895946357684
53.82,-2.42,High,0.9739986753000948,0.9739986753000948,0.0009022468212547029,0.025099077878650938
53.82,-2.4,High,0.9117441890693718,0.9117441890693718,0.0005231952256599292,0.08773261570496826
53.82,-2.38,High,0.4559717419550517,0.4559717419550517,0.12030326042700948,0.4237249976179392
53.82,-2.36,High,0.8627442589297223,0.8627442589297223,0.00688880662060204,0.130366934449675
53.82,-2.34,High,0.8354985741560206,0.8354985741560206,0.009091816995271817,0.1554096088487078
53.82,-2.32,High,0.5311618268855911,0.5311618268855911,0.05611228205827744,0.41272589105613167
53.82,-2.3000000000000003,High,0.9266507858751076,0.9266507858751076,0.003740975723405131,0.0696082384014873
53.82,-2.2800000000000002,High,0.7941518742046153,0.7941518742046153,0.012518779207742104,0.1933293465876423
53.82,-2.2600000000000002,High,0.7907608013093653,0.7907608013093653,0.00892624159336653,0.20031295709726765
53.82,-2.24,High,0.9620364132623267,0.9620364132623267,0.0007094504291825724,0.03725413630849116
53.82,-2.22,High,0.9668825105873328,0.9668825105873328,0.0007818606395020399,0.03233562877316538
53.82,-2.2,High,0.9665743174594715,0.9665743174594715,0.0004531603747610061,0.03297252216576782
53.82,-2.18,High,0.8525814337757555,0.8525814337757555,0.003419633358756367,0.1439989328654882
53.82,-2.16,High,0.7527418119355892,0.7527418119355892,0.01620234872301489,0.23105583934139634
53.82,-2.14,Medium,0.5321445755920771,0.25803682534304595,0.20981859906487757,0.5321445755920771
53.82,-2.12,Low,0.47731681500939444,0.13193667714566312,0.47731681500939444,0.39074650784494275
53.84,-3.06,High,0.968889345224182,0.968889345224182,0.00048075654090690633,0.03062989823491167
53.84,-3.04,High,0.9298680978889138,0.9298680978889138,0.000837998047248266,0.06929390406383838
53.84,-3.02,High,0.964872597774328,0.964872597774328,0.0007571957927984036,0.034370206432873994
53.84,-3.0,High,0.9666785975385427,0.9666785975385427,0.0007733366490613114,0.03254806581239634
53.84,-2.98,High,0.9615163118440724,0.9615163118440724,0.00047682781683228446,0.03800686033909589
53.84,-2.96,High,0.9683308212371071,0.9683308212371071,0.0009811807737549404,0.030687997989138384
53.84,-2.94,High,0.8840163098846168,0.8840163098846168,0.007268333987224149,0.10871535612815882
53.84,-2.92,High,0.6919600364576772,0.6919600364576772,0.030915169600006655,0.2771247939423162
53.84,-2.9,High,0.8423672778869603,0.8423672778869603,0.00757368578898299,0.1500590363240564
53.84,-2.88,High,0.9808519237599238,0.9808519237599238,0.000567758928203395,0.01858031731187373
53.84,-2.86,High,0.6344335004842718,0.6344335004842718,0.051929497026895186,0.3136370024888331
53.84,-2.84,High,0.8746082633364,0.8746082633364,0.01030794679193963,0.11508378987166054
53.84,-2.82,High,0.9725344707946845,0.9725344707946845,0.0008712669632797952,0.026594262242035697
53.84,-2.8000000000000003,Medium,0.4735348435549465,0.40334112269255995,0.12312403375249328,0.4735348435549465
53.84,-2.7800000000000002,High,0.6346154648096217,0.6346154648096217,0.043875945628403155,0.32150858956197537
53.84,-2.7600000000000002,High,0.9727335226988465,0.9727335226988465,0.0006406497389453032,0.02662582756220915
53.84,-2.74,High,0.9632287905752028,0.9632287905752028,0.0008601091730269765,0.03591110025177097
53.84,-2.72,High,0.7790125214682004,0.7790125214682004,0.015913198711138943,0.2050742798206603
53.84,-2.7,High,0.8057472260170512,0.8057472260170512,0.009398981169513031,0.18485379281343575
53.84,-2.68,High,0.8718847013303396,0.8718847013303396,0.016308315263244354,0.11180698340641637
53.84,-2.66,High,0.8867009408917762,0.8867009408917762,0.0035757423977994802,0.10972331671042433
53.84,-2.64,High,0.7650926199550148,0.7650926199550148,0.014910861855690818,0.21999651818929455
53.84,-2.62,High,0.8913235066181688,0.8913235066181688,0.006105636342697658,0.10257085703913381
53.84,-2.6,High,0.9693562265031903,0.9693562265031903,0.0007920550926682515,0.029851718404141518
53.84,-2.58,High,0.5805812040245176,0.5805812040245176,0.04890771074483097,0.3705110852306517
53.84,-2.56,High,0.7738526083402293,0.7738526083402293,0.01381780645520354,0.2123295852045675
53.84,-2.54,High,0.8989338123428641,0.8989338123428641,0.0038092046918788425,0.09725698296525738
53.84,-2.52,High,0.8259737447425474,0.8259737447425474,0.006671996035593322,0.16735425922185956
53.84,-2.5,Medium,0.5039849794230055,0.31918710853684845,0.17682791204014608,0.5039849794230055
53.84,-2.48,High,0.9452763185399868,0.9452763185399868,0.0024050658228685962,0.05231861563714443
53.84,-2.46,Medium,0.4834448889368567,0.42785609317568324,0.0886990178874599,0.4834448889368567
53.84,-2.44,High,0.5337381924012259,0.5337381924012259,0.0803620178579271,0.38589978974084693
53.84,-2.42,High,0.8854781488088963,0.8854781488088963,0.009235738336587774,0.10528611285451621
53.84,-2.4,High,0.8533280528894247,0.8533280528894247,0.004021858777203131,0.14265008833337223
53.84,-2.38,High,0.6089414073859497,0.6089414073859497,0.05342368768786398,0.3376349049261863
53.84,-2.36,Low,0.4829780777163827,0.13033873308211047,0.4829780777163827,0.38668318920150724
53.84,-2.34,High,0.9407054427909436,0.9407054427909436,0.00290977728770434,0.056384779921351574
53.84,-2.3000000000000003,Low,0.5667515026584564,0.05504662616901275,0.5667515026584564,0.37820187117253057
53.84,-2.2800000000000002,High,0.6997654859141187,0.6997654859141187,0.0291749326572686,0.2710595814286128
53.84,-2.2600000000000002,High,0.9579606223163991,0.9579606223163991,0.002212755017248161,0.0398266226663534
53.84,-2.24,High,0.9485728966189264,0.9485728966189264,0.0037374382289079027,0.047689665152166195
53.84,-2.22,High,0.8975489003851628,0.8975489003851628,0.0004496483791407578,0.10200145123569614
53.84,-2.2,High,0.9431607241798895,0.9431607241798895,0.0007970588087110799,0.05604221701139932
53.84,-2.18,High,0.966123094524503,0.966123094524503,0.0007718542429238398,0.03310505123257366
53.84,-2.16,High,0.8066950422234279,0.8066950422234279,0.01147821411343429,0.18182674366313756
53.84,-2.14,High,0.9728881724301768,0.9728881724301768,0.0009219363615487436,0.02618989120827518
53.84,-2.12,High,0.9238585438263627,0.9238585438263627,0.00237114740526339,0.07377030876837376
53.84,-2.1,Medium,0.5476693374026156,0.21232728127372522,0.2400033813236591,0.5476693374026156
53.84,-2.08,Low,0.7009108586403019,0.020334701829372488,0.7009108586403019,0.27875443953032575
53.86,-3.06,High,0.9112969639025874,0.9112969639025874,0.002578843698248358,0.0861241923991646
53.86,-3.04,High,0.9673192886829587,0.9673192886829587,0.0004387864024521188,0.03224192491458953
53.86,-3.02,High,0.9717920323273641,0.9717920323273641,0.0007984386012175156,0.027409529071418602
53.86,-3.0,High,0.9641703140220333,0.9641703140220333,0.0007331185280582458,0.035096567449908564
53.86,-2.98,High,0.9659582398162061,0.9659582398162061,0.0008249055640803384,0.03321685461971358
53.86,-2.96,High,0.9031574872290794,0.9031574872290794,0.006939045102950915,0.08990346766796935
53.86,-2.94,High,0.7474307727763935,0.7474307727763935,0.015916284014303145,0.2366529432093032
53.86,-2.92,High,0.9118202934734418,0.9118202934734418,0.004031358715988433,0.08414834781057019
53.86,-2.9,High,0.7851871507504735,0.7851871507504735,0.01428579174650087,0.2005270575030253
53.86,-2.88,High,0.9554242273256748,0.9554242273256748,0.0018620909358599308,0.04271368173846574
53.86,-2.86,High,0.978657039964232,0.978657039964232,0.0006623137727961039,0.020680646262972308
53.86,-2.84,High,0.8992119628602043,0.8992119628602043,0.002423191723605668,0.09836484541619037
53.86,-2.82,High,0.9732008291190405,0.9732008291190405,0.0010200663764666136,0.025779104504493378
53.86,-2.8000000000000003,Low,0.47588995336295076,0.19718563360003202,0.47588995336295076,0.3269244130370171
53.86,-2.7800000000000002,High,0.4778956365417042,0.4778956365417042,0.09754129069937376,0.42456307275892213
53.86,-2.7600000000000002,Medium,0.48881809070243476,0.07117822435948942,0.4400036849380759,0.48881809070243476
53.86,-2.74,High,0.9531780041889796,0.9531780041889796,0.0019558802199297625,0.04486611559109068
53.86,-2.72,High,0.9171555202158459,0.9171555202158459,0.005311547846525847,0.07753293193762861
53.86,-2.7,High,0.9101499788189769,0.9101499788189769,0.00392020852675188,0.08592981265427152
53.86,-2.68,High,0.9269472178590461,0.9269472178590461,0.004256193107487306,0.06879658903346755
53.86,-2.66,High,0.8569416102303035,0.8569416102303035,0.008009400900891275,0.13504898886880518
53.86,-2.64,High,0.5860268281272552,0.5860268281272552,0.04467327117439915,0.3692999006983462
53.86,-2.62,High,0.7803609165365887,0.7803609165365887,0.010283437404844694,0.2093556460585664
53.86,-2.6,Medium,0.5534881692548927,0.19788228525315923,0.24862954549194824,0.5534881692548927
53.86,-2.58,High,0.8865102754698586,0.8865102754698586,0.00491166671590685,0.10857805781423498
53.86,-2.56,High,0.4935067521533894,0.4935067521533894,0.07453212367314817,0.431961124173462
53.86,-2.54,Medium,0.4773338286236589,0.14747737203888128,0.3751887993374596,0.4773338286236589
53.86,-2.52,High,0.5739693254177225,0.5739693254177225,0.05465446117099111,0.3713762134112866
53.86,-2.5,Medium,0.5499966044768234,0.13001173755276663,0.3199916579704097,0.5499966044768234
53.86,-2.48,Medium,0.519309009069079,0.3606368233378592,0.12005416759306195,0.519309009069079
53.86,-2.46,High,0.8407561010981743,0.8407561010981743,0.00713684189212608,0.15210705700969926
53.86,-2.44,High,0.6747537363432308,0.6747537363432308,0.03146902290127886,0.29377724075549017
53.86,-2.42,High,0.6977586387837518,0.6977586387837518,0.03222444341890254,0.2700169177973456
53.86,-2.4,High,0.9742899801756971,0.9742899801756971,0.0006904802600979285,0.025019539564204996
53.86,-2.38,High,0.8676572425094998,0.8676572425094998,0.0020971425262957233,0.13024561496420414
53.86,-2.36,Medium,0.47633233156792926,0.3685959508640039,0.15507171756806676,0.47633233156792926
53.86,-2.3000000000000003,Low,0.6799849103123212,0.013218587156316974,0.6799849103123212,0.30679650253136226
53.86,-2.2800000000000002,High,0.7080312508321056,0.7080312508321056,0.024183257391281576,0.2677854917766135
53.86,-2.2600000000000002,High,0.708360820161985,0.708360820161985,0.022792619496014535,0.2688465603420005
53.86,-2.24,High,0.8491233926933461,0.8491233926933461,0.010610861660803073,0.14026574564585112
53.86,-2.22,High,0.9728329118263459,0.9728329118263459,0.000984202218077596,0.02618288595557691
53.86,-2.2,High,0.8766839633795892,0.8766839633795892,0.0045800670635745755,0.11873596955683595
53.86,-2.18,High,0.9624042860600663,0.9624042860600663,0.0007230504717379341,0.03687266346819609
53.86,-2.16,High,0.9407095558479622,0.9407095558479622,0.0004422750470720654,0.05884816910496576
53.86,-2.14,High,0.9741594877160346,0.9741594877160346,0.0007571720787043588,0.025083340205261578
53.86,-2.12,High,0.8578322469426363,0.8578322469426363,0.0060085627396159105,0.13615919031774745
53.86,-2.1,High,0.5978751612706447,0.5978751612706447,0.049124983620332775,0.3529998551090224
53.88,-3.04,High,0.9408543026857905,0.9408543026857905,0.0007591700177291694,0.05838652729648046
53.88,-3.02,High,0.9623551356003958,0.9623551356003958,0.0008139103571906063,0.03683095404241379
53.88,-3.0,High,0.9409172098651527,0.9409172098651527,0.0004468656869292487,0.05863592444791827
53.88,-2.98,High,0.8230639592813437,0.8230639592813437,0.007808842094590541,0.1691271986240659
53.88,-2.96,High,0.969827090616167,0.969827090616167,0.0006605674888726023,0.02951234189496059
53.88,-2.94,High,0.8946416104746199,0.8946416104746199,0.006471519826029792,0.09888686969935033
53.88,-2.92,High,0.9302614488976448,0.9302614488976448,0.001631141030130029,0.06810741007222497
53.88,-2.9,High,0.7779592474242374,0.7779592474242374,0.015000788706131939,0.20703996386963056
53.88,-2.88,High,0.840411866892829,0.840411866892829,0.011115533602444272,0.14847259950472666
53.88,-2.86,High,0.7630005280302208,0.7630005280302208,0.017264552186606927,0.21973491978317208
53.88,-2.82,High,0.8309474519700893,0.8309474519700893,0.006414593871085963,0.1626379541588241
53.88,-2.8000000000000003,High,0.8129775983054103,0.8129775983054103,0.008062264058600787,0.17896013763598909
53.88,-2.7800000000000002,High,0.9210353656102696,0.9210353656102696,0.003103918887489564,0.07586071550224066
53.88,-2.7600000000000002,High,0.9470243809058624,0.9470243809058624,0.002371687445694179,0.050603931648443325
53.88,-2.74,High,0.7892007518212258,0.7892007518212258,0.014880008989532621,0.19591923918924184
53.88,-2.72,High,0.4838668289049781,0.4838668289049781,0.08831877611010042,0.42781439498492146
53.88,-2.7,High,0.7962355053396546,0.7962355053396546,0.008871417687138502,0.1948930769732068
53.88,-2.68,High,0.8974168387700332,0.8974168387700332,0.00521095567569666,0.09737220555427002
53.88,-2.66,High,0.5133623885794568,0.5133623885794568,0.07527316096438792,0.41136445045615505
53.88,-2.64,Medium,0.4567546225335286,0.43097858588320415,0.11226679158326723,0.4567546225335286
53.88,-2.62,High,0.5334313277159412,0.5334313277159412,0.07039390592442615,0.3961747663596327
53.88,-2.6,High,0.7084821787512741,0.7084821787512741,0.02857949572387502,0.2629383255248511
53.88,-2.58,High,0.8815954521437284,0.8815954521437284,0.007112037731153714,0.11129251012511823
53.88,-2.56,Medium,0.4567383023997396,0.41458313305326105,0.12867856454699947,0.4567383023997396
53.88,-2.54,Medium,0.5236698573588717,0.18459950183208304,0.291730640809045,0.5236698573588717
53.88,-2.52,Medium,0.5448200854110198,0.2195731961952214,0.23560671839375893,0.5448200854110198
53.88,-2.5,Medium,0.4862140057875016,0.34886219308991484,0.1649238011225833,0.4862140057875016
53.88,-2.48,High,0.4591371852301584,0.4591371852301584,0.10001325975831753,0.44084955501152434
53.88,-2.46,Medium,0.47561814204765435,0.404635011968575,0.11974684598377028,0.47561814204765435
53.88,-2.44,Medium,0.6244007813355608,0.11797592016992238,0.25762329849451737,0.6244007813355608
53.88,-2.42,High,0.9121568073160955,0.9121568073160955,0.007924076297319078,0.07991911638658512
53.88,-2.4,High,0.962506853851179,0.962506853851179,0.0010231151695835711,0.036470030979238226
53.88,-2.38,High,0.914930538732093,0.914930538732093,0.00046121270234511383,0.08460824856556219
53.88,-2.36,High,0.9160713737743551,0.9160713737743551,0.0025070270098123365,0.0814215992158327
53.88,-2.34,Medium,0.5538403879752977,0.150892732682436,0.2952668793422663,0.5538403879752977
53.88,-2.3000000000000003,Low,0.6949196188782623,0.02235198622131438,0.6949196188782623,0.28272839490042384
53.88,-2.2800000000000002,Low,0.5470080126795718,0.05584670575311144,0.5470080126795718,0.39714528156731643
53.88,-2.2600000000000002,Low,0.6372236984189371,0.03217631652464014,0.6372236984189371,0.33059998505642274
53.88,-2.24,Medium,0.5571790498670728,0.22748931719989382,0.2153316329330336,0.5571790498670728
53.88,-2.22,High,0.7226634891175494,0.7226634891175494,0.02277591025026063,0.25456060063219044
53.88,-2.2,High,0.7659809545947692,0.7659809545947692,0.015740193321117608,0.2182788520841132
53.88,-2.18,High,0.8907706148792144,0.8907706148792144,0.008233160433344565,0.10099622468744109
53.88,-2.16,High,0.926845996152188,0.926845996152188,0.0023595860446759902,0.07079441780313614
53.88,-2.14,High,0.6504108605407855,0.6504108605407855,0.03800350596343756,0.31158563349577717
53.88,-2.12,High,0.660321191814763,0.660321191814763,0.03183114696226042,0.30784766122297663
53.88,-2.1,High,0.4588669969965856,0.4588669969965856,0.08667133985396597,0.4544616631494487
53.9,-3.04,High,0.9669594691086231,0.9669594691086231,0.000548521716757521,0.03249200917461987
53.9,-3.02,High,0.8859229673667521,0.8859229673667521,0.0028984204077300295,0.11117861222551773
53.9,-2.98,High,0.7961505947877859,0.7961505947877859,0.008037532071033854,0.19581187314117987
53.9,-2.96,High,0.9767197643573702,0.9767197643573702,0.0009543528464369971,0.02232588279619307
53.9,-2.94,High,0.9304769547034344,0.9304769547034344,0.0020224140571247088,0.06750063123944075
53.9,-2.92,High,0.46247444741681276,0.46247444741681276,0.07811953577483847,0.45940601680834886
53.9,-2.9,High,0.8367913651279841,0.8367913651279841,0.00731532874794177,0.15589330612407445
53.9,-2.88,High,0.59676843709852,0.59676843709852,0.06205521677122894,0.34117634613025133
53.9,-2.86,High,0.8826876683329846,0.8826876683329846,0.011833698743319703,0.10547863292369523
53.9,-2.84,High,0.5337601703881026,0.5337601703881026,0.06797531013082779,0.39826451948106956
53.9,-2.82,High,0.8972536892162608,0.8972536892162608,0.0049899285491989695,0.09775638223454004
53.9,-2.8000000000000003,High,0.8620452187789434,0.8620452187789434,0.013247591687726072,0.12470718953333082
53.9,-2.7800000000000002,High,0.9178340579023986,0.9178340579023986,0.0029116022651318207,0.0792543398324698
53.9,-2.7600000000000002,High,0.9136477602036058,0.9136477602036058,0.0036825161378216398,0.08266972365857198
53.9,-2.74,High,0.9245265412051731,0.9245265412051731,0.0030359532921552623,0.07243750550267139
53.9,-2.72,High,0.911020225776887,0.911020225776887,0.005087274609970084,0.0838924996131428
53.9,-2.7,High,0.4594636256700614,0.4594636256700614,0.12827711707147121,0.41225925725846735
53.9,-2.68,High,0.49548477503055904,0.49548477503055904,0.06761236828187185,0.43690285668756895
53.9,-2.66,Medium,0.47256428573061593,0.40584876435871636,0.12158694991066797,0.47256428573061593
53.9,-2.64,Medium,0.4993037447000653,0.1024775475259068,0.39821870777402807,0.4993037447000653
53.9,-2.62,Low,0.626833078401576,0.02495223537108897,0.626833078401576,0.34821468622733526
53.9,-2.6,Medium,0.4867938161686836,0.11711419235227755,0.3960919914790393,0.4867938161686836
53.9,-2.58,Medium,0.544421627588519,0.1479677656164727,0.307610606795008,0.544421627588519
53.9,-2.56,Medium,0.549558545500272,0.14417336160998712,0.30626809288974116,0.549558545500272
53.9,-2.54,Medium,0.4888109894224438,0.08376614120918208,0.42742286936837387,0.4888109894224438
53.9,-2.52,Low,0.5679642523940049,0.04348334038598448,0.5679642523940049,0.3885524072200106
53.9,-2.5,Medium,0.5608910344317303,0.25446000734018925,0.18464895822808047,0.5608910344317303
53.9,-2.48,High,0.7715466990499324,0.7715466990499324,0.01710217619773785,0.21135112475232934
53.9,-2.46,Medium,0.46910081645611884,0.10979481887386922,0.42110436467001217,0.46910081645611884
53.9,-2.44,High,0.6484516443979306,0.6484516443979306,0.040152094009332735,0.3113962615927369
53.9,-2.42,High,0.9213543304922376,0.9213543304922376,0.0033488518727129435,0.07529681763504892
53.9,-2.4,High,0.8517348046156711,0.8517348046156711,0.0069249236397903825,0.14134027174453823
53.9,-2.38,High,0.6263707071865414,0.6263707071865414,0.04339041816668728,0.3302388746467714
53.9,-2.36,High,0.889333134540481,0.889333134540481,0.01606791351419597,0.09459895194532358
53.9,-2.34,High,0.759818943067314,0.759818943067314,0.01519904211308981,0.2249820148195965
53.9,-2.32,Medium,0.5609971431798716,0.13725154820781504,0.3017513086123136,0.5609971431798716
53.9,-2.3000000000000003,High,0.5448660283310229,0.5448660283310229,0.06534327051831942,0.38979070115065767
53.9,-2.2800000000000002,High,0.6447992553756489,0.6447992553756489,0.04799944895768196,0.30720129566666915
53.9,-2.2600000000000002,Medium,0.4935019752802712,0.11944464210174319,0.38705338261798533,0.4935019752802712
53.9,-2.24,Medium,0.493101111050989,0.2417060418719033,0.26519284707710783,0.493101111050989
53.9,-2.22,Low,0.5763106961582971,0.029267524187569567,0.5763106961582971,0.394421779654133
53.92,-3.04,High,0.9646470526022053,0.9646470526022053,0.0008586789957689129,0.03449426840202608
53.92,-3.02,High,0.9449548312378812,0.9449548312378812,0.00038531769253900074,0.05465985106957981
53.92,-3.0,High,0.9715777337157279,0.9715777337157279,0.0006667109934682415,0.027755555290804423
53.92,-2.98,High,0.9567156249268521,0.9567156249268521,0.0008387946291018775,0.0424455804440468
53.92,-2.96,High,0.9129378310333358,0.9129378310333358,0.0004057609358772436,0.08665640803078706
53.92,-2.94,High,0.8868064090960251,0.8868064090960251,0.0022049267286080054,0.1109886641753667
53.92,-2.92,High,0.9701782564337518,0.9701782564337518,0.0020210294643307246,0.027800714101918023
53.92,-2.9,High,0.9737901809124107,0.9737901809124107,0.0015784868121886538,0.0246313322754012
53.92,-2.88,High,0.9442134847209244,0.9442134847209244,0.0026147852191391483,0.053171730059936556
53.92,-2.86,High,0.5557786865424063,0.5557786865424063,0.06593112208418743,0.37829019137340614
53.92,-2.84,High,0.45523826586584987,0.45523826586584987,0.09958646589060294,0.44517526824354725
53.92,-2.82,Medium,0.48572656935242214,0.37259663104152535,0.14167679960605262,0.48572656935242214
53.92,-2.8000000000000003,High,0.9126628860826532,0.9126628860826532,0.004063344987437043,0.08327376892990927
53.92,-2.7800000000000002,High,0.9265886789455797,0.9265886789455797,0.0025606911039923698,0.07085062995042757
53.92,-2.7600000000000002,High,0.7105923399267001,0.7105923399267001,0.02399001166115381,0.26541764841214616
53.92,-2.74,High,0.7303376042624001,0.7303376042624001,0.021634381906894897,0.2480280138307055
53.92,-2.72,Medium,0.4612291614461641,0.45029742130754463,0.0884734172462913,0.4612291614461641
53.92,-2.7,High,0.8969562681012799,0.8969562681012799,0.005458145681535971,0.09758558621718393
53.92,-2.68,Medium,0.49983132426757193,0.3884401004629374,0.11172857526949054,0.49983132426757193
53.92,-2.64,Low,0.565248699291314,0.04910819212744616,0.565248699291314,0.3856431085812398
53.92,-2.56,Low,0.7261010568799517,0.014822690770198517,0.7261010568799517,0.25907625234984943
53.92,-2.54,Medium,0.538095432141394,0.1645007093767563,0.29740385848184975,0.538095432141394
53.92,-2.52,Medium,0.5661150256105846,0.2058762868489184,0.22800868754049702,0.5661150256105846
53.92,-2.5,Low,0.5371974097033329,0.07285130351792794,0.5371974097033329,0.3899512867787392
53.92,-2.48,Low,0.5025457616424286,0.05571622974261148,0.5025457616424286,0.44173800861496
53.92,-2.44,Low,0.4695435987075474,0.070744152623361,0.4695435987075474,0.45971224866909166
53.92,-2.42,Medium,0.5093828811641112,0.3625137832737832,0.12810333556210576,0.5093828811641112
53.92,-2.4,Low,0.5822120235057026,0.03905660061585804,0.5822120235057026,0.3787313758784398
53.92,-2.38,High,0.45872055430201947,0.45872055430201947,0.0966104832148302,0.4446689624831505
53.92,-2.36,High,0.4811754100579748,0.4811754100579748,0.06230152240263073,0.45652306753939437
53.92,-2.34,High,0.9498160507561146,0.9498160507561146,0.0015997235770821303,0.04858422566680315
53.92,-2.32,Medium,0.4513478988290862,0.10585417171611508,0.4427979294547987,0.4513478988290862
53.92,-2.3000000000000003,Medium,0.537101138838344,0.1904946684550412,0.2724041927066147,0.537101138838344
53.92,-2.2800000000000002,High,0.4669499687867021,0.4669499687867021,0.09886074497330012,0.4341892862399979
53.92,-2.2600000000000002,High,0.7836950020119542,0.7836950020119542,0.02931264315269351,0.18699235483535237
53.92,-2.24,Low,0.5901404116923804,0.03456083948058887,0.5901404116923804,0.37529874882703057
53.94,-2.98,High,0.8531571493478823,0.8531571493478823,0.007541720011837679,0.13930113064028002
53.94,-2.96,High,0.9528781184504095,0.9528781184504095,0.0012112614618134336,0.04591062008777714
53.94,-2.94,Medium,0.5075382660691121,0.11467322395901719,0.3777885099718709,0.5075382660691121
53.94,-2.92,High,0.501888159700204,0.501888159700204,0.0842498405922315,0.4138619997075646
53.94,-2.9,High,0.5067438963774079,0.5067438963774079,0.07261468700471405,0.42064141661787835
53.94,-2.88,High,0.5349675416583279,0.5349675416583279,0.06743837041977159,0.3975940879219008
53.94,-2.86,High,0.731955551687697,0.731955551687697,0.0286097876737756,0.23943466063852728
53.94,-2.84,Medium,0.5012896378744393,0.11817438681475043,0.3805359753108102,0.5012896378744393
53.94,-2.82,High,0.6319290753189172,0.6319290753189172,0.044828276770920154,0.32324264791016283
53.94,-2.8000000000000003,High,0.8674760501188491,0.8674760501188491,0.011237507846541917,0.12128644203460891
53.94,-2.7800000000000002,High,0.8300678600537721,0.8300678600537721,0.01311514400643463,0.1568169959397936
53.94,-2.7600000000000002,High,0.9445437373351925,0.9445437373351925,0.002364976120839693,0.0530912865439681
53.94,-2.74,High,0.8552058861942884,0.8552058861942884,0.007837569223577302,0.13695654458213402
53.94,-2.72,Medium,0.4933488816351998,0.24689635684336733,0.2597547615214328,0.4933488816351998
53.94,-2.7,Medium,0.5581287851371023,0.11898090914605991,0.3228903057168376,0.5581287851371023
53.94,-2.6,Low,0.7523019750823872,0.0147423722720866,0.7523019750823872,0.23295565264552576
53.94,-2.54,Medium,0.5304455226588601,0.16487330401398437,0.30468117332715533,0.5304455226588601
53.94,-2.52,High,0.7647970085407083,0.7647970085407083,0.020316291061896828,0.21488670039739477
53.94,-2.5,Medium,0.4982061960220798,0.3646627761457432,0.13713102783217676,0.4982061960220798
53.94,-2.48,Low,0.4986694164224059,0.06448276200126528,0.4986694164224059,0.4368478215763288
53.94,-2.46,High,0.7435316979693719,0.7435316979693719,0.017211701632070472,0.23925660039855803
53.94,-2.44,Low,0.5977665756913888,0.036472378357383144,0.5977665756913888,0.36576104595122805
53.94,-2.38,Medium,0.4831110709319473,0.3560518043778066,0.16083712469024655,0.4831110709319473
53.94,-2.36,Medium,0.4946178791435853,0.16893764024839844,0.33644448060801596,0.4946178791435853
53.94,-2.34,High,0.9391901999458265,0.9391901999458265,0.001757566043387832,0.05905223401078532
53.94,-2.32,High,0.721839038429965,0.721839038429965,0.02259103724114983,0.25556992432888476
53.94,-2.2800000000000002,Medium,0.5071151515869323,0.27482769545268854,0.21805715296037959,0.5071151515869323
53.94,-2.2600000000000002,High,0.9092695731824137,0.9092695731824137,0.005509415553625816,0.08522101126396048
53.94,-2.24,Low,0.6968405713771892,0.01786623706922256,0.6968405713771892,0.2852931915535885
53.94,-2.22,Medium,0.5173825113094089,0.25471305709723047,0.22790443159336088,0.5173825113094089
53.96,-2.86,Medium,0.462641308228003,0.4369092611262957,0.10044943064570123,0.462641308228003
53.96,-2.84,Medium,0.5332609429290109,0.29308987727733266,0.1736491797936566,0.5332609429290109
53.96,-2.82,High,0.9321114594112325,0.9321114594112325,0.003797974806448045,0.06409056578231899
53.96,-2.8000000000000003,High,0.8718004077752814,0.8718004077752814,0.006639330792313611,0.12156026143240453
53.96,-2.7800000000000002,High,0.922299212956085,0.922299212956085,0.003360617388591983,0.07434016965532292
53.96,-2.7600000000000002,High,0.9042671524556327,0.9042671524556327,0.005078041301167201,0.09065480624320012
53.96,-2.74,High,0.705502923593504,0.705502923593504,0.024734690577383735,0.26976238582911255
53.96,-2.72,High,0.8768576031359998,0.8768576031359998,0.006299746790966459,0.11684265007303336
53.96,-2.7,Medium,0.5193098436133097,0.1835635862206646,0.2971265701660256,0.5193098436133097
53.96,-2.68,Medium,0.48033881873188145,0.09221014073936677,0.42745104052875205,0.48033881873188145
53.96,-2.56,Medium,0.5427540315767796,0.24064031115967255,0.2166056572635477,0.5427540315767796
53.96,-2.52,Medium,0.530429009863015,0.14265653320880647,0.3269144569281783,0.530429009863015
53.96,-2.5,Low,0.6373805771669595,0.028070626014474295,0.6373805771669595,0.3345487968185666
53.96,-2.48,Low,0.6754932338180794,0.022946360984153685,0.6754932338180794,0.30156040519776706
53.96,-2.46,Medium,0.49939031156717606,0.08784000766478689,0.4127696807680372,0.49939031156717606
53.96,-2.44,High,0.7798640780878786,0.7798640780878786,0.014829679725351043,0.20530624218677002
53.96,-2.42,Medium,0.5134544001465398,0.24029741775998764,0.2462481820934728,0.5134544001465398
53.96,-2.4,Medium,0.5004351547643381,0.21167415641125295,0.28789068882440866,0.5004351547643381
53.96,-2.38,Medium,0.524868498814337,0.14220645496339387,0.332925046222269,0.524868498814337
53.96,-2.36,Medium,0.5477774792710524,0.20639757446543971,0.2458249462635078,0.5477774792710524
53.96,-2.34,Medium,0.48855723411957086,0.37469508492863496,0.13674768095179451,0.48855723411957086
53.96,-2.32,High,0.4840854399221399,0.4840854399221399,0.08402853601211792,0.43188602406574234
53.96,-2.3000000000000003,Low,0.6852474076565176,0.01957021852495416,0.6852474076565176,0.29518237381852824
53.96,-2.2800000000000002,Medium,0.4163867362116543,0.38995001873057833,0.1936632450577673,0.4163867362116543
53.96,-2.2600000000000002,Medium,0.47273474187803144,0.401859099427061,0.12540615869490748,0.47273474187803144
53.96,-2.24,Medium,0.5187702322529641,0.32590620995452674,0.15532355779250914,0.5187702322529641
53.96,-2.22,Low,0.588379404348645,0.038408191280428376,0.588379404348645,0.37321240437092656
53.96,-2.2,Medium,0.5344335543943224,0.22886816029413828,0.2366982853115392,0.5344335543943224
53.980000000000004,-2.88,Medium,0.5049612317895061,0.30956138358646745,0.18547738462402624,0.5049612317895061
53.980000000000004,-2.86,Medium,0.5022722730436268,0.33724589354934,0.1604818334070329,0.5022722730436268
53.980000000000004,-2.84,High,0.8364432943972053,0.8364432943972053,0.008979543860544283,0.1545771617422506
53.980000000000004,-2.82,Medium,0.488433481843429,0.38442145160049995,0.12714506655607127,0.488433481843429
53.980000000000004,-2.8000000000000003,High,0.6328431732317432,0.6328431732317432,0.05591669758193839,0.3112401291863186
53.980000000000004,-2.7800000000000002,High,0.9212252044832594,0.9212252044832594,0.003456903500870489,0.07531789201586965
53.980000000000004,-2.7600000000000002,High,0.7460361473621246,0.7460361473621246,0.020599836261598215,0.23336401637627727
53.980000000000004,-2.74,High,0.9333693121132466,0.9333693121132466,0.002286964351559263,0.06434372353519405
53.980000000000004,-2.72,High,0.5344548011325477,0.5344548011325477,0.06095595086623514,0.40458924800121715
53.980000000000004,-2.7,High,0.5312564477200786,0.5312564477200786,0.06050197846933524,0.40824157381058634
53.980000000000004,-2.68,High,0.46339361447985816,0.46339361447985816,0.08745347871668294,0.4491529068034587
53.980000000000004,-2.66,High,0.7347634261530612,0.7347634261530612,0.020462135325185114,0.24477443852175365
53.980000000000004,-2.64,Medium,0.5464488465651568,0.1749612345868959,0.2785899188479476,0.5464488465651568
53.980000000000004,-2.62,Low,0.5981065970188911,0.09073179511028057,0.5981065970188911,0.3111616078708289
53.980000000000004,-2.48,Low,0.5936740428333613,0.03397003099472501,0.5936740428333613,0.3723559261719138
53.980000000000004,-2.46,Medium,0.501923611464275,0.289467673546836,0.20860871498888897,0.501923611464275
53.980000000000004,-2.44,Medium,0.5074849087325063,0.2653220085500603,0.22719308271743371,0.5074849087325063
53.980000000000004,-2.42,Low,0.5990426412163586,0.029762055606254282,0.5990426412163586,0.3711953031773874
53.980000000000004,-2.4,Medium,0.49745821945830626,0.1439358911676713,0.35860588937402205,0.49745821945830626
53.980000000000004,-2.38,Low,0.7080525075472645,0.020230427945756732,0.7080525075472645,0.27171706450697924
53.980000000000004,-2.36,Medium,0.5564739158175511,0.21293052282195035,0.2305955613604984,0.5564739158175511
53.980000000000004,-2.34,Medium,0.5376485583357641,0.2370481828604102,0.22530325880382557,0.5376485583357641
53.980000000000004,-2.32,Medium,0.5179059132034265,0.22945065812692028,0.25264342866965306,0.5179059132034265
53.980000000000004,-2.3000000000000003,Low,0.504297569251812,0.06028944153397661,0.504297569251812,0.4354129892142118
53.980000000000004,-2.24,High,0.7094957085788748,0.7094957085788748,0.02143323013348871,0.26907106128763625
53.980000000000004,-2.22,Medium,0.5181715436513478,0.1183392286041665,0.3634892277444857,0.5181715436513478
53.980000000000004,-2.18,Low,0.5653401209429971,0.048974351347533744,0.5653401209429971,0.3856855277094692
54.0,-2.9,Medium,0.4837812682926771,0.16010131624592105,0.35611741546140196,0.4837812682926771
54.0,-2.88,High,0.8344135019745109,0.8344135019745109,0.014316514385430447,0.15126998364005878
54.0,-2.86,Medium,0.5192711300653081,0.1463249099592965,0.3344039599753954,0.5192711300653081
54.0,-2.84,High,0.9233112325197744,0.9233112325197744,0.003260665830481568,0.0734281016497436
54.0,-2.82,High,0.6327420411818655,0.6327420411818655,0.03326400883677498,0.33399394998135973
54.0,-2.8000000000000003,High,0.9339930722716454,0.9339930722716454,0.0027177510515718193,0.06328917667678297
54.0,-2.7800000000000002,High,0.909100151322841,0.909100151322841,0.0039399061400643975,0.08695994253709421
54.0,-2.7600000000000002,High,0.6974790020740703,0.6974790020740703,0.027510385007472663,0.2750106129184569
54.0,-2.74,High,0.6325488261358881,0.6325488261358881,0.047995748552050965,0.3194554253120611
54.0,-2.72,Medium,0.47670192974498166,0.08755534822211301,0.4357427220329055,0.47670192974498166
54.0,-2.7,Medium,0.5372414755356875,0.22033121726798133,0.24242730719633127,0.5372414755356875
54.0,-2.68,Medium,0.5147259669815213,0.1845242189861744,0.3007498140323042,0.5147259669815213
54.0,-2.66,Medium,0.5340222687138514,0.26024692458440307,0.20573080670174573,0.5340222687138514
54.0,-2.64,High,0.5015937540658997,0.5015937540658997,0.07980468662078195,0.41860155931331916
54.0,-2.44,Low,0.5927035972018299,0.044615564009657674,0.5927035972018299,0.3626808387885127
54.0,-2.36,High,0.5607512276556644,0.5607512276556644,0.0598004322654889,0.3794483400788467
54.0,-2.34,High,0.6080727351119495,0.6080727351119495,0.0838441002574678,0.30808316463058294
54.0,-2.32,Low,0.5273192423805502,0.05112064392159563,0.5273192423805502,0.4215601136978544
54.0,-2.3000000000000003,High,0.7385731133835266,0.7385731133835266,0.022898137760135787,0.23852874885633707
54.0,-2.2800000000000002,Low,0.6021832710469809,0.07086001098673664,0.6021832710469809,0.32695671796628256
54.0,-2.2600000000000002,High,0.9115947360431035,0.9115947360431035,0.002771313831213984,0.08563395012568219
54.0,-2.24,Low,0.5096323002171597,0.07209377888316693,0.5096323002171597,0.4182739208996737
54.0,-2.22,High,0.9171487368257795,0.9171487368257795,0.004028846065646101,0.07882241710857461
54.0,-2.2,Medium,0.5642984072404641,0.1975753623405237,0.23812623041901257,0.5642984072404641
54.02,-2.9,High,0.8339396209998469,0.8339396209998469,0.0070531373152310775,0.15900724168492186
54.02,-2.88,High,0.9697041672538905,0.9697041672538905,0.0008170151073389193,0.029478817638770693
54.02,-2.86,High,0.9757904571419418,0.9757904571419418,0.0007468101533618921,0.02346273270469657
54.02,-2.82,High,0.9263519386894756,0.9263519386894756,0.0030269302458265906,0.07062113106469864
54.02,-2.8000000000000003,High,0.9691350932453787,0.9691350932453787,0.0008009832949433319,0.03006392345967796
54.02,-2.7800000000000002,High,0.9294255102191558,0.9294255102191558,0.002955142156762365,0.06761934762408145
54.02,-2.7600000000000002,High,0.5738773275207729,0.5738773275207729,0.05531066569175719,0.37081200678746984
54.02,-2.74,High,0.735028129957678,0.735028129957678,0.023061892793948217,0.24190997724837388
54.02,-2.72,Medium,0.5395754089153447,0.2826923672539009,0.17773222383075435,0.5395754089153447
54.02,-2.42,Low,0.8200266208191733,0.0055051986428333866,0.8200266208191733,0.1744681805379935
54.02,-2.36,Low,0.5050989947649406,0.04735767163032914,0.5050989947649406,0.44754333360473025
54.02,-2.34,Medium,0.5445592714247783,0.20979249768920252,0.24564823088601884,0.5445592714247783
54.02,-2.32,Medium,0.4857960229558875,0.07754843733021306,0.43665553971389975,0.4857960229558875
54.02,-2.3000000000000003,Medium,0.5167449165351924,0.15212324602913077,0.331131837435677,0.5167449165351924
54.02,-2.2800000000000002,Low,0.6959384597233048,0.012410538920441921,0.6959384597233048,0.291651001356253
54.02,-2.2600000000000002,High,0.92338197014667,0.92338197014667,0.0035774360007504303,0.07304059385257902
54.02,-2.24,Medium,0.5194542723516137,0.11489961044500246,0.36564611720338414,0.5194542723516137
54.02,-2.2,Medium,0.526777948899295,0.3088069651237258,0.1644150859769792,0.526777948899295
54.02,-2.18,Low,0.46692689972308943,0.07014773379634917,0.46692689972308943,0.46292536648056154
54.02,-2.16,Medium,0.45998684342957985,0.43799085107368546,0.102022305496735,0.45998684342957985
54.02,-2.14,Medium,0.5389420406651376,0.17204292810409427,0.28901503123076777,0.5389420406651376
54.04,-3.18,Low,0.8229578543112913,0.00569525584352096,0.8229578543112913,0.1713468898451874
54.04,-2.9,High,0.9586114418514776,0.9586114418514776,0.0007552536912095779,0.04063330445731324
54.04,-2.88,High,0.9416494068915889,0.9416494068915889,0.0003909806197095782,0.05795961248870163
54.04,-2.86,High,0.6735249522954934,0.6735249522954934,0.030526023011723094,0.29594902469278384
54.04,-2.84,Medium,0.49801128547751694,0.38399537717553955,0.11799333734694326,0.49801128547751694
54.04,-2.82,High,0.9627117041138951,0.9627117041138951,0.0006372199173580133,0.03665107596874719
54.04,-2.8000000000000003,High,0.9424023037745046,0.9424023037745046,0.00037161127831685,0.05722608494717895
54.04,-2.7800000000000002,High,0.9247892289699027,0.9247892289699027,0.0029942732861836874,0.07221649774391362
54.04,-2.7600000000000002,High,0.6830355317537762,0.6830355317537762,0.02897151539294661,0.28799295285327753
54.04,-2.74,High,0.6419611232759398,0.6419611232759398,0.0387595967551313,0.31927927996892863
54.04,-2.72,Low,0.4869046802728313,0.06787953470878291,0.4869046802728313,0.4452157850183861
54.04,-2.36,Low,0.7079052428858311,0.01888593781079411,0.7079052428858311,0.2732088193033752
54.04,-2.34,Medium,0.5097332607333602,0.19996765570047179,0.29029908356616785,0.5097332607333602
54.04,-2.32,Medium,0.496786276644131,0.1517316353733002,0.3514820879825685,0.496786276644131
54.04,-2.3000000000000003,High,0.691680007932785,0.691680007932785,0.04657062058520538,0.2617493714820098
54.04,-2.2800000000000002,Medium,0.5374801872137633,0.27253717662450816,0.1899826361617283,0.5374801872137633
54.04,-2.22,Low,0.7080760400900646,0.027358143094952263,0.7080760400900646,0.26456581681498337
54.04,-2.18,Low,0.7380057411074625,0.014286060611647017,0.7380057411074625,0.24770819828089016
54.04,-2.16,Medium,0.5311920158854676,0.25337570609629767,0.21543227801823447,0.5311920158854676
54.06,-3.22,Low,0.6641139636850201,0.019797177698234372,0.6641139636850201,0.3160888586167453
54.06,-3.18,Low,0.6528920037506981,0.02779249915422659,0.6528920037506981,0.31931549709507595
54.06,-2.9,High,0.7578850070583901,0.7578850070583901,0.012970073252004057,0.22914491968960604
54.06,-2.88,High,0.9375004799678197,0.9375004799678197,0.0003783487292852746,0.0621211713028952
54.06,-2.86,High,0.9690034915415972,0.9690034915415972,0.00045489516026582066,0.03054161329813749
54.06,-2.84,High,0.970329626567817,0.970329626567817,0.0008260789938106286,0.02884429443837282
54.06,-2.82,High,0.9643853106347546,0.9643853106347546,0.0008590718947592866,0.03475561747048649
54.06,-2.8000000000000003,High,0.966820273927989,0.966820273927989,0.00085184961624033,0.03232787645577071
54.06,-2.7800000000000002,High,0.7538299390737709,0.7538299390737709,0.007577174406711913,0.23859288651951702
54.06,-2.7600000000000002,Medium,0.5610390037993573,0.24696265179037,0.19199834441027286,0.5610390037993573
54.06,-2.74,High,0.637277560215455,0.637277560215455,0.04512142521127721,0.31760101457326817
54.06,-2.72,High,0.6591535718703504,0.6591535718703504,0.03716380165810362,0.3036826264715454
54.06,-2.7,Medium,0.46008598573962717,0.45609057665466435,0.08382343760570884,0.46008598573962717
54.06,-2.68,Low,0.621270480056941,0.0328062537470633,0.621270480056941,0.3459232661959964
54.06,-2.66,Low,0.4662828138443267,0.06820615903146296,0.4662828138443267,0.46551102712421005
54.06,-2.64,Medium,0.5353747183459222,0.1403053135837684,0.32431996807030905,0.5353747183459222
54.06,-2.62,Medium,0.5106442154843994,0.12409744202896636,0.36525834248663436,0.5106442154843994
54.06,-2.6,Medium,0.5133164938788725,0.3060156193893221,0.18066788673180514,0.5133164938788725
54.06,-2.54,Medium,0.5539742365405967,0.2754698250343166,0.1705559384250867,0.5539742365405967
54.06,-2.52,High,0.4454980856107772,0.4454980856107772,0.11995952882931256,0.43454238555991026
54.06,-2.42,Low,0.5637893285793225,0.04967022197913435,0.5637893285793225,0.3865404494415432
54.06,-2.38,Low,0.7007690650541015,0.022085320804996096,0.7007690650541015,0.277145614140902
54.06,-2.36,Low,0.5416177149843304,0.05621907316247431,0.5416177149843304,0.40216321185319537
54.06,-2.34,Low,0.4974641503892652,0.05924589015089228,0.4974641503892652,0.4432899594598425
54.06,-2.32,Low,0.5698694226723869,0.045956738103075746,0.5698694226723869,0.38417383922453735
54.06,-2.3000000000000003,High,0.7336028459969031,0.7336028459969031,0.026031021822011776,0.24036613218108444
54.06,-2.2800000000000002,High,0.9158794367998384,0.9158794367998384,0.002890688889134383,0.08122987431102725
54.06,-2.2600000000000002,Low,0.7033500546153006,0.012660975625886093,0.7033500546153006,0.28398896975881366
54.06,-2.16,High,0.8597616999352057,0.8597616999352057,0.008739802612662998,0.1314984974521307
54.08,-3.24,High,0.4772998385587245,0.4772998385587245,0.10358033709369446,0.4191198243475811
54.08,-3.18,High,0.9063324061860379,0.9063324061860379,0.005402420031122433,0.08826517378283955
54.08,-3.16,High,0.725231498507946,0.725231498507946,0.023127127382425304,0.2516413741096289
54.08,-2.88,High,0.8717396278536319,0.8717396278536319,0.009567472551491358,0.11869289959487689
54.08,-2.86,High,0.9508551783173711,0.9508551783173711,0.001053263268247979,0.04809155841438133
54.08,-2.84,High,0.9684417135681884,0.9684417135681884,0.0005986942778718839,0.03095959215393993
54.08,-2.82,High,0.9021194550652489,0.9021194550652489,0.0038926577945369344,0.09398788714021417
54.08,-2.8000000000000003,High,0.9500833971314288,0.9500833971314288,0.0020491992551393353,0.04786740361343225
54.08,-2.7800000000000002,High,0.6394581063110675,0.6394581063110675,0.053043810164083646,0.30749808352484903
54.08,-2.7600000000000002,High,0.9495842121425081,0.9495842121425081,0.0021263493326255213,0.04828943852486644
54.08,-2.74,High,0.9229487030857048,0.9229487030857048,0.002657734394876775,0.07439356251941835
54.08,-2.72,High,0.9627550234035024,0.9627550234035024,0.0013326923844986308,0.03591228421199888
54.08,-2.7,High,0.9086885566085844,0.9086885566085844,0.0037506481054436543,0.08756079528597206
54.08,-2.68,High,0.672567413967246,0.672567413967246,0.03033232522468989,0.29710026080806384
54.08,-2.66,High,0.5639886189084232,0.5639886189084232,0.07446037815021714,0.3615510029413597
54.08,-2.64,Medium,0.5691953984467929,0.16425390125266615,0.2665507003005411,0.5691953984467929
54.08,-2.6,Medium,0.5352554502354251,0.25957724084093603,0.20516730892363877,0.5352554502354251
54.08,-2.58,Medium,0.5467691093133564,0.1641386440699936,0.2890922466166497,0.5467691093133564
54.08,-2.56,Medium,0.5531111378597077,0.2530457253798542,0.19384313676043813,0.5531111378597077
54.08,-2.54,High,0.5665427259565616,0.5665427259565616,0.06381451516420465,0.3696427588792337
54.08,-2.52,High,0.8359927828541691,0.8359927828541691,0.010688868588068078,0.1533183485577629
54.08,-2.5,Medium,0.5293403034595415,0.19292341331555687,0.27773628322490146,0.5293403034595415
54.08,-2.48,Low,0.6237675353661261,0.028378820423873314,0.6237675353661261,0.3478536442100012
54.08,-2.44,Low,0.7207014994431664,0.019711003866451852,0.7207014994431664,0.2595874966903819
54.08,-2.42,Medium,0.5145745279643862,0.33077325528201085,0.15465221675360266,0.5145745279643862
54.08,-2.38,Low,0.5997900204335339,0.04621726341478192,0.5997900204335339,0.35399271615168426
54.08,-2.36,Medium,0.536662776646523,0.13653567142930467,0.3268015519241721,0.536662776646523
54.08,-2.34,Medium,0.48356283126629973,0.409587632980981,0.10684953575271912,0.48356283126629973
54.08,-2.32,Medium,0.517583660090194,0.27573093114141,0.20668540876839628,0.517583660090194
54.08,-2.3000000000000003,Medium,0.4827192629823625,0.34499307681156005,0.1722876602060775,0.4827192629823625
54.08,-2.2800000000000002,High,0.9211719636326045,0.9211719636326045,0.0033374420242359214,0.07549059434315919
54.1,-3.2600000000000002,High,0.971563021779134,0.971563021779134,0.0009016131793121347,0.027535365041554613
54.1,-3.24,High,0.9790530173486404,0.9790530173486404,0.0009189716366970973,0.020028011014662814
54.1,-3.22,High,0.9728692544024818,0.9728692544024818,0.0005000891126801248,0.02663065648483849
54.1,-3.2,High,0.778914658158827,0.778914658158827,0.01244856055195393,0.20863678128921911
54.1,-3.18,Medium,0.5671005835601532,0.2715223078027362,0.161377108637111,0.5671005835601532
54.1,-3.16,High,0.8065832331224101,0.8065832331224101,0.012721865360886373,0.18069490151670387
54.1,-3.14,High,0.9276118361982063,0.9276118361982063,0.0024530631916330767,0.06993510061016091
54.1,-3.12,Low,0.5653756521678273,0.042841902834868835,0.5653756521678273,0.39178244499730425
54.1,-2.82,Medium,0.5571257144417286,0.2530277477761855,0.18984653778208588,0.5571257144417286
54.1,-2.8000000000000003,High,0.9358337094657935,0.9358337094657935,0.002507902139768211,0.061658388394438116
54.1,-2.7800000000000002,High,0.6754496630193353,0.6754496630193353,0.035167912060986864,0.2893824249196776
54.1,-2.7600000000000002,High,0.7602561360662667,0.7602561360662667,0.01945586523444658,0.22028799869928675
54.1,-2.74,Medium,0.4980688530783302,0.14357405027557524,0.35835709664609444,0.4980688530783302
54.1,-2.72,High,0.6034077218173352,0.6034077218173352,0.0423819900413882,0.3542102881412768
54.1,-2.7,Low,0.4954567123195329,0.12810343181220238,0.4954567123195329,0.3764398558682644
54.1,-2.68,High,0.9347563707336144,0.9347563707336144,0.002226064527909497,0.06301756473847576
54.1,-2.66,High,0.5567344809321058,0.5567344809321058,0.062282128130272216,0.3809833909376223
54.1,-2.64,High,0.927582501960306,0.927582501960306,0.003751096682599668,0.06866640135709398
54.1,-2.62,High,0.700768611730934,0.700768611730934,0.02703440833457577,0.2721969799344905
54.1,-2.6,High,0.875532347480561,0.875532347480561,0.0074268327873216,0.11704081973211684
54.1,-2.58,High,0.5901456440070264,0.5901456440070264,0.045566285031420704,0.3642880709615527
54.1,-2.56,High,0.537767178446615,0.537767178446615,0.055358785948884215,0.4068740356045006
54.1,-2.54,Medium,0.5192717470372034,0.3058488224501744,0.17487943051262225,0.5192717470372034
54.1,-2.52,High,0.8086831743968129,0.8086831743968129,0.012644118811526049,0.17867270679166147
54.1,-2.5,Medium,0.49745251201138513,0.37819826274018953,0.12434922524842541,0.49745251201138513
54.1,-2.48,Medium,0.5233461681996743,0.12225488039844702,0.35439895140187866,0.5233461681996743
54.1,-2.46,Low,0.5592891429003458,0.05185658004685782,0.5592891429003458,0.38885427705279674
54.1,-2.44,Medium,0.5116317367759414,0.3290959725905588,0.15927229063349976,0.5116317367759414
54.1,-2.42,Medium,0.5171180389250957,0.2082926395297206,0.2745893215451839,0.5171180389250957
54.1,-2.4,Medium,0.4674251646910581,0.08892963687368866,0.44364519843525335,0.4674251646910581
54.1,-2.38,Low,0.7014718537099087,0.0187482622655778,0.7014718537099087,0.27977988402451376
54.1,-2.36,Medium,0.49622938465735267,0.27092880326751945,0.23284181207512814,0.49622938465735267
54.1,-2.34,Medium,0.5040836213003342,0.3475488272688634,0.1483675514308023,0.5040836213003342
54.1,-2.32,Medium,0.5160418918247993,0.26597410176424047,0.2179840064109602,0.5160418918247993
54.1,-2.2800000000000002,High,0.710852987988789,0.710852987988789,0.03670737324869337,0.2524396387625169
54.1,-2.2600000000000002,Low,0.8194361692684434,0.006531804355017301,0.8194361692684434,0.1740320263765398
54.1,-2.24,Low,0.7133980814835041,0.013794055595580217,0.7133980814835041,0.27280786292091563
54.1,-2.2,Low,0.7342520821114813,0.014513809632121082,0.7342520821114813,0.251234108256397
54.1,-2.18,Low,0.6516830464649042,0.02057272891418445,0.6516830464649042,0.32774422462091146
54.1,-2.16,Low,0.8088860903649545,0.007216238405641595,0.8088860903649545,0.1838976712294035
54.120000000000005,-3.2600000000000002,High,0.9728267835205506,0.9728267835205506,0.0009926709053355311,0.026180545574114387
54.120000000000005,-3.24,High,0.8707378013985179,0.8707378013985179,0.0021059435861935146,0.12715625501528824
54.120000000000005,-3.22,High,0.936561812361831,0.936561812361831,0.0004116298691121542,0.06302655776905693
54.120000000000005,-3.2,High,0.9619612167743317,0.9619612167743317,0.0007829475537660315,0.0372558356719025
54.120000000000005,-3.18,High,0.9807550052204167,0.9807550052204167,0.0005201431173012781,0.018724851662282434
54.120000000000005,-3.16,High,0.9288910904485064,0.9288910904485064,0.00404924450544202,0.06705966504605071
54.120000000000005,-3.14,High,0.869537190225035,0.869537190225035,0.006206515040064555,0.12425629473490055
54.120000000000005,-3.12,High,0.7005769017502824,0.7005769017502824,0.02108016897829755,0.27834292927142007
54.120000000000005,-3.1,Medium,0.47575532479771937,0.13280815248181896,0.3914365227204615,0.47575532479771937
54.120000000000005,-2.8000000000000003,Low,0.615883530220177,0.026804985809955988,0.615883530220177,0.3573114839698671
54.120000000000005,-2.7800000000000002,High,0.9191519244359561,0.9191519244359561,0.0033028195858813146,0.07754525597816289
54.120000000000005,-2.7600000000000002,High,0.93425411033279,0.93425411033279,0.0026950695183741904,0.0630508201488355
54.120000000000005,-2.74,High,0.8523056848931826,0.8523056848931826,0.008499665327796162,0.13919464977902074
54.120000000000005,-2.72,Medium,0.5466688325292659,0.3565565140697609,0.09677465340097316,0.5466688325292659
54.120000000000005,-2.7,Medium,0.493103569796048,0.3034852969432663,0.20341113326068572,0.493103569796048
54.120000000000005,-2.68,Medium,0.5458035583684537,0.25992522663149986,0.1942712150000464,0.5458035583684537
54.120000000000005,-2.66,High,0.6643824817353056,0.6643824817353056,0.031367923681999095,0.30424959458269557
54.120000000000005,-2.64,High,0.7727888212919342,0.7727888212919342,0.013683312889527222,0.2135278658185382
54.120000000000005,-2.62,Medium,0.5218144120286238,0.2397486209641317,0.23843696700724448,0.5218144120286238
54.120000000000005,-2.6,High,0.5016661216921245,0.5016661216921245,0.07796660529880305,0.42036727300907245
54.120000000000005,-2.58,High,0.6934733853061611,0.6934733853061611,0.027397088436049297,0.2791295262577892
54.120000000000005,-2.56,Medium,0.4776631513272669,0.36627121271314217,0.1560656359595909,0.4776631513272669
54.120000000000005,-2.54,High,0.9622794093507077,0.9622794093507077,0.0013085122721367968,0.03641207837715631
54.120000000000005,-2.52,High,0.9449081893545161,0.9449081893545161,0.0024389153813073132,0.052652895264176484
54.120000000000005,-2.5,High,0.9121126339233855,0.9121126339233855,0.0004816241395282519,0.08740574193708606
54.120000000000005,-2.48,Medium,0.5334067425247938,0.2616195333051416,0.2049737241700646,0.5334067425247938
54.120000000000005,-2.44,Medium,0.5352912061123939,0.20641626871976596,0.25829252516784007,0.5352912061123939
54.120000000000005,-2.42,Medium,0.45452895363251544,0.4477234157730588,0.09774763059442543,0.45452895363251544
54.120000000000005,-2.4,High,0.7320398201426166,0.7320398201426166,0.025307641713328225,0.24265253814405507
54.120000000000005,-2.36,Medium,0.517695839633983,0.33573290495738506,0.14657125540863197,0.517695839633983
54.120000000000005,-2.34,Medium,0.4829792252129934,0.3981430960025708,0.11887767878443571,0.4829792252129934
54.120000000000005,-2.32,Medium,0.5339007609721436,0.1312968458870488,0.3348023931408074,0.5339007609721436
54.120000000000005,-2.3000000000000003,High,0.9238176619545839,0.9238176619545839,0.002348607982451992,0.07383373006296387
54.120000000000005,-2.2800000000000002,Medium,0.5216444509697432,0.20326144327369658,0.2750941057565603,0.5216444509697432
54.120000000000005,-2.2600000000000002,Low,0.79372342206111,0.007413078008474499,0.79372342206111,0.19886349993041605
54.120000000000005,-2.24,Low,0.6752340940359618,0.026816794205166885,0.6752340940359618,0.2979491117588713
54.14,-3.24,High,0.9710028380915174,0.9710028380915174,0.0007894495039758496,0.028207712404507094
54.14,-3.22,High,0.9805339462091197,0.9805339462091197,0.0004454373424698351,0.019020616448411094
54.14,-3.2,High,0.9319501054428457,0.9319501054428457,0.002387741804724555,0.06566215275242931
54.14,-3.18,High,0.946677810141721,0.946677810141721,0.0016750189015296802,0.05164717095674882
54.14,-3.16,High,0.7964416598952441,0.7964416598952441,0.014619497640597424,0.18893884246415915
54.14,-3.14,Medium,0.46768025539112057,0.4182850235516098,0.11403472105726963,0.46768025539112057
54.14,-3.12,High,0.8419212244777086,0.8419212244777086,0.008583375509421896,0.1494954000128695
54.14,-3.1,High,0.9286262566390278,0.9286262566390278,0.0025034306418199115,0.06887031271915216
54.14,-2.8000000000000003,Low,0.6941303983033693,0.019600470761727426,0.6941303983033693,0.28626913093490336
54.14,-2.7800000000000002,High,0.847730453103786,0.847730453103786,0.01574955470908929,0.13651999218712427
54.14,-2.7600000000000002,High,0.9292505373203457,0.9292505373203457,0.0028305062493554443,0.06791895643029902
54.14,-2.74,Medium,0.5337377476742552,0.18114071261006484,0.2851215397156802,0.5337377476742552
54.14,-2.72,Low,0.509693389968088,0.07593714900454711,0.509693389968088,0.4143694610273645
54.14,-2.7,High,0.638978913070859,0.638978913070859,0.06178694496409699,0.2992341419650441
54.14,-2.68,Medium,0.5030454050739036,0.366618047654512,0.13033654727158428,0.5030454050739036
54.14,-2.66,Medium,0.4922294925951949,0.08110455844077309,0.42666594896403237,0.4922294925951949
54.14,-2.64,High,0.5789218005399541,0.5789218005399541,0.05134367094080671,0.3697345285192393
54.14,-2.62,High,0.9193889839062785,0.9193889839062785,0.0026751063009153105,0.07793590979280633
54.14,-2.6,High,0.5734582206008827,0.5734582206008827,0.06389430023378241,0.36264747916533535
54.14,-2.58,High,0.7162904122057487,0.7162904122057487,0.030117921411048278,0.2535916663832032
54.14,-2.56,High,0.7202483763105271,0.7202483763105271,0.022658598118460348,0.25709302557101293
54.14,-2.54,High,0.9385152409347807,0.9385152409347807,0.003050531437861539,0.05843422762735813
54.14,-2.52,High,0.6119560990840389,0.6119560990840389,0.046123865768793175,0.3419200351471679
54.14,-2.5,High,0.5709063117880175,0.5709063117880175,0.062379931912111886,0.3667137562998708
54.14,-2.48,High,0.9251341759382334,0.9251341759382334,0.002557492700940482,0.07230833136082604
54.14,-2.46,High,0.7599790118464775,0.7599790118464775,0.010965519221490775,0.22905546893203138
54.14,-2.44,Medium,0.5116927890216025,0.27113390805505405,0.2171733029233431,0.5116927890216025
54.14,-2.42,Low,0.6890091762246917,0.018340510530036755,0.6890091762246917,0.2926503132452713
54.14,-2.38,Low,0.8143263257113482,0.005680274344357203,0.8143263257113482,0.17999339994429434
54.14,-2.32,Low,0.8086101426421134,0.011159751739720192,0.8086101426421134,0.1802301056181663
54.14,-2.3000000000000003,High,0.8351785014507028,0.8351785014507028,0.009540580674066972,0.1552809178752297
54.14,-2.2800000000000002,Low,0.6363014949615641,0.024239869052506257,0.6363014949615641,0.3394586359859298
54.14,-2.24,Low,0.5125216809699683,0.06756159483414112,0.5125216809699683,0.41991672419589066
54.160000000000004,-3.22,High,0.7595846792531584,0.7595846792531584,0.025146107924775767,0.21526921282206574
54.160000000000004,-3.2,High,0.8530199827704018,0.8530199827704018,0.006010375129319084,0.1409696421002795
54.160000000000004,-3.18,High,0.9226084540791376,0.9226084540791376,0.00043518107925262094,0.07695636484160985
54.160000000000004,-3.16,Medium,0.503582184553685,0.41726860207340144,0.0791492133729139,0.503582184553685
54.160000000000004,-3.14,High,0.48935196164642586,0.48935196164642586,0.07266420465845407,0.4379838336951202
54.160000000000004,-3.12,High,0.9571454822938894,0.9571454822938894,0.0006339985465283635,0.04222051915958294
54.160000000000004,-3.1,High,0.5170739331910164,0.5170739331910164,0.08894057862050372,0.39398548818848006
54.160000000000004,-3.08,High,0.9175117236455611,0.9175117236455611,0.003450945852981222,0.07903733050145749
54.160000000000004,-3.06,Medium,0.5886660020380611,0.08005068086367832,0.33128331709826075,0.5886660020380611
54.160000000000004,-2.98,High,0.9724298136790217,0.9724298136790217,0.0009425633676942581,0.02662762295328505
54.160000000000004,-2.96,High,0.5013440631278923,0.5013440631278923,0.08699786434249092,0.411658072529617
54.160000000000004,-2.94,Medium,0.45907025666661744,0.36762396699978855,0.17330577633359398,0.45907025666661744
54.160000000000004,-2.82,High,0.8022401739508822,0.8022401739508822,0.020437599740315126,0.17732222630880318
54.160000000000004,-2.8000000000000003,High,0.5602827430232294,0.5602827430232294,0.07928200247418518,0.3604352545025855
54.160000000000004,-2.7800000000000002,Low,0.5830350860502298,0.04893861070314465,0.5830350860502298,0.3680263032466256
54.160000000000004,-2.7600000000000002,High,0.7166396254162106,0.7166396254162106,0.025947637425928094,0.2574127371578616
54.160000000000004,-2.74,Medium,0.48081910125949856,0.35849422824670213,0.16068667049379926,0.48081910125949856
54.160000000000004,-2.72,High,0.8791182787492388,0.8791182787492388,0.004192460645616829,0.11668926060514517
54.160000000000004,-2.7,Medium,0.508731258755643,0.22085418955714495,0.2704145516872121,0.508731258755643
54.160000000000004,-2.68,Medium,0.5511471675591058,0.13211431432912568,0.3167385181117688,0.5511471675591058
54.160000000000004,-2.66,Low,0.6526284868271628,0.02425889600117911,0.6526284868271628,0.32311261717165835
54.160000000000004,-2.64,Medium,0.5628848571317374,0.1103542427170292,0.32676090015123366,0.5628848571317374
54.160000000000004,-2.62,Medium,0.5184787542932863,0.33263041945420385,0.14889082625250993,0.5184787542932863
54.160000000000004,-2.6,High,0.49977559740779526,0.49977559740779526,0.09298303202133497,0.40724137057086984
54.160000000000004,-2.58,Medium,0.5435518946055768,0.2589665196758138,0.19748158571860927,0.5435518946055768
54.160000000000004,-2.56,Medium,0.4617250474953313,0.14694786842386162,0.3913270840808074,0.4617250474953313
54.160000000000004,-2.54,High,0.5201505318295194,0.5201505318295194,0.06820777311382618,0.4116416950566543
54.160000000000004,-2.52,Medium,0.5257162315654944,0.22149339192490167,0.2527903765096039,0.5257162315654944
54.160000000000004,-2.5,High,0.7730178138153555,0.7730178138153555,0.02131368203930271,0.20566850414534132
54.160000000000004,-2.48,High,0.8005918442125295,0.8005918442125295,0.008427835980066469,0.19098031980740413
54.160000000000004,-2.46,High,0.9835505501817869,0.9835505501817869,0.0005025066679525302,0.01594694315026168
54.160000000000004,-2.44,Low,0.6012365814741769,0.029519659927655408,0.6012365814741769,0.369243758598168
54.160000000000004,-2.3000000000000003,Medium,0.4624707146692937,0.07513105816206993,0.46239822716863616,0.4624707146692937
54.18,-3.22,High,0.6694244573868828,0.6694244573868828,0.027203494888607457,0.30337204772450976
54.18,-3.2,High,0.9362933390875519,0.9362933390875519,0.0020922085910423456,0.061614452321405506
54.18,-3.18,High,0.44668607953662887,0.44668607953662887,0.2481650810738855,0.30514883938948584
54.18,-3.16,High,0.9438128575059183,0.9438128575059183,0.0018713302137403681,0.05431581228034114
54.18,-3.14,High,0.9492890626057046,0.9492890626057046,0.0024213263306989193,0.04828961106359718
54.18,-3.12,High,0.9582193255340471,0.9582193255340471,0.0012408761878669394,0.040539798278086486
54.18,-3.1,High,0.9706259357217445,0.9706259357217445,0.0006815973538036616,0.028692466924452167
54.18,-3.08,High,0.9006483038718232,0.9006483038718232,0.0018883825618171588,0.09746331356635998
54.18,-3.06,High,0.9065082579825298,0.9065082579825298,0.0051856990472853096,0.08830604297018513
54.18,-3.0,Medium,0.5133049881695062,0.06140160368016836,0.42529340815032485,0.5133049881695062
54.18,-2.98,High,0.9504433987399037,0.9504433987399037,0.002333066723269531,0.047223534536826234
54.18,-2.96,High,0.9345701019717098,0.9345701019717098,0.0016804935598506451,0.0637494044684397
54.18,-2.94,High,0.966137706779178,0.966137706779178,0.0008597420154452923,0.03300255120537725
54.18,-2.92,High,0.9751440666621672,0.9751440666621672,0.00068182209773771,0.024174111240095223
54.18,-2.84,Medium,0.45844460435181084,0.4215327405826079,0.12002265506558092,0.45844460435181084
54.18,-2.82,High,0.7317825888125757,0.7317825888125757,0.014335320165770937,0.25388209102165343
54.18,-2.8000000000000003,High,0.6630544045483435,0.6630544045483435,0.037719872332457036,0.2992257231191991
54.18,-2.7800000000000002,Medium,0.5327383836793943,0.24509324148253595,0.22216837483806987,0.5327383836793943
54.18,-2.7600000000000002,High,0.9087086183737151,0.9087086183737151,0.0035742119271441543,0.0877171696991408
54.18,-2.74,High,0.9332212376585367,0.9332212376585367,0.0007189839449413564,0.06605977839652252
54.18,-2.72,High,0.9747107414433163,0.9747107414433163,0.0013763294163559522,0.023912929140328085
54.18,-2.7,High,0.7893065152561128,0.7893065152561128,0.0166800552441149,0.19401342949977177
54.18,-2.66,Medium,0.4976523597639894,0.07384188383235196,0.42850575640365873,0.4976523597639894
54.18,-2.64,Low,0.5228435051659122,0.07001164322012574,0.5228435051659122,0.4071448516139622
54.18,-2.62,High,0.7101224980958221,0.7101224980958221,0.018323424556507234,0.2715540773476704
54.18,-2.6,High,0.7567512057782292,0.7567512057782292,0.010078277266051221,0.23317051695571972
54.18,-2.58,Medium,0.5310903846981117,0.2862227152161365,0.18268690008575192,0.5310903846981117
54.18,-2.56,High,0.829511967123569,0.829511967123569,0.008941130639887955,0.1615469022365421
54.18,-2.54,High,0.6718063207832937,0.6718063207832937,0.030231506038842212,0.2979621731778643
54.18,-2.52,Medium,0.5228201969940086,0.17597862334837633,0.30120117965761545,0.5228201969940086
54.18,-2.5,Low,0.6648383726839469,0.01915771650590197,0.6648383726839469,0.3160039108101518
54.18,-2.46,Low,0.6295178373042914,0.029874809407478997,0.6295178373042914,0.34060735328823
54.18,-2.44,Low,0.4559315772735881,0.10822866639499898,0.4559315772735881,0.4358397563314128
54.18,-2.42,Low,0.5886625090057235,0.04193916044819575,0.5886625090057235,0.3693983305460807
54.18,-2.4,Low,0.547240040660702,0.0399014255267861,0.547240040660702,0.4128585338125122
54.18,-2.32,Medium,0.47124839348050757,0.17921158362027761,0.34954002289921526,0.47124839348050757
54.2,-3.34,Medium,0.4913306373013024,0.2512118370377011,0.2574575256609963,0.4913306373013024
54.2,-3.3200000000000003,Medium,0.5283422711484477,0.3682362555734953,0.10342147327805712,0.5283422711484477
54.2,-3.3000000000000003,High,0.9282221176473309,0.9282221176473309,0.0031278923595629837,0.06864998999310609
54.2,-3.2800000000000002,High,0.9219559318701956,0.9219559318701956,0.0030846400540058983,0.07495942807579828
54.2,-3.2600000000000002,High,0.9246402472833277,0.9246402472833277,0.002685438412351058,0.0726743143043211
54.2,-3.24,Low,0.49435899082137685,0.06893355718976428,0.49435899082137685,0.43670745198885846
54.2,-3.2,High,0.9622476483006014,0.9622476483006014,0.0005864098472020099,0.037165941852196877
54.2,-3.18,Medium,0.4780796002793373,0.21865417387692396,0.30326622584373886,0.4780796002793373
54.2,-3.16,Medium,0.5104470236770627,0.12575847024267298,0.36379450608026453,0.5104470236770627
54.2,-3.14,Medium,0.47100068415623464,0.12114157062926881,0.40785774521449697,0.47100068415623464
54.2,-3.12,High,0.8300465180865673,0.8300465180865673,0.005184884182735027,0.1647685977306975
54.2,-3.1,High,0.965101148879811,0.965101148879811,0.0007873184149659448,0.03411153270522314
54.2,-3.08,High,0.9651281441043538,0.9651281441043538,0.0007727713274523658,0.034099084568194035
54.2,-3.06,High,0.9665543568516729,0.9665543568516729,0.0007274748211820834,0.03271816832714517
54.2,-3.02,Low,0.5436151391976837,0.03667296362618237,0.5436151391976837,0.41971189717613394
54.2,-3.0,Medium,0.5280674422141349,0.1965532916292693,0.2753792661565956,0.5280674422141349
54.2,-2.98,Medium,0.5287782474896686,0.377903597006128,0.09331815550420376,0.5287782474896686
54.2,-2.96,High,0.9402156996329241,0.9402156996329241,0.0009808664980571454,0.05880343386901942
54.2,-2.94,High,0.9606781821894935,0.9606781821894935,0.0006387555833967041,0.03868306222711027
54.2,-2.92,High,0.8826601110154633,0.8826601110154633,0.000897570968267973,0.11644231801626835
54.2,-2.9,High,0.9485159876496371,0.9485159876496371,0.0016718097915161816,0.049812202558847475
54.2,-2.88,Medium,0.4697008561214193,0.4421200853024791,0.08817905857610152,0.4697008561214193
54.2,-2.86,Medium,0.4913530739412455,0.12230785336394252,0.38633907269481177,0.4913530739412455
54.2,-2.84,High,0.9796214000681784,0.9796214000681784,0.0005388916132329856,0.019839708318589125
54.2,-2.82,High,0.9372186543728,0.9372186543728,0.0018468484671681999,0.06093449716003123
54.2,-2.8000000000000003,High,0.4931432867231591,0.4931432867231591,0.1125139518530543,0.39434276142378666
54.2,-2.7800000000000002,High,0.6802377859043236,0.6802377859043236,0.02951281023560583,0.29024940386007075
54.2,-2.7600000000000002,High,0.9067277897422785,0.9067277897422785,0.0038735539978854384,0.0893986562598362
54.2,-2.74,High,0.9453239166538309,0.9453239166538309,0.0014400500777873872,0.05323603326838189
54.2,-2.72,High,0.9212153289177616,0.9212153289177616,0.002193870377876518,0.07659080070436149
54.2,-2.68,Medium,0.5290463382015438,0.13238161085972167,0.3385720509387346,0.5290463382015438
54.2,-2.66,High,0.7940545359658009,0.7940545359658009,0.012553827555751143,0.19339163647844748
54.2,-2.64,Medium,0.5108388649037515,0.20526120581511662,0.2838999292811317,0.5108388649037515
54.2,-2.62,High,0.9192353787134254,0.9192353787134254,0.00047658951126010475,0.0802880317753146
54.2,-2.6,High,0.9734206166012882,0.9734206166012882,0.000489117423110386,0.02609026597560184
54.2,-2.58,High,0.8771652962647367,0.8771652962647367,0.004619016844247144,0.11821568689101561
54.2,-2.56,Medium,0.5695991842336602,0.12391676873356085,0.3064840470327788,0.5695991842336602
54.2,-2.4,Medium,0.48795509763341705,0.17877400323333845,0.3332708991332445,0.48795509763341705
54.2,-2.36,Low,0.5231750929688518,0.04728972956366337,0.5231750929688518,0.4295351774674851
54.2,-2.34,Low,0.6982815999182406,0.02436089243594261,0.6982815999182406,0.27735750764581735
54.2,-2.32,Low,0.7011296354625707,0.0263962765197082,0.7011296354625707,0.27247408801772127
54.22,-3.36,Medium,0.49647121092261565,0.05986066453420007,0.44366812454318455,0.49647121092261565
54.22,-3.34,High,0.9219493915364418,0.9219493915364418,0.003913297503555349,0.07413731096000284
54.22,-3.3200000000000003,High,0.9449497114113211,0.9449497114113211,0.0020136231714644455,0.05303666541721436
54.22,-3.3000000000000003,Medium,0.4762249257617876,0.3295902845247619,0.19418478971345032,0.4762249257617876
54.22,-3.2800000000000002,High,0.9128676337090847,0.9128676337090847,0.002976799006301142,0.08415556728461407
54.22,-3.2600000000000002,High,0.9115079706028404,0.9115079706028404,0.006112578126892671,0.08237945127026655
54.22,-3.2,Medium,0.4812736093047124,0.3176746506236787,0.20105174007160911,0.4812736093047124
54.22,-3.18,High,0.8663080818992485,0.8663080818992485,0.0061184922691851626,0.12757342583156653
54.22,-3.14,Low,0.5113011670808524,0.10771826685282454,0.5113011670808524,0.38098056606632325
54.22,-3.12,Medium,0.5538585402416407,0.20141654769606465,0.24472491206229488,0.5538585402416407
54.22,-3.1,High,0.6483229904065844,0.6483229904065844,0.06466151241053253,0.2870154971828831
54.22,-3.08,High,0.8365850680279098,0.8365850680279098,0.008858248194011644,0.15455668377807866
54.22,-3.06,High,0.6067891241450962,0.6067891241450962,0.04474780867810064,0.34846306717680314
54.22,-3.04,Low,0.4739129181760651,0.16680116956224977,0.4739129181760651,0.35928591226168527
54.22,-3.02,Low,0.555719921737913,0.061528122755303734,0.555719921737913,0.38275195550678326
54.22,-3.0,Medium,0.5251910978198816,0.20315027502700692,0.27165862715311184,0.5251910978198816
54.22,-2.98,Low,0.5128087589274294,0.13349082295650733,0.5128087589274294,0.3537004181160634
54.22,-2.96,High,0.841367945011852,0.841367945011852,0.005315390655219858,0.15331666433292823
54.22,-2.94,High,0.7518078861475455,0.7518078861475455,0.018534180424081604,0.2296579334283726
54.22,-2.92,High,0.5518195908621499,0.5518195908621499,0.06109121731573583,0.3870891918221143
54.22,-2.9,High,0.9635522798547244,0.9635522798547244,0.002680176624278379,0.03376754352099725
54.22,-2.88,Medium,0.4660362758709269,0.42731757759622047,0.10664614653285259,0.4660362758709269
54.22,-2.86,High,0.5760357670178392,0.5760357670178392,0.04996590560188898,0.37399832738027194
54.22,-2.84,Low,0.520104025069251,0.16568296124099835,0.520104025069251,0.31421301368975085
54.22,-2.8000000000000003,High,0.9519807028968904,0.9519807028968904,0.001323571975571984,0.04669572512753776
54.22,-2.7800000000000002,High,0.9207515326975401,0.9207515326975401,0.003603422491385031,0.07564504481107455
54.22,-2.7600000000000002,High,0.899794816708821,0.899794816708821,0.0021132708314429457,0.09809191245973573
54.22,-2.74,Medium,0.5039666001286155,0.3142014410385522,0.18183195883283254,0.5039666001286155
54.22,-2.72,Medium,0.5228036824989535,0.3322862267914143,0.1449100907096322,0.5228036824989535
54.22,-2.68,High,0.6786781571498781,0.6786781571498781,0.024402335238416027,0.2969195076117062
54.22,-2.66,High,0.46326070519495555,0.46326070519495555,0.09773986913332328,0.4389994256717216
54.22,-2.64,Medium,0.5482173143399245,0.19799956199415608,0.25378312366591954,0.5482173143399245
54.22,-2.62,Medium,0.506961242021481,0.3353808976885401,0.15765786028997936,0.506961242021481
54.22,-2.6,High,0.7271829788728222,0.7271829788728222,0.017387615469000764,0.2554294056581772
54.22,-2.58,High,0.7415098336084472,0.7415098336084472,0.01921855861656566,0.23927160777498763
54.22,-2.56,Medium,0.5688246409310428,0.26463068832633446,0.1665446707426227,0.5688246409310428
54.22,-2.44,Low,0.8181331269587571,0.005876163754198461,0.8181331269587571,0.17599070928704388
54.22,-2.38,Medium,0.5105256560229927,0.12627417128865692,0.36320017268835,0.5105256560229927
54.22,-2.34,Medium,0.51155443047847,0.2635234815058258,0.22492208801570457,0.51155443047847
54.22,-2.24,Low,0.7370025086364194,0.01940707397913038,0.7370025086364194,0.2435904173844504
54.24,-3.38,Low,0.675718540217456,0.02090812217793093,0.675718540217456,0.30337333760461344
54.24,-3.36,High,0.7854529398748568,0.7854529398748568,0.01650619461295655,0.1980408655121868
54.24,-3.34,High,0.6299606298580994,0.6299606298580994,0.040639482511921524,0.3293998876299794
54.24,-3.3200000000000003,Medium,0.5543007304004024,0.20617383654830154,0.23952543305129656,0.5543007304004024
54.24,-3.3000000000000003,Low,0.6566320425182645,0.020719464721580372,0.6566320425182645,0.32264849276015517
54.24,-3.2800000000000002,High,0.5666359046517208,0.5666359046517208,0.06073895165474658,0.37262514369353283
54.24,-3.2600000000000002,High,0.934602275784899,0.934602275784899,0.002223800832471913,0.06317392338262941
54.24,-3.24,Medium,0.4704225741322152,0.41322276328849084,0.11635466257929368,0.4704225741322152
54.24,-3.2,Low,0.4923897230991177,0.22576260221205008,0.4923897230991177,0.28184767468883204
54.24,-3.18,High,0.9416730464130577,0.9416730464130577,0.0017625473638032698,0.05656440622313855
54.24,-3.16,High,0.5292634642270441,0.5292634642270441,0.07059535468469774,0.4001411810882584
54.24,-3.14,High,0.8824997041731009,0.8824997041731009,0.0021558236412409283,0.11534447218565813
54.24,-3.12,Medium,0.4586538513944326,0.44100252919411775,0.10034361941144997,0.4586538513944326
54.24,-3.1,High,0.6003206029951252,0.6003206029951252,0.03758937817864274,0.3620900188262323
54.24,-3.08,High,0.6410673252171446,0.6410673252171446,0.04375130057103821,0.315181374211817
54.24,-3.06,High,0.9773281696244089,0.9773281696244089,0.0004649460264069711,0.022206884349184858
54.24,-3.04,Medium,0.5092900351154726,0.0857382590629274,0.4049717058215998,0.5092900351154726
54.24,-3.02,High,0.877562938482141,0.877562938482141,0.001714345515758422,0.12072271600210062
54.24,-3.0,High,0.930421416112262,0.930421416112262,0.001105727836230162,0.06847285605150817
54.24,-2.98,High,0.6824488486917454,0.6824488486917454,0.02890517029517227,0.28864598101308236
54.24,-2.96,Medium,0.4955264065352963,0.3663372119567421,0.13813638150796162,0.4955264065352963
54.24,-2.94,High,0.8877800975544917,0.8877800975544917,0.0067720337987833305,0.10544786864672537
54.24,-2.92,High,0.9572779278876347,0.9572779278876347,0.0014460571620599782,0.04127601495030572
54.24,-2.88,High,0.6026804244471943,0.6026804244471943,0.050883706873890266,0.34643586867891557
54.24,-2.86,High,0.8141016402293118,0.8141016402293118,0.014580670343171438,0.1713176894275171
54.24,-2.84,Low,0.49288800267972144,0.049664969297405846,0.49288800267972144,0.45744702802287257
54.24,-2.82,Low,0.5665906634024919,0.044838990165319205,0.5665906634024919,0.38857034643218874
54.24,-2.8000000000000003,Low,0.6280903105005825,0.023443921927519033,0.6280903105005825,0.34846576757189857
54.24,-2.7800000000000002,High,0.9136752935028787,0.9136752935028787,0.0042789147860012085,0.08204579171112025
54.24,-2.7600000000000002,High,0.7180115346201396,0.7180115346201396,0.026167351788210776,0.25582111359164944
54.24,-2.74,Medium,0.5366242775838126,0.29072205799778583,0.17265366441840171,0.5366242775838126
54.24,-2.72,High,0.8564760140545782,0.8564760140545782,0.005853278526833672,0.1376707074185881
54.24,-2.7,High,0.6014550298901828,0.6014550298901828,0.0495111492295945,0.34903382088022256
54.24,-2.68,Medium,0.5160498260549425,0.2149460424031534,0.26900413154190406,0.5160498260549425
54.24,-2.64,Medium,0.5485616558014681,0.11411039131934615,0.33732795287918593,0.5485616558014681
54.24,-2.62,Medium,0.5478426264295366,0.2561437143668138,0.19601365920364952,0.5478426264295366
54.24,-2.6,Medium,0.47809349222045683,0.3736373327299848,0.14826917504955847,0.47809349222045683
54.24,-2.58,High,0.7060185505967812,0.7060185505967812,0.03324122850518508,0.26074022089803384
54.24,-2.56,High,0.7062928168171579,0.7062928168171579,0.022751800445221564,0.27095538273762104
54.26,-3.4,Low,0.4921214234213432,0.07132581926566711,0.4921214234213432,0.43655275731299
54.26,-3.36,Medium,0.5271038596043351,0.31663169159414456,0.1562644488015204,0.5271038596043351
54.26,-3.3000000000000003,Medium,0.4975282241728717,0.3751929320687172,0.12727884375841123,0.4975282241728717
54.26,-3.2800000000000002,Medium,0.45604346730305084,0.11423945262321432,0.42971708007373477,0.45604346730305084
54.26,-3.2600000000000002,High,0.8686146973158714,0.8686146973158714,0.008916208265393239,0.12246909441873505
54.26,-3.24,High,0.6501240845972868,0.6501240845972868,0.044787965199062765,0.30508795020365076
54.26,-3.22,High,0.8229869460577203,0.8229869460577203,0.010887015253986155,0.16612603868829354
54.26,-3.2,High,0.825388645634073,0.825388645634073,0.007624149517831458,0.16698720484809543
54.26,-3.18,High,0.7610946184889371,0.7610946184889371,0.01451336382755952,0.22439201768350334
54.26,-3.16,High,0.7950601237286467,0.7950601237286467,0.010658295684091884,0.19428158058726122
54.26,-3.14,Medium,0.5322180330075327,0.19795358488566994,0.26982838210679727,0.5322180330075327
54.26,-3.12,High,0.7879252323088902,0.7879252323088902,0.013614772359841282,0.19845999533126835
54.26,-3.1,High,0.7882093779477856,0.7882093779477856,0.01106604723574167,0.2007245748164724
54.26,-3.08,High,0.9758751531906624,0.9758751531906624,0.0007718068592257638,0.023353039950112474
54.26,-3.06,High,0.9366828774281097,0.9366828774281097,0.004218085351709003,0.05909903722018202
54.26,-3.04,High,0.9166039548941325,0.9166039548941325,0.0031339198358923594,0.08026212526997574
54.26,-3.02,High,0.7454560466737158,0.7454560466737158,0.016722919546465414,0.23782103377981886
54.26,-3.0,High,0.8503909214251015,0.8503909214251015,0.0055556575334603535,0.14405342104143776
54.26,-2.98,High,0.9487325870410885,0.9487325870410885,0.0018035308658204841,0.04946388209309155
54.26,-2.96,High,0.9718806513132501,0.9718806513132501,0.0006012846521528265,0.02751806403459767
54.26,-2.94,Medium,0.49498831553524936,0.17605865904576645,0.3289530254189843,0.49498831553524936
54.26,-2.92,Medium,0.4994913696974475,0.23091358262563585,0.2695950476769166,0.4994913696974475
54.26,-2.9,Medium,0.496168879029468,0.3300251086137797,0.1738060123567521,0.496168879029468
54.26,-2.88,Medium,0.4963736930580356,0.3764754931553512,0.12715081378661341,0.4963736930580356
54.26,-2.86,Medium,0.504290383824351,0.35897616128533566,0.13673345489031358,0.504290383824351
54.26,-2.84,Medium,0.493388246269444,0.3756172305597684,0.13099452317078739,0.493388246269444
54.26,-2.82,Medium,0.4732057804700706,0.3333897368295379,0.19340448270039182,0.4732057804700706
54.26,-2.8000000000000003,High,0.6262766470280545,0.6262766470280545,0.052554797616863574,0.321168555355082
54.26,-2.7800000000000002,High,0.9055062784869513,0.9055062784869513,0.003894810620877182,0.09059891089217141
54.26,-2.7600000000000002,High,0.5473915967549364,0.5473915967549364,0.075513336027122,0.377095067217942
54.26,-2.74,High,0.8690009124587543,0.8690009124587543,0.00657594633335652,0.12442314120788954
54.26,-2.72,High,0.7427437854010858,0.7427437854010858,0.01763932317993935,0.2396168914189748
54.26,-2.7,High,0.9310931463716219,0.9310931463716219,0.0033802773335768494,0.06552657629480095
54.26,-2.68,Medium,0.5419077927657893,0.2519948852025933,0.20609732203161726,0.5419077927657893
54.26,-2.66,Medium,0.4478696075891967,0.42442552588219273,0.12770486652861016,0.4478696075891967
54.26,-2.64,Low,0.6698823497699294,0.023621012135658717,0.6698823497699294,0.30649663809441263
54.26,-2.6,Medium,0.5423792759509231,0.237656894899889,0.2199638291491884,0.5423792759509231
54.26,-2.58,Medium,0.5378417778131408,0.24113139350725032,0.22102682867960916,0.5378417778131408
54.26,-2.56,Medium,0.5219356376657349,0.09892532963331266,0.3791390327009524,0.5219356376657349
54.26,-2.44,Medium,0.5005918757362933,0.22026710330258964,0.2791410209611173,0.5005918757362933
54.26,-2.42,Medium,0.4628148652576576,0.1695302295560692,0.3676549051862735,0.4628148652576576
54.26,-2.4,Low,0.6135160048780444,0.04580409746755337,0.6135160048780444,0.34067989765440265
54.26,-2.36,Low,0.6425851130530046,0.02385926329925173,0.6425851130530046,0.33355562364774394
54.26,-2.34,Low,0.49393725958474327,0.06908991252091216,0.49393725958474327,0.43697282789434416
54.28,-3.42,Low,0.7502395517605115,0.016198238329022827,0.7502395517605115,0.23356220991046597
54.28,-3.4,Medium,0.5171576698194547,0.14691441323202092,0.3359279169485248,0.5171576698194547
54.28,-3.38,High,0.8420578038309552,0.8420578038309552,0.010248825684110653,0.14769337048493422
54.28,-3.36,Medium,0.5285043206679291,0.24553885944949466,0.2259568198825765,0.5285043206679291
54.28,-3.2800000000000002,Low,0.8200660978439458,0.006061055411375032,0.8200660978439458,0.1738728467446789
54.28,-3.2600000000000002,Low,0.6545341920014296,0.030054164912160234,0.6545341920014296,0.31541164308641045
54.28,-3.24,High,0.8597429133405086,0.8597429133405086,0.007411710418754619,0.1328453762407362
54.28,-3.22,High,0.9421308964407106,0.9421308964407106,0.00276816062909364,0.05510094293019571
54.28,-3.2,Medium,0.5208210311356041,0.23057006602676516,0.24860890283763093,0.5208210311356041
54.28,-3.16,Medium,0.5416144204762124,0.29564382149573076,0.16274175802805718,0.5416144204762124
54.28,-3.12,High,0.5426094314182262,0.5426094314182262,0.06223843868900745,0.39515212989276655
54.28,-3.1,High,0.8340846949189236,0.8340846949189236,0.008180883049630699,0.15773442203144591
54.28,-3.08,High,0.5634587221311886,0.5634587221311886,0.07335859149333804,0.3631826863754736
54.28,-3.06,Medium,0.4992172586529297,0.28134130115223754,0.2194414401948326,0.4992172586529297
54.28,-3.04,Medium,0.4675568746021365,0.44382184105603156,0.08862128434183161,0.4675568746021365
54.28,-3.02,Medium,0.5190668964181824,0.3194383807312121,0.1614947228506054,0.5190668964181824
54.28,-2.98,High,0.7961223392171941,0.7961223392171941,0.013424125244828517,0.19045353553797736
54.28,-2.96,High,0.9586109098790959,0.9586109098790959,0.001014238308127704,0.040374851812776634
54.28,-2.94,High,0.5225574375371572,0.5225574375371572,0.07069639107063869,0.40674617139220415
54.28,-2.9,Medium,0.4320298343088912,0.4292625909280456,0.13870757476306295,0.4320298343088912
54.28,-2.88,Low,0.6751640999020733,0.024813372924420575,0.6751640999020733,0.3000225271735066
54.28,-2.84,Medium,0.4603141005898319,0.4463789246254962,0.09330697478467215,0.4603141005898319
54.28,-2.82,Low,0.6940796646143899,0.019959321801729255,0.6940796646143899,0.2859610135838806
54.28,-2.8000000000000003,Medium,0.5098121681994082,0.2907894929449655,0.19939833885562655,0.5098121681994082
54.28,-2.7800000000000002,High,0.8030256066572625,0.8030256066572625,0.01269912746744352,0.18427526587529455
54.28,-2.7600000000000002,High,0.4975599685992791,0.4975599685992791,0.09426953811493059,0.4081704932857905
54.28,-2.74,High,0.88679840398767,0.88679840398767,0.0065089190630394,0.10669267694929047
54.28,-2.72,High,0.726438250312958,0.726438250312958,0.028708183746337948,0.24485356594070365
54.28,-2.68,Medium,0.5071679106273134,0.3806288710265607,0.11220321834612601,0.5071679106273134
54.28,-2.66,Medium,0.5031771781347358,0.35906058023708676,0.13776224162817766,0.5031771781347358
54.28,-2.6,Low,0.5737470995507007,0.038311654389520375,0.5737470995507007,0.38794124605977887
54.28,-2.58,Medium,0.5087569883602384,0.26194827649561875,0.22929473514414286,0.5087569883602384
54.28,-2.48,Medium,0.49252139729463756,0.3292038551302319,0.17827474757513048,0.49252139729463756
54.28,-2.46,High,0.85778153072546,0.85778153072546,0.00761299571163382,0.13460547356290609
54.28,-2.44,Medium,0.4557469715894623,0.446587434352796,0.09766559405774164,0.4557469715894623
54.28,-2.42,Medium,0.5276567321198156,0.18501739971742923,0.2873258681627551,0.5276567321198156
54.28,-2.4,Medium,0.4689157152870185,0.1201056320434365,0.41097865266954486,0.4689157152870185
54.28,-2.38,Medium,0.5136066628968449,0.28612418598013517,0.20026915112302,0.5136066628968449
54.28,-2.36,Medium,0.5361996499727498,0.188837692969827,0.2749626570574232,0.5361996499727498
54.300000000000004,-3.42,Medium,0.4949242145728794,0.2939859707155454,0.2110898147115752,0.4949242145728794
54.300000000000004,-3.4,High,0.8454609704431442,0.8454609704431442,0.009508630605535468,0.14503039895132003
54.300000000000004,-3.38,Medium,0.45442689739711534,0.41818143535789176,0.1273916672449928,0.45442689739711534
54.300000000000004,-3.36,Medium,0.5617988873546567,0.16451284158859195,0.27368827105675153,0.5617988873546567
54.300000000000004,-3.24,Medium,0.470867835098955,0.3629107424371732,0.16622142246387164,0.470867835098955
54.300000000000004,-3.22,High,0.5836540723246814,0.5836540723246814,0.054530201793421586,0.36181572588189687
54.300000000000004,-3.2,High,0.5658443851311334,0.5658443851311334,0.0553134720348948,0.37884214283397194
54.300000000000004,-3.18,Medium,0.4944468622760689,0.29987877949935365,0.20567435822457722,0.4944468622760689
54.300000000000004,-3.16,Medium,0.5024346822477659,0.3234948117799927,0.17407050597224172,0.5024346822477659
54.300000000000004,-3.14,Low,0.5458607293791183,0.056542600540766985,0.5458607293791183,0.39759667008011457
54.300000000000004,-3.12,Medium,0.5194800958318794,0.10658738892844637,0.3739325152396745,0.5194800958318794
54.300000000000004,-3.1,High,0.7469540325273534,0.7469540325273534,0.01773379631865898,0.23531217115398756
54.300000000000004,-3.08,Medium,0.4869683986182375,0.385140145155034,0.12789145622672884,0.4869683986182375
54.300000000000004,-3.04,Medium,0.5514172283099048,0.17717977271915256,0.27140299897094255,0.5514172283099048
54.300000000000004,-3.02,High,0.7327147524060187,0.7327147524060187,0.026445065057830033,0.24084018253615175
54.300000000000004,-3.0,High,0.5690916489475057,0.5690916489475057,0.04675123135299821,0.38415711969949595
54.300000000000004,-2.96,High,0.45336516253390163,0.45336516253390163,0.1027635854570119,0.4438712520090864
54.300000000000004,-2.94,High,0.7794912895347759,0.7794912895347759,0.015760136489793117,0.20474857397543084
54.300000000000004,-2.92,Medium,0.5717640359280027,0.09788339840905583,0.33035256566294124,0.5717640359280027
54.300000000000004,-2.9,High,0.6945294315340057,0.6945294315340057,0.026689073538507416,0.2787814949274868
54.300000000000004,-2.88,Medium,0.5310662395415326,0.17173381987127562,0.2971999405871918,0.5310662395415326
54.300000000000004,-2.86,High,0.5505328272666329,0.5505328272666329,0.06346839271368351,0.385998780019684
54.300000000000004,-2.84,High,0.6200718471416219,0.6200718471416219,0.05457236878747138,0.325355784070907
54.300000000000004,-2.8000000000000003,High,0.764871260057038,0.764871260057038,0.01994008689893504,0.21518865304402668
54.300000000000004,-2.7800000000000002,High,0.4620222423327042,0.4620222423327042,0.14896661041685927,0.3890111472504365
54.300000000000004,-2.7600000000000002,Medium,0.5116610188033995,0.3279896377808764,0.16034934341572415,0.5116610188033995
54.300000000000004,-2.74,High,0.9534634568323118,0.9534634568323118,0.0006741632685520852,0.045862379899137086
54.300000000000004,-2.72,High,0.9582533574234355,0.9582533574234355,0.002054989038557075,0.03969165353800768
54.300000000000004,-2.7,Medium,0.5555027771244926,0.18045596916959816,0.2640412537059092,0.5555027771244926
54.300000000000004,-2.68,High,0.6616013106740969,0.6616013106740969,0.037049077562729515,0.3013496117631736
54.300000000000004,-2.66,High,0.5706633636790616,0.5706633636790616,0.05127785999272562,0.3780587763282124
54.300000000000004,-2.64,Medium,0.5564912545431054,0.07831543966385959,0.36519330579303516,0.5564912545431054
54.300000000000004,-2.62,Low,0.7267668580939072,0.014607924148685218,0.7267668580939072,0.2586252177574076
54.300000000000004,-2.6,Medium,0.45872975552892603,0.10901348919312909,0.4322567552779452,0.45872975552892603
54.300000000000004,-2.58,Medium,0.5125805308895524,0.2385966182659268,0.24882285084452074,0.5125805308895524
54.300000000000004,-2.56,Medium,0.4869902621693092,0.3246520779559029,0.1883576598747878,0.4869902621693092
54.300000000000004,-2.52,Medium,0.45608868725450463,0.42546518365059394,0.11844612909490135,0.45608868725450463
54.300000000000004,-2.5,Medium,0.47707678766156514,0.34107164306465415,0.18185156927378046,0.47707678766156514
54.300000000000004,-2.48,Low,0.5246500636023169,0.03835041462348856,0.5246500636023169,0.43699952177419504
54.300000000000004,-2.44,Low,0.6628077862976618,0.017306126076099482,0.6628077862976618,0.3198860876262387
54.300000000000004,-2.42,Low,0.5073290648801582,0.05619706643754533,0.5073290648801582,0.43647386868229654
54.300000000000004,-2.4,Low,0.6866160758607549,0.021469088381815507,0.6866160758607549,0.2919148357574301
54.300000000000004,-2.38,High,0.44390429707972723,0.44390429707972723,0.13072551699765256,0.4253701859226201
54.300000000000004,-2.36,Low,0.5051798407388983,0.05852193118281934,0.5051798407388983,0.43629822807828256
54.32,-3.4,High,0.44992015758249293,0.44992015758249293,0.12775849141508158,0.42232135100242557
54.32,-3.38,High,0.6910669763130997,0.6910669763130997,0.028926587150308766,0.280006436536591
54.32,-3.36,Low,0.5908086528417799,0.021049100315826894,0.5908086528417799,0.388142246842393
54.32,-3.2600000000000002,Medium,0.48250340940977277,0.18203268377589932,0.33546390681432803,0.48250340940977277
54.32,-3.24,Medium,0.5307032235683685,0.18949566482989688,0.27980111160173454,0.5307032235683685
54.32,-3.2,Low,0.568539268961863,0.03865080292568775,0.568539268961863,0.39280992811244914
54.32,-3.18,Low,0.6965648647637814,0.02669124070959364,0.6965648647637814,0.27674389452662473
54.32,-3.16,Low,0.6729025916021455,0.023753541816592658,0.6729025916021455,0.3033438665812622
54.32,-3.14,High,0.475225940037075,0.475225940037075,0.0862758127219934,0.43849824724093134
54.32,-3.12,Low,0.5399579444963996,0.05706248997922353,0.5399579444963996,0.4029795655243772
54.32,-3.1,High,0.6654397658209038,0.6654397658209038,0.030143733210799786,0.3044165009682965
54.32,-3.02,High,0.8717135571074286,0.8717135571074286,0.0072344404469120915,0.12105200244565854
54.32,-3.0,Medium,0.5658059031172232,0.19489679727373807,0.23929729960903845,0.5658059031172232
54.32,-2.98,High,0.6102816347896457,0.6102816347896457,0.04064590957919538,0.3490724556311591
54.32,-2.96,Medium,0.5056377718356767,0.3348878575106919,0.15947437065363132,0.5056377718356767
54.32,-2.94,High,0.8703485900232072,0.8703485900232072,0.0075618285421558875,0.12208958143463713
54.32,-2.92,Low,0.5501071081546337,0.06946500609390142,0.5501071081546337,0.38042788575146497
54.32,-2.9,High,0.5138284381036394,0.5138284381036394,0.07474503361268547,0.41142652828367554
54.32,-2.88,High,0.8077079691929334,0.8077079691929334,0.01251034118086911,0.1797816896261975
54.32,-2.86,High,0.8643293074543628,0.8643293074543628,0.00867074785620857,0.12699994468942793
54.32,-2.84,Medium,0.57793346108156,0.22208637906698353,0.1999801598514566,0.57793346108156
54.32,-2.82,High,0.8306898735022686,0.8306898735022686,0.009272183945646793,0.16003794255208426
54.32,-2.8000000000000003,Medium,0.5003186956086708,0.36120960937627805,0.13847169501505113,0.5003186956086708
54.32,-2.7800000000000002,Medium,0.46407704050731063,0.09237448388033169,0.44354847561235744,0.46407704050731063
54.32,-2.7600000000000002,High,0.9594191656385493,0.9594191656385493,0.0006886932423974216,0.039892141119053884
54.32,-2.74,High,0.8930176772673147,0.8930176772673147,0.0006512141165481185,0.10633110861613698
54.32,-2.72,High,0.968265893208948,0.968265893208948,0.0005880295471505454,0.031146077243902278
54.32,-2.7,High,0.7686733968446822,0.7686733968446822,0.01404278891395671,0.2172838142413614
54.32,-2.68,Medium,0.5386133470393353,0.20617715273564577,0.2552095002250187,0.5386133470393353
54.32,-2.66,Medium,0.531994106510743,0.16956960479271255,0.29843628869654415,0.531994106510743
54.32,-2.64,Medium,0.4975248313254822,0.2726038667154647,0.2298713019590532,0.4975248313254822
54.32,-2.62,Low,0.6216103372745964,0.03321192425925232,0.6216103372745964,0.3451777384661517
54.32,-2.6,Low,0.7327937548272397,0.007411560550101035,0.7327937548272397,0.259794684622659
54.32,-2.58,Medium,0.538530239244887,0.18067124592812905,0.28079851482698404,0.538530239244887
54.32,-2.56,High,0.5720238398863271,0.5720238398863271,0.05858077532409084,0.36939538478958217
54.32,-2.54,High,0.9005114025577862,0.9005114025577862,0.002464139676148008,0.09702445776606566
54.32,-2.52,High,0.9593699784364685,0.9593699784364685,0.0008978306302821228,0.03973219093325022
54.32,-2.5,High,0.6684558392579909,0.6684558392579909,0.029775854419289923,0.3017683063227195
54.32,-2.48,Medium,0.5274123012016056,0.23245691922412118,0.24013077957427334,0.5274123012016056
54.32,-2.46,Low,0.5821723762059005,0.04050795412050686,0.5821723762059005,0.3773196696735925
54.32,-2.44,Low,0.5200195021634245,0.04275749548241537,0.5200195021634245,0.43722300235416
54.32,-2.42,Low,0.7779751926219803,0.009511308691422346,0.7779751926219803,0.21251349868659739
54.32,-2.36,Low,0.6740320973915895,0.035703688517555204,0.6740320973915895,0.2902642140908551
54.32,-2.34,Medium,0.51016195413575,0.18126973285703013,0.30856831300722,0.51016195413575
54.32,-2.32,Medium,0.5147820846117174,0.21506778289980005,0.2701501324884826,0.5147820846117174
54.34,-3.4,Medium,0.5587943923467162,0.25214831770037777,0.18905728995290583,0.5587943923467162
54.34,-3.38,High,0.5147561346984769,0.5147561346984769,0.07183800069698745,0.4134058646045357
54.34,-3.36,High,0.629503967490995,0.629503967490995,0.03801831455437771,0.33247771795462716
54.34,-3.24,Medium,0.5189677479604748,0.15468562148159326,0.32634663055793195,0.5189677479604748
54.34,-3.22,Medium,0.515958336341429,0.3198594898225026,0.16418217383606815,0.515958336341429
54.34,-3.14,Low,0.6816122286683288,0.01978898374918776,0.6816122286683288,0.2985987875824836
54.34,-3.12,Medium,0.4984095156683722,0.18087090458979493,0.3207195797418329,0.4984095156683722
54.34,-3.1,High,0.9221184505603074,0.9221184505603074,0.0015405410221678883,0.07634100841752434
54.34,-3.08,Low,0.48011674011969335,0.15571749444061941,0.48011674011969335,0.3641657654396877
54.34,-3.06,High,0.49898102884659856,0.49898102884659856,0.09634149504157846,0.404677476111823
54.34,-3.04,Medium,0.5227189043095709,0.14807171317072676,0.3292093825197023,0.5227189043095709
54.34,-3.02,High,0.5466830811089336,0.5466830811089336,0.06617461427125533,0.3871423046198113
54.34,-3.0,Medium,0.48773624283366807,0.3526928365649654,0.1595709206013669,0.48773624283366807
54.34,-2.98,High,0.6623961743207549,0.6623961743207549,0.05105508978857447,0.2865487358906704
54.34,-2.96,High,0.6822906565752577,0.6822906565752577,0.035373830616483845,0.28233551280825836
54.34,-2.94,High,0.7966123076193352,0.7966123076193352,0.009308150174186817,0.1940795422064774
54.34,-2.92,High,0.9193746101735133,0.9193746101735133,0.003160570482310507,0.0774648193441762
54.34,-2.9,High,0.8188690037550004,0.8188690037550004,0.012095546467622056,0.16903544977737767
54.34,-2.88,High,0.5700858384183578,0.5700858384183578,0.05077338363419101,0.3791407779474513
54.34,-2.86,Medium,0.47784200377587815,0.40121946013041515,0.12093853609370649,0.47784200377587815
54.34,-2.84,High,0.581442921462973,0.581442921462973,0.037618043113436424,0.3809390354235907
54.34,-2.82,High,0.689998107549162,0.689998107549162,0.03428321937574451,0.2757186730750943
54.34,-2.8000000000000003,Medium,0.4575441844174321,0.4460193605954912,0.09643645498707663,0.4575441844174321
54.34,-2.7800000000000002,High,0.5828753382988098,0.5828753382988098,0.04563548445719595,0.37148917724399483
54.34,-2.7600000000000002,High,0.9669140937226135,0.9669140937226135,0.0005451478201175641,0.0325407584572696
54.34,-2.74,High,0.9139145948557282,0.9139145948557282,0.00044793118949497987,0.08563747395477687
54.34,-2.72,High,0.8309455451817209,0.8309455451817209,0.008605663395240614,0.16044879142303853
54.34,-2.7,Low,0.6013002052490569,0.021532328896351403,0.6013002052490569,0.3771674658545917
54.34,-2.68,Medium,0.5336684111470702,0.11360415457166217,0.35272743428126785,0.5336684111470702
54.34,-2.66,Medium,0.5329872917633505,0.21807328667273207,0.2489394215639175,0.5329872917633505
54.34,-2.64,Low,0.48336588924493634,0.05762301692659047,0.48336588924493634,0.45901109382847294
54.34,-2.62,Medium,0.49200193184168184,0.07749273864461949,0.4305053295136986,0.49200193184168184
54.34,-2.58,Medium,0.543636636506392,0.07392390826928427,0.3824394552243238,0.543636636506392
54.34,-2.56,High,0.4614193257237706,0.4614193257237706,0.10220145509359545,0.43637921918263417
54.34,-2.5,Medium,0.5471196146607737,0.11306649425663517,0.33981389108259114,0.5471196146607737
54.34,-2.48,Medium,0.4955628850173198,0.36975599032111023,0.13468112466157003,0.4955628850173198
54.34,-2.32,High,0.47582075762734993,0.47582075762734993,0.08501348634939403,0.4391657560232567
54.34,-2.3000000000000003,Low,0.7322091620052776,0.014940852631923398,0.7322091620052776,0.2528499853627987
54.36,-3.42,High,0.5133248652443269,0.5133248652443269,0.07512198986807257,0.411553144887601
54.36,-3.4,High,0.7764679488886083,0.7764679488886083,0.007784506559821807,0.21574754455157014
54.36,-3.38,Medium,0.4611572643430853,0.45186134484058377,0.08698139081633106,0.4611572643430853
54.36,-3.36,Medium,0.524734499395482,0.24564139639595076,0.22962410420856721,0.524734499395482
54.36,-3.34,Medium,0.5219526112075913,0.2426604569531036,0.23538693183930537,0.5219526112075913
54.36,-3.2800000000000002,Low,0.6107115109371718,0.0417576939656116,0.6107115109371718,0.3475307950972168
54.36,-3.2,Medium,0.49293301681931057,0.15444705245340537,0.3526199307272841,0.49293301681931057
54.36,-3.18,Low,0.4614828515069,0.1000398360074945,0.4614828515069,0.43847731248560534
54.36,-3.08,High,0.909460746244585,0.909460746244585,0.002380548613245733,0.08815870514216882
54.36,-3.06,High,0.5397836093323325,0.5397836093323325,0.06644189677073314,0.39377449389693453
54.36,-3.04,Low,0.5827535148287817,0.04365630197419383,0.5827535148287817,0.37359018319702497
54.36,-3.02,Medium,0.4884968666653488,0.14547073978694627,0.3660323935477052,0.4884968666653488
54.36,-3.0,High,0.9631144645924696,0.9631144645924696,0.0006543430040977945,0.03623119240343258
54.36,-2.98,High,0.940172233769608,0.940172233769608,0.0015002664401660933,0.05832749979022593
54.36,-2.96,High,0.5904100962670134,0.5904100962670134,0.04478853789264712,0.3648013658403396
54.36,-2.94,Medium,0.5224866349493342,0.28767734840589093,0.18983601664477445,0.5224866349493342
54.36,-2.92,High,0.9634998739456637,0.9634998739456637,0.000713770199873805,0.0357863558544627
54.36,-2.9,High,0.9722093571859273,0.9722093571859273,0.0006572758008105025,0.027133367013263025
54.36,-2.88,Low,0.4730741695082344,0.18039536413259089,0.4730741695082344,0.346530466359175
54.36,-2.86,Medium,0.4970675088923666,0.07812236010339316,0.42481013100424014,0.4970675088923666
54.36,-2.84,Medium,0.48508329771457176,0.4059865842782219,0.10893011800720609,0.48508329771457176
54.36,-2.82,High,0.6033052869891544,0.6033052869891544,0.04956062541594171,0.34713408759490405
54.36,-2.8000000000000003,High,0.505791494081373,0.505791494081373,0.0814362549771148,0.41277225094151215
54.36,-2.7800000000000002,High,0.8732110535482758,0.8732110535482758,0.005797130382912498,0.12099181606881107
54.36,-2.7600000000000002,High,0.9604020140098651,0.9604020140098651,0.0009420995281717437,0.038655886461963745
54.36,-2.74,High,0.6180258355498934,0.6180258355498934,0.05646391832964977,0.3255102461204568
54.36,-2.72,High,0.7551279560668245,0.7551279560668245,0.011582433824270051,0.23328961010890548
54.36,-2.7,High,0.5482345312458116,0.5482345312458116,0.057892209175112994,0.39387325957907565
54.36,-2.68,High,0.5347241799066619,0.5347241799066619,0.06134802066150012,0.4039277994318382
54.36,-2.66,High,0.7703966769757874,0.7703966769757874,0.017076008115852952,0.21252731490836
54.36,-2.64,High,0.6726121229025993,0.6726121229025993,0.041728680749776766,0.28565919634762404
54.36,-2.62,High,0.7489498707930008,0.7489498707930008,0.023154970602665536,0.22789515860433363
54.36,-2.6,High,0.621473030726511,0.621473030726511,0.04044736653670736,0.33807960273678184
54.36,-2.58,Medium,0.5116711079059727,0.31707890460481675,0.17124998748921075,0.5116711079059727
54.36,-2.56,Medium,0.4658641614300346,0.3945259817490709,0.13960985682089494,0.4658641614300346
54.36,-2.48,Low,0.6818418084002693,0.03216661374005675,0.6818418084002693,0.2859915778596738
54.36,-2.46,Low,0.4997461812846024,0.06658301016928653,0.4997461812846024,0.43367080854611123
54.38,-3.46,High,0.6079296535038551,0.6079296535038551,0.05467090385171274,0.3373994426444319
54.38,-3.44,High,0.8937593024441617,0.8937593024441617,0.005882698560461578,0.1003579989953765
54.38,-3.42,High,0.8928864569188888,0.8928864569188888,0.00632529036814691,0.10078825271296461
54.38,-3.4,High,0.8997463143946796,0.8997463143946796,0.0021188532374419268,0.09813483236787819
54.38,-3.38,Medium,0.45839269900531043,0.4518634778041076,0.08974382319058197,0.45839269900531043
54.38,-3.36,Medium,0.5564101552548685,0.22828194999649312,0.21530789474863848,0.5564101552548685
54.38,-3.34,High,0.5498442271265919,0.5498442271265919,0.07972199359988164,0.3704337792735262
54.38,-3.3200000000000003,High,0.7524846841995297,0.7524846841995297,0.021473081443427234,0.22604223435704277
54.38,-3.18,Low,0.6424606078490009,0.025583357968162947,0.6424606078490009,0.33195603418283653
54.38,-3.1,Medium,0.531094361133491,0.1320513478992164,0.3368542909672925,0.531094361133491
54.38,-3.08,Medium,0.48027979469887133,0.4150362509760766,0.10468395432505208,0.48027979469887133
54.38,-3.06,High,0.6233546829756547,0.6233546829756547,0.049025493741004,0.32761982328334127
54.38,-3.04,Medium,0.4995039324324236,0.18197777707654011,0.3185182904910363,0.4995039324324236
54.38,-3.02,High,0.8965419274653194,0.8965419274653194,0.004491122735692889,0.09896694979898747
54.38,-3.0,High,0.9739752026461167,0.9739752026461167,0.0007520503380927405,0.02527274701579161
54.38,-2.98,Medium,0.5801482671956556,0.2022746460126675,0.21757708679167675,0.5801482671956556
54.38,-2.96,Medium,0.5126311445923316,0.22479117108120736,0.262577684326461,0.5126311445923316
54.38,-2.94,Low,0.6644806441374033,0.04955098808072413,0.6644806441374033,0.2859683677818725
54.38,-2.92,High,0.9719321230134801,0.9719321230134801,0.0007887408467729068,0.027279136139747043
54.38,-2.9,High,0.8352367588816676,0.8352367588816676,0.0051976220424404225,0.15956561907589187
54.38,-2.88,High,0.5151903743476758,0.5151903743476758,0.08596337426954088,0.3988462513827839
54.38,-2.86,High,0.7791375832728785,0.7791375832728785,0.013257350264610484,0.20760506646251098
54.38,-2.84,Medium,0.5209175387958173,0.2542597881104346,0.224822673093748,0.5209175387958173
54.38,-2.82,High,0.9513001527695039,0.9513001527695039,0.0018664226412692514,0.04683342458922681
54.38,-2.8000000000000003,High,0.5199302756780269,0.5199302756780269,0.07275276183617738,0.4073169624857956
54.38,-2.7800000000000002,Medium,0.48730183274692357,0.3447829334321641,0.1679152338209125,0.48730183274692357
54.38,-2.7600000000000002,Low,0.6356689712407003,0.024758461308857088,0.6356689712407003,0.3395725674504429
54.38,-2.74,Medium,0.489316096547037,0.37613056841568393,0.13455333503727906,0.489316096547037
54.38,-2.72,High,0.7020402455414434,0.7020402455414434,0.026474016788028257,0.2714857376705285
54.38,-2.7,High,0.47421929202300184,0.47421929202300184,0.07981575377822941,0.44596495419876836
54.38,-2.68,Medium,0.4916262344839769,0.38623577400069187,0.12213799151533117,0.4916262344839769
54.38,-2.66,Medium,0.475457136405374,0.14630223595132005,0.3782406276433058,0.475457136405374
54.38,-2.64,Low,0.47373846732765534,0.05511300605987973,0.47373846732765534,0.4711485266124651
54.38,-2.62,Low,0.528200254497797,0.031785252545942166,0.528200254497797,0.44001449295626094
54.38,-2.58,Low,0.5423396089581043,0.062116489166148876,0.5423396089581043,0.3955439018757469
54.38,-2.56,Low,0.636867215168835,0.017963095182682277,0.636867215168835,0.34516968964848255
54.38,-2.54,Low,0.6541012856655689,0.02737536218729938,0.6541012856655689,0.3185233521471314
54.38,-2.46,Low,0.6103800201319607,0.03895984757084954,0.6103800201319607,0.3506601322971898
54.38,-2.44,Low,0.6391423428795832,0.042765461911501615,0.6391423428795832,0.3180921952089152
54.38,-2.42,Low,0.5812125739740971,0.04210151671759565,0.5812125739740971,0.3766859093083075
54.38,-2.34,Low,0.5499994916137618,0.05679722733375239,0.5499994916137618,0.3932032810524855
54.4,-3.48,High,0.8908299281341983,0.8908299281341983,0.002613532716571279,0.10655653914923026
54.4,-3.46,Medium,0.536272126029164,0.2925341277911577,0.17119374617967867,0.536272126029164
54.4,-3.44,Medium,0.4675901237021135,0.425025323901082,0.10738455239680449,0.4675901237021135
54.4,-3.42,Medium,0.4837562610210492,0.35077516595240743,0.1654685730265434,0.4837562610210492
54.4,-3.4,High,0.5114077077712945,0.5114077077712945,0.1008060761115841,0.3877862161171215
54.4,-3.38,High,0.7432571449847175,0.7432571449847175,0.02094891745501405,0.23579393756026754
54.4,-3.36,Medium,0.48162612177312025,0.055731096949740176,0.4626427812771392,0.48162612177312025
54.4,-3.34,Medium,0.5388673317887922,0.1577741138459311,0.3033585543652766,0.5388673317887922
54.4,-3.3200000000000003,High,0.4983191356835209,0.4983191356835209,0.07767038815720476,0.4240104761592744
54.4,-3.3000000000000003,Low,0.6656113174417235,0.022931457680974123,0.6656113174417235,0.3114572248773022
54.4,-3.2800000000000002,High,0.595206990694768,0.595206990694768,0.05687310776982471,0.3479199015354081
54.4,-3.24,Low,0.8184323340993079,0.006611994646186682,0.8184323340993079,0.17495567125450578
54.4,-3.16,Low,0.8046047679409348,0.008252180042654616,0.8046047679409348,0.1871430520164112
54.4,-3.06,Medium,0.5365731596114489,0.2213506269335247,0.24207621345502645,0.5365731596114489
54.4,-3.04,Low,0.5610348811400584,0.03486523439939677,0.5610348811400584,0.40409988446054457
54.4,-3.02,Medium,0.45128922721974435,0.10733192899817601,0.4413788437820795,0.45128922721974435
54.4,-3.0,High,0.783067731459538,0.783067731459538,0.01752041882888899,0.19941184971157294
54.4,-2.98,High,0.5453519474317831,0.5453519474317831,0.05659693122100563,0.3980511213472113
54.4,-2.96,High,0.7099387344507833,0.7099387344507833,0.0216206626997031,0.26844060284951426
54.4,-2.94,High,0.8903852994441899,0.8903852994441899,0.003319317404018226,0.10629538315179167
54.4,-2.92,High,0.9682600603898729,0.9682600603898729,0.001125744218462366,0.030614195391665433
54.4,-2.9,High,0.6078284710168564,0.6078284710168564,0.0419691355655837,0.35020239341755965
54.4,-2.88,Medium,0.4660514227750294,0.36648966061089977,0.16745891661407078,0.4660514227750294
54.4,-2.84,Medium,0.5387701483859102,0.20806634713596517,0.2531635044781246,0.5387701483859102
54.4,-2.82,Medium,0.4719236915836516,0.3951641917955562,0.13291211662079208,0.4719236915836516
54.4,-2.8000000000000003,Medium,0.49307251428784515,0.05153647607860262,0.4553910096335524,0.49307251428784515
54.4,-2.7600000000000002,Low,0.7778549352969197,0.00909233416801194,0.7778549352969197,0.21305273053506824
54.4,-2.72,High,0.529568086044954,0.529568086044954,0.06925290885369696,0.4011790051013497
54.4,-2.7,Low,0.5084432824523706,0.04211783235911883,0.5084432824523706,0.4494388851885108
54.4,-2.68,Low,0.5327016818167895,0.05447491006124658,0.5327016818167895,0.41282340812196394
54.4,-2.64,Low,0.8131742508704114,0.00667547895911531,0.8131742508704114,0.1801502701704733
54.4,-2.6,Low,0.5466466414565477,0.05680587006451969,0.5466466414565477,0.3965474884789328
54.4,-2.58,Medium,0.48399940721453966,0.13484946767598743,0.38115112510947285,0.48399940721453966
54.4,-2.42,Low,0.6035099811002671,0.05454227760440058,0.6035099811002671,0.34194774129533245
54.4,-2.4,Low,0.5118889275952551,0.05938206243096212,0.5118889275952551,0.4287290099737827
54.4,-2.34,Medium,0.5079777129801338,0.18673651272213224,0.3052857742977339,0.5079777129801338
54.42,-3.52,Medium,0.4548375545570261,0.4162752686505889,0.1288871767923851,0.4548375545570261
54.42,-3.5,Medium,0.4805929579818206,0.1587190799504855,0.36068796206769366,0.4805929579818206
54.42,-3.48,Medium,0.5961225130015823,0.14079364385514634,0.2630838431432716,0.5961225130015823
54.42,-3.46,High,0.6191146141436163,0.6191146141436163,0.030053729312389952,0.350831656543994
54.42,-3.44,High,0.942779946197032,0.942779946197032,0.0018068016552819025,0.055413252147685936
54.42,-3.42,High,0.9595805497966785,0.9595805497966785,0.001311034703750289,0.039108415499571024
54.42,-3.4,Low,0.4996987548657671,0.06416442881863074,0.4996987548657671,0.436136816315602
54.42,-3.38,Medium,0.5751764486107865,0.18617360208552136,0.23864994930369238,0.5751764486107865
54.42,-3.36,Medium,0.5409280301804705,0.2755142255198946,0.18355774429963465,0.5409280301804705
54.42,-3.34,Low,0.7277757611806372,0.006486068452427183,0.7277757611806372,0.26573817036693503
54.42,-3.3200000000000003,Low,0.46890218450725457,0.0667431364604639,0.46890218450725457,0.4643546790322815
54.42,-3.08,Low,0.4740646675360651,0.07269514460021961,0.4740646675360651,0.4532401878637152
54.42,-3.06,High,0.5426650910360105,0.5426650910360105,0.06476217919093545,0.39257272977305363
54.42,-3.04,Medium,0.44142751502722505,0.44053250632799457,0.1180399786447806,0.44142751502722505
54.42,-3.02,High,0.9079075208877103,0.9079075208877103,0.0035450729548852015,0.08854740615740425
54.42,-3.0,High,0.6997885249760087,0.6997885249760087,0.02903641245832167,0.2711750625656698
54.42,-2.98,High,0.9359868259519986,0.9359868259519986,0.0011613343282568277,0.06285183971974478
54.42,-2.96,High,0.8312098821908985,0.8312098821908985,0.005434640265657057,0.1633554775434439
54.42,-2.94,High,0.5866701324271522,0.5866701324271522,0.06077620013009868,0.3525536674427495
54.42,-2.92,High,0.6791595065824895,0.6791595065824895,0.03627522632204997,0.28456526709546076
54.42,-2.9,High,0.7194254220032675,0.7194254220032675,0.020833361451230274,0.25974121654550203
54.42,-2.84,Medium,0.5129405397931595,0.28422416333805034,0.20283529686879045,0.5129405397931595
54.42,-2.7800000000000002,Medium,0.4534901182249857,0.09413256993010842,0.45237731184490604,0.4534901182249857
54.42,-2.7600000000000002,Low,0.8178237264253434,0.006999062095667325,0.8178237264253434,0.17517721147898943
54.42,-2.7,Medium,0.52476683137315,0.1331591671903595,0.3420740014364903,0.52476683137315
54.42,-2.6,High,0.7701709069669178,0.7701709069669178,0.01701583120318494,0.21281326182989685
54.42,-2.58,Low,0.5440880696126245,0.03743158443612095,0.5440880696126245,0.4184803459512543
54.42,-2.48,Medium,0.5515325044300002,0.19823869549964865,0.25022880007035114,0.5515325044300002
54.42,-2.44,High,0.6056376319166789,0.6056376319166789,0.05177834029125652,0.3425840277920649
54.42,-2.42,High,0.8007873013257247,0.8007873013257247,0.014057883983257984,0.18515481469101758
54.42,-2.4,Medium,0.4749440241442587,0.41350293459015897,0.11155304126558249,0.4749440241442587
54.42,-2.34,Low,0.4509300153693293,0.1082243249289076,0.4509300153693293,0.4408456597017629
54.44,-3.54,High,0.7042611868978136,0.7042611868978136,0.02181716558429413,0.2739216475178924
54.44,-3.52,High,0.8780302177949185,0.8780302177949185,0.00722458133607171,0.11474520086900984
54.44,-3.5,High,0.522613446710575,0.522613446710575,0.06070017300994988,0.41668638027947497
54.44,-3.48,High,0.830777615465719,0.830777615465719,0.015047490021967964,0.15417489451231328
54.44,-3.46,High,0.7533793335073561,0.7533793335073561,0.016510047543806382,0.23011061894883736
54.44,-3.42,Low,0.5852729761636313,0.05117813708317245,0.5852729761636313,0.36354888675319613
54.44,-3.36,Low,0.5721747819471892,0.0327839066956651,0.5721747819471892,0.39504131135714593
54.44,-3.34,Medium,0.49535820339416803,0.16408279967180026,0.34055899693403147,0.49535820339416803
54.44,-3.12,Low,0.6734492194486313,0.019146934298652246,0.6734492194486313,0.3074038462527166
54.44,-3.1,Low,0.6398422137831871,0.03003667156968472,0.6398422137831871,0.33012111464712857
54.44,-3.08,Medium,0.5447512809833263,0.20452984716028427,0.2507188718563891,0.5447512809833263
54.44,-3.06,High,0.7329533571404896,0.7329533571404896,0.020531499301509725,0.24651514355800064
54.44,-3.04,High,0.8981639272989637,0.8981639272989637,0.003416696675869565,0.09841937602516708
54.44,-3.02,High,0.5014031033784763,0.5014031033784763,0.08850729827464995,0.410089598346874
54.44,-2.98,High,0.6434237136584936,0.6434237136584936,0.03394443146560648,0.32263185487589985
54.44,-2.96,High,0.9676396272725785,0.9676396272725785,0.0004233707406999842,0.03193700198672196
54.44,-2.9,Medium,0.5286791411050459,0.18288865914932712,0.2884321997456272,0.5286791411050459
54.44,-2.84,Low,0.4646580946275438,0.091396885016476,0.4646580946275438,0.4439450203559797
54.44,-2.82,Low,0.7277225280464598,0.016019812500779072,0.7277225280464598,0.25625765945276074
54.44,-2.8000000000000003,Low,0.5394887284793405,0.07030388204376208,0.5394887284793405,0.39020738947689715
54.44,-2.7,Low,0.6213195400617423,0.024292037709103768,0.6213195400617423,0.3543884222291537
54.44,-2.64,Low,0.45923504634483686,0.08295698601574934,0.45923504634483686,0.4578079676394136
54.44,-2.62,Medium,0.5775128616506915,0.25875804458016505,0.16372909376914369,0.5775128616506915
54.44,-2.6,High,0.9519609509597678,0.9519609509597678,0.0015270951710355401,0.04651195386919652
54.44,-2.58,High,0.6346906396413542,0.6346906396413542,0.05196810827149071,0.3133412520871549
54.44,-2.56,High,0.46538675638328286,0.46538675638328286,0.08983628019319667,0.44477696342352074
54.44,-2.54,Medium,0.4967473698474798,0.3446812024801651,0.15857142767235488,0.4967473698474798
54.44,-2.52,Medium,0.5341809453658067,0.2813054226499235,0.1845136319842698,0.5341809453658067
54.44,-2.5,Low,0.49600383447033386,0.05438144908671782,0.49600383447033386,0.4496147164429485
54.44,-2.48,High,0.5328079119057528,0.5328079119057528,0.05522784865368651,0.4119642394405607
54.44,-2.46,High,0.918286884907673,0.918286884907673,0.004599122972735149,0.07711399211959157
54.44,-2.44,Medium,0.4553811969796243,0.418994494059906,0.12562430896046986,0.4553811969796243
54.44,-2.42,High,0.6417627267836481,0.6417627267836481,0.036574279596456365,0.3216629936198956
54.44,-2.4,Low,0.6471359133155464,0.029464540339062473,0.6471359133155464,0.3233995463453912
54.44,-2.36,Medium,0.5518465838243132,0.2604299789585067,0.18772343721718013,0.5518465838243132
54.44,-2.34,Medium,0.48925942002070066,0.04695503479870526,0.463785545180594,0.48925942002070066
54.46,-3.58,Medium,0.5071900009307119,0.21914793882015915,0.2736620602491289,0.5071900009307119
54.46,-3.56,High,0.8987654802443634,0.8987654802443634,0.0054509451553543505,0.09578357460028185
54.46,-3.54,Medium,0.46847393766434164,0.4408125187487405,0.09071354358691838,0.46847393766434164
54.46,-3.52,High,0.9328043426490932,0.9328043426490932,0.003515348361879044,0.06368030898902764
54.46,-3.5,High,0.6238669548071433,0.6238669548071433,0.0402177857753431,0.3359152594175139
54.46,-3.48,Medium,0.5607924239320259,0.13006996919429387,0.3091376068736803,0.5607924239320259
54.46,-3.2600000000000002,Low,0.5403459729106834,0.05208734218605488,0.5403459729106834,0.4075666849032615
54.46,-3.08,Medium,0.5133052516442197,0.10391449507605408,0.38278025327972637,0.5133052516442197
54.46,-3.06,Medium,0.500020132283652,0.11554802801987775,0.38443183969647055,0.500020132283652
54.46,-3.04,High,0.5476124503052126,0.5476124503052126,0.05595322018577991,0.3964343295090076
54.46,-3.02,High,0.9261186353765164,0.9261186353765164,0.00448428395672987,0.0693970806667537
54.46,-3.0,Low,0.5446501600394565,0.03270571867831117,0.5446501600394565,0.422644121282232
54.46,-2.98,Low,0.457638002288369,0.14968079029868422,0.457638002288369,0.3926812074129467
54.46,-2.82,Low,0.7437058718916865,0.01702940204270793,0.7437058718916865,0.23926472606560586
54.46,-2.64,Low,0.5548264217113105,0.052637105863493724,0.5548264217113105,0.39253647242519585
54.46,-2.62,Medium,0.45596177915445757,0.12210006624384297,0.42193815460169964,0.45596177915445757
54.46,-2.6,High,0.9361321693082694,0.9361321693082694,0.0017723578319167215,0.06209547285981354
54.46,-2.58,High,0.9743705019413142,0.9743705019413142,0.0008116644500009185,0.024817833608685315
54.46,-2.56,Medium,0.5657303795726741,0.16385019162165515,0.2704194288056711,0.5657303795726741
54.46,-2.54,Medium,0.5487880354745337,0.18199810158056046,0.2692138629449059,0.5487880354745337
54.46,-2.52,Low,0.707070443792263,0.017862616190848793,0.707070443792263,0.275066940016888
54.46,-2.48,Low,0.4772653832083787,0.15930241038826318,0.4772653832083787,0.36343220640335827
54.46,-2.46,Medium,0.45548502250200074,0.12004132122156717,0.42447365627643213,0.45548502250200074
54.46,-2.4,Medium,0.47123501826983444,0.3683055846207882,0.16045939710937748,0.47123501826983444
54.46,-2.38,Low,0.5060816201853224,0.05944703529032047,0.5060816201853224,0.4344713445243571
54.46,-2.36,High,0.9249629237892738,0.9249629237892738,0.003771238088762529,0.0712658381219641
54.46,-2.34,High,0.4788836985105634,0.4788836985105634,0.07696070368339956,0.4441555978060378
54.480000000000004,-3.6,Low,0.6010477698171707,0.03153059956852724,0.6010477698171707,0.36742163061430216
54.480000000000004,-3.58,High,0.8563825395782375,0.8563825395782375,0.01045861659826337,0.13315884382349918
54.480000000000004,-3.56,Medium,0.5049338173088683,0.30252346679685205,0.19254271589427957,0.5049338173088683
54.480000000000004,-3.54,High,0.9560475976008652,0.9560475976008652,0.0009125952987893496,0.043039807100345995
54.480000000000004,-3.52,High,0.9654265806564851,0.9654265806564851,0.0009870310688249136,0.03358638827469026
54.480000000000004,-3.5,High,0.5193011905450607,0.5193011905450607,0.0731622337452168,0.40753657570972274
54.480000000000004,-3.48,Medium,0.4563742966461421,0.4009092125750644,0.14271649077879334,0.4563742966461421
54.480000000000004,-3.04,Medium,0.5290981637442964,0.20333106008808843,0.26757077616761477,0.5290981637442964
54.480000000000004,-3.02,Medium,0.5290025495076353,0.3348828292677802,0.13611462122458431,0.5290025495076353
54.480000000000004,-2.7,Low,0.8047266916606229,0.008814461271926421,0.8047266916606229,0.18645884706745078
54.480000000000004,-2.66,Medium,0.4874076003226787,0.33387883284826425,0.1787135668290573,0.4874076003226787
54.480000000000004,-2.64,Medium,0.47579827278083475,0.41110354340938415,0.11309818380978147,0.47579827278083475
54.480000000000004,-2.58,Medium,0.521656646041137,0.13301332873846708,0.3453300252203961,0.521656646041137
54.480000000000004,-2.52,Medium,0.4921437740028333,0.10055417214941553,0.4073020538477512,0.4921437740028333
54.480000000000004,-2.48,Low,0.6644701000101141,0.026772938256446107,0.6644701000101141,0.3087569617334401
54.480000000000004,-2.46,Low,0.7400915269144774,0.0135449462184138,0.7400915269144774,0.24636352686710897
54.480000000000004,-2.42,High,0.8362458897539645,0.8362458897539645,0.011564504715785372,0.1521896055302497
54.480000000000004,-2.4,Low,0.7249987380613726,0.013758301450982361,0.7249987380613726,0.26124296048764534
54.480000000000004,-2.38,Low,0.63236596481053,0.0304470929931524,0.63236596481053,0.3371869421963176
54.480000000000004,-2.36,High,0.9089785573643111,0.9089785573643111,0.00175408586955765,0.08926735676613076
54.480000000000004,-2.34,High,0.930753424785789,0.930753424785789,0.003096544401471733,0.06615003081273892
54.480000000000004,-2.32,Low,0.6663161546906312,0.025895397836921158,0.6663161546906312,0.3077884474724478
54.480000000000004,-2.2800000000000002,Low,0.4754537113364637,0.08129678823664904,0.4754537113364637,0.44324950042688704
54.480000000000004,-2.2600000000000002,Low,0.67327919831781,0.018690330465983684,0.67327919831781,0.30803047121620625
54.480000000000004,-2.24,Low,0.7574004404786249,0.01183451336802064,0.7574004404786249,0.23076504615335455
54.5,-3.6,High,0.9637667362631384,0.9637667362631384,0.0010087164848855221,0.03522454725197669
54.5,-3.58,High,0.6560711498095952,0.6560711498095952,0.033721616022982896,0.310207234167422
54.5,-3.56,High,0.742013106054819,0.742013106054819,0.02253732399083294,0.2354495699543476
54.5,-3.54,High,0.9095891781485835,0.9095891781485835,0.0014912891363676136,0.08891953271504877
54.5,-3.52,High,0.8873282279451399,0.8873282279451399,0.0009220315237010282,0.11174974053115859
54.5,-3.46,Medium,0.46745556680491424,0.06583885352492298,0.46670557967016285,0.46745556680491424
54.5,-3.04,Low,0.8189830707041217,0.006113181486838584,0.8189830707041217,0.1749037478090397
54.5,-2.92,Medium,0.4870601778959757,0.12844517505677508,0.384494647047249,0.4870601778959757
54.5,-2.7,Low,0.6171884358011785,0.030358278880891553,0.6171884358011785,0.3524532853179303
54.5,-2.68,Medium,0.4388858127430715,0.13618596765184043,0.4249282196050885,0.4388858127430715
54.5,-2.66,Medium,0.4749545227372928,0.3582440355027582,0.1668014417599493,0.4749545227372928
54.5,-2.58,Medium,0.5102658655048047,0.2748107816164518,0.2149233528787435,0.5102658655048047
54.5,-2.52,Low,0.7261010568799517,0.014822690770198517,0.7261010568799517,0.25907625234984943
54.5,-2.5,Medium,0.5445595785847606,0.2385874886913702,0.21685293272386894,0.5445595785847606
54.5,-2.48,Low,0.5713079032303703,0.05169411089604826,0.5713079032303703,0.3769979858735813
54.5,-2.46,Low,0.733318919785399,0.014232119462699555,0.733318919785399,0.25244896075190115
54.5,-2.44,Medium,0.4671922803449591,0.13572081109756579,0.39708690855747497,0.4671922803449591
54.5,-2.4,Medium,0.46548764387237485,0.42443017013340983,0.1100821859942155,0.46548764387237485
54.5,-2.38,Medium,0.5196866664247917,0.23195289457575663,0.2483604389994519,0.5196866664247917
54.5,-2.36,Low,0.46732974629721213,0.07571814033481457,0.46732974629721213,0.45695211336797364
54.5,-2.34,High,0.752555905993545,0.752555905993545,0.021997218133810677,0.2254468758726438
54.5,-2.32,High,0.7796742952659332,0.7796742952659332,0.013900748131066063,0.20642495660300092
54.5,-2.3000000000000003,Medium,0.556351971284938,0.2338691212226691,0.20977890749239292,0.556351971284938
54.5,-2.2800000000000002,Low,0.7531757426696081,0.023156562994080875,0.7531757426696081,0.22366769433631084
54.5,-2.2600000000000002,Medium,0.527287966268198,0.22161090545531692,0.25110112827648484,0.527287966268198
54.5,-2.24,Medium,0.518139171452622,0.27707998082133145,0.20478084772604643,0.518139171452622
54.52,-3.64,Low,0.6001422921776604,0.03816121357923735,0.6001422921776604,0.3616964942431026
54.52,-3.62,Medium,0.5138663078132203,0.2860573145002484,0.20007637768653147,0.5138663078132203
54.52,-3.6,High,0.9070992032262706,0.9070992032262706,0.0014212553463728154,0.09147954142735629
54.52,-3.58,High,0.9712836674529249,0.9712836674529249,0.0013124310334332323,0.02740390151364223
54.52,-3.56,High,0.9578472126851559,0.9578472126851559,0.0009105080052552185,0.041242279309589354
54.52,-3.54,High,0.9713642489995697,0.9713642489995697,0.0006768014318651127,0.027958949568565795
54.52,-3.52,High,0.970538659359236,0.970538659359236,0.0007461326941894018,0.028715207946574835
54.52,-3.5,High,0.9457303232469573,0.9457303232469573,0.0031357179826805243,0.051133958770362746
54.52,-3.48,Medium,0.4736290838079386,0.4366249593939628,0.08974595679809888,0.4736290838079386
54.52,-3.46,Medium,0.4893385101378953,0.2067060777968827,0.30395541206522214,0.4893385101378953
54.52,-3.44,High,0.6211371503181086,0.6211371503181086,0.04213295844184737,0.3367298912400441
54.52,-3.42,Medium,0.5590803473806811,0.12226644373994536,0.31865320887937365,0.5590803473806811
54.52,-3.16,Medium,0.46062593952263703,0.4273175640384575,0.1120564964389056,0.46062593952263703
54.52,-3.14,High,0.7440832800641622,0.7440832800641622,0.017259247524053875,0.2386574724117836
54.52,-2.94,Medium,0.5095415610688084,0.31574571367549087,0.17471272525570028,0.5095415610688084
54.52,-2.92,Medium,0.5020696079387682,0.24191565766183093,0.2560147343994003,0.5020696079387682
54.52,-2.7600000000000002,Low,0.7997517223016842,0.007858986276594194,0.7997517223016842,0.19238929142172193
54.52,-2.74,Medium,0.5119177746719903,0.10961643462283581,0.37846579070517394,0.5119177746719903
54.52,-2.72,Low,0.4585637260630371,0.10256431013369177,0.4585637260630371,0.4388719638032708
54.52,-2.7,Medium,0.48216719302312017,0.433099797553798,0.084733009423082,0.48216719302312017
54.52,-2.68,High,0.9585949408827973,0.9585949408827973,0.0011901212946951933,0.04021493782250779
54.52,-2.66,High,0.9312889374845187,0.9312889374845187,0.002113750894572232,0.06659731162090861
54.52,-2.64,Medium,0.5350531593467333,0.24021005914960686,0.22473678150366014,0.5350531593467333
54.52,-2.6,Medium,0.5558697295506009,0.20380218870310682,0.2403280817462925,0.5558697295506009
54.52,-2.58,High,0.6623951572700385,0.6623951572700385,0.03251068316570184,0.3050941595642599
54.52,-2.5,Medium,0.46149593175723763,0.40542810506499327,0.1330759631777689,0.46149593175723763
54.52,-2.48,Medium,0.5216179410286862,0.326022454928166,0.15235960404314763,0.5216179410286862
54.52,-2.42,Medium,0.5398488201947155,0.25581034510294653,0.204340834702338,0.5398488201947155
54.52,-2.4,Low,0.48560126983608115,0.07255160596188977,0.48560126983608115,0.4418471242020284
54.52,-2.38,Medium,0.5107079070126915,0.33401787182685866,0.1552742211604497,0.5107079070126915
54.52,-2.36,High,0.5627931244096455,0.5627931244096455,0.054525924001198385,0.3826809515891565
54.52,-2.34,Medium,0.4220579161947531,0.4110524769473401,0.16688960685790694,0.4220579161947531
54.52,-2.32,High,0.8880837459864347,0.8880837459864347,0.007011907144262182,0.10490434686930294
54.52,-2.3000000000000003,High,0.4612360800449391,0.4612360800449391,0.09000694219028241,0.4487569777647787
54.52,-2.2800000000000002,Medium,0.49016663782527425,0.11762559483682786,0.39220776733789764,0.49016663782527425
54.52,-2.2600000000000002,Medium,0.506446304002564,0.11980617152721958,0.37374752447021625,0.506446304002564
54.52,-2.24,Medium,0.516593389733277,0.2200463832223775,0.2633602270443454,0.516593389733277
54.52,-2.22,Low,0.5792417140232008,0.04740911441021681,0.5792417140232008,0.37334917156658276
54.54,-3.6,High,0.924488272793261,0.924488272793261,0.0006994236839159159,0.07481230352282325
54.54,-3.58,High,0.9419127137779114,0.9419127137779114,0.0004955203942979969,0.05759176582779073
54.54,-3.56,High,0.9685306231561701,0.9685306231561701,0.0007115282999301015,0.03075784854390001
54.54,-3.54,High,0.8219131623607017,0.8219131623607017,0.01380923154910599,0.16427760609019187
54.54,-3.52,High,0.5632735353077684,0.5632735353077684,0.061303279159316715,0.3754231855329153
54.54,-3.5,High,0.9750368498072554,0.9750368498072554,0.0006967851625973116,0.02426636503014777
54.54,-3.48,High,0.9196799789337369,0.9196799789337369,0.0026472293479019625,0.0776727917183607
54.54,-3.46,Medium,0.49801117428151714,0.09993288359519115,0.4020559421232913,0.49801117428151714
54.54,-3.44,High,0.8444687094261693,0.8444687094261693,0.005800107185376343,0.14973118338845418
54.54,-3.42,Low,0.6095927182853774,0.031700464611684714,0.6095927182853774,0.3587068171029381
54.54,-3.4,Medium,0.5032179574348968,0.35191162667878884,0.1448704158863144,0.5032179574348968
54.54,-3.38,Low,0.5978026276531169,0.03579675342080355,0.5978026276531169,0.36640061892607956
54.54,-3.2800000000000002,Medium,0.453313491901345,0.09742512806970201,0.4492613800289528,0.453313491901345
54.54,-3.2600000000000002,Low,0.8565660787188937,0.005457498619607704,0.8565660787188937,0.13797642266149845
54.54,-3.16,Medium,0.46991073850304843,0.09884823248774435,0.4312410290092075,0.46991073850304843
54.54,-3.14,Low,0.6487452590817167,0.025340350332253358,0.6487452590817167,0.3259143905860305
54.54,-3.12,Low,0.7100337147646211,0.015997268828881857,0.7100337147646211,0.2739690164064967
54.54,-3.06,Low,0.5203748001971343,0.0688851959694781,0.5203748001971343,0.4107400038333875
54.54,-2.98,Low,0.5385853313145499,0.050671156313532,0.5385853313145499,0.410743512371918
54.54,-2.96,High,0.45981288324757763,0.45981288324757763,0.09756187515550907,0.4426252415969132
54.54,-2.94,High,0.9427446472577984,0.9427446472577984,0.002189829351473235,0.05506552339072794
54.54,-2.92,Medium,0.5060784422925293,0.34727996121840815,0.14664159648906255,0.5060784422925293
54.54,-2.88,Low,0.7193207065964089,0.01820609113073665,0.7193207065964089,0.2624732022728543
54.54,-2.7600000000000002,Medium,0.4766185867607719,0.3399968669052268,0.18338454633400111,0.4766185867607719
54.54,-2.72,High,0.6965053725344322,0.6965053725344322,0.04610133616688162,0.2573932912986867
54.54,-2.7,Medium,0.5224666298795874,0.32099818194048607,0.15653518817992604,0.5224666298795874
54.54,-2.68,High,0.7932974348132242,0.7932974348132242,0.006462667741724264,0.20023989744505166
54.54,-2.66,Low,0.5633225022834574,0.05568100732558932,0.5633225022834574,0.38099649039095307
54.54,-2.64,Medium,0.4501416986369077,0.12156240259480244,0.4282958987682898,0.4501416986369077
54.54,-2.62,Medium,0.5456837597942104,0.060720794542932104,0.3935954456628574,0.5456837597942104
54.54,-2.6,Medium,0.46841713191974066,0.06984775272974865,0.4617351153505107,0.46841713191974066
54.54,-2.58,High,0.7236289889989365,0.7236289889989365,0.02125357055391367,0.2551174404471499
54.54,-2.56,Low,0.6723491871233969,0.025145079668837125,0.6723491871233969,0.30250573320776586
54.54,-2.52,Medium,0.5282091015209986,0.22378494879332178,0.24800594968567938,0.5282091015209986
54.54,-2.5,Medium,0.4535784701365533,0.10890580958307945,0.437515720280367,0.4535784701365533
54.54,-2.48,Medium,0.5731580515248974,0.1477004652826159,0.27914148319248666,0.5731580515248974
54.54,-2.46,Medium,0.5060405786708533,0.3291268707218657,0.16483255060728105,0.5060405786708533
54.54,-2.42,High,0.7184590331387648,0.7184590331387648,0.022460433267801026,0.25908053359343325
54.54,-2.4,High,0.7313990297857061,0.7313990297857061,0.037707566840636496,0.23089340337365688
54.54,-2.38,High,0.574729564694033,0.574729564694033,0.059860654175294174,0.3654097811306729
54.54,-2.34,Medium,0.4799549033845998,0.10238248158546343,0.4176626150299365,0.4799549033845998
54.54,-2.32,High,0.4666827859625393,0.4666827859625393,0.08965124321216081,0.4436659708253
54.54,-2.2800000000000002,Low,0.7044146711559869,0.013278614980561028,0.7044146711559869,0.28230671386345163
54.54,-2.2600000000000002,Medium,0.46161050904409895,0.11071995791391023,0.4276695330419905,0.46161050904409895
54.56,-3.58,High,0.970731535693185,0.970731535693185,0.0007846041634622227,0.028483860143352878
54.56,-3.56,High,0.9532567692189902,0.9532567692189902,0.002465796815992915,0.044277433965017814
54.56,-3.54,High,0.5299546942373897,0.5299546942373897,0.07234178724227078,0.39770351852033975
54.56,-3.5,Low,0.5536165158578839,0.06297522108414219,0.5536165158578839,0.3834082630579739
54.56,-3.48,High,0.9328100338708301,0.9328100338708301,0.0025449256664919627,0.06464504046267822
54.56,-3.46,High,0.9581067173839689,0.9581067173839689,0.001318193491129052,0.040575089124902215
54.56,-3.44,High,0.8652105199794144,0.8652105199794144,0.005973806734458162,0.12881567328612797
54.56,-3.42,High,0.74796556895019,0.74796556895019,0.022110321212456784,0.22992410983735273
54.56,-3.22,Medium,0.4897622370684067,0.34702457732673847,0.163213185604855,0.4897622370684067
54.56,-3.2,Medium,0.4787432362370879,0.4107323332176701,0.11052443054524243,0.4787432362370879
54.56,-3.18,High,0.5941654322520487,0.5941654322520487,0.0471936964347231,0.3586408713132284
54.56,-3.16,Low,0.6338247263380873,0.029791972111677327,0.6338247263380873,0.33638330155023566
54.56,-3.14,Medium,0.44629919464365747,0.3853974804272014,0.1683033249291411,0.44629919464365747
54.56,-3.06,High,0.6784641185261074,0.6784641185261074,0.03856963615036672,0.28296624532352566
54.56,-2.96,Medium,0.46862160971799327,0.08619726636279815,0.4451811239192085,0.46862160971799327
54.56,-2.94,Low,0.5481901772572904,0.03506941067311753,0.5481901772572904,0.4167404120695919
54.56,-2.9,Medium,0.5414022048071855,0.1541345419049163,0.30446325328789803,0.5414022048071855
54.56,-2.88,Medium,0.5043470336604328,0.3629456331686683,0.13270733317089925,0.5043470336604328
54.56,-2.86,Low,0.5114105047098164,0.09701888365806147,0.5114105047098164,0.39157061163212215
54.56,-2.7800000000000002,Low,0.5618154802712045,0.04120543947092802,0.5618154802712045,0.39697908025786705
54.56,-2.7600000000000002,High,0.5561717035503183,0.5561717035503183,0.06357894315872832,0.3802493532909535
54.56,-2.74,Medium,0.47384071024380203,0.37502070624893036,0.1511385835072676,0.47384071024380203
54.56,-2.72,Low,0.5535242062596245,0.04221436261277867,0.5535242062596245,0.4042614311275971
54.56,-2.68,Medium,0.5454765293870593,0.24424224120555382,0.21028122940738705,0.5454765293870593
54.56,-2.66,Medium,0.5645608678076818,0.1764108880668978,0.25902824412542036,0.5645608678076818
54.56,-2.64,Medium,0.48912471503545824,0.09376413030421457,0.41711115466032694,0.48912471503545824
54.56,-2.62,High,0.6179437643914895,0.6179437643914895,0.03070973418386903,0.3513465014246418
54.56,-2.58,Medium,0.4909850633306202,0.3805468172188129,0.12846811945056666,0.4909850633306202
54.56,-2.56,Low,0.46559717948975005,0.08794292204816173,0.46559717948975005,0.44645989846208795
54.56,-2.54,Low,0.6902470522611184,0.018603948989365335,0.6902470522611184,0.29114899874951655
54.56,-2.52,Low,0.48511490111011646,0.11283393633349496,0.48511490111011646,0.4020511625563889
54.56,-2.5,High,0.5871721019083008,0.5871721019083008,0.0643660220762804,0.3484618760154183
54.56,-2.48,Low,0.5388193558441131,0.06960765699806105,0.5388193558441131,0.39157298715782574
54.56,-2.46,Medium,0.4821695687211133,0.35684862577597976,0.16098180550290678,0.4821695687211133
54.56,-2.44,Medium,0.5410235357330796,0.27518305131352355,0.1837934129533971,0.5410235357330796
54.56,-2.42,Low,0.5928170200864574,0.03861515130962343,0.5928170200864574,0.3685678286039188
54.58,-3.58,High,0.971929142139592,0.971929142139592,0.0005949496633966027,0.027475908197011952
54.58,-3.56,High,0.9613635709845618,0.9613635709845618,0.0012151389938213214,0.03742129002161772
54.58,-3.54,High,0.7845560275798518,0.7845560275798518,0.009886275923439833,0.20555769649670885
54.58,-3.52,High,0.8992962802052697,0.8992962802052697,0.002572048523437885,0.09813167127129202
54.58,-3.5,Low,0.42817929974973035,0.14875290300750038,0.42817929974973035,0.4230677972427692
54.58,-3.48,Low,0.544401919983426,0.03975726721078357,0.544401919983426,0.4158408128057905
54.58,-3.46,High,0.651985215480311,0.651985215480311,0.037868146945600596,0.3101466375740885
54.58,-3.44,High,0.6782234619094974,0.6782234619094974,0.029609124552311284,0.29216741353819153
54.58,-3.42,High,0.4671315811528872,0.4671315811528872,0.09139280324189049,0.44147561560522225
54.58,-3.4,High,0.5047778924779728,0.5047778924779728,0.08316596220969891,0.4120561453123283
54.58,-3.36,Low,0.6986139604750308,0.017642741980803116,0.6986139604750308,0.28374329754416605
54.58,-3.34,Low,0.5544055786537987,0.05918210785449518,0.5544055786537987,0.38641231349170657
54.58,-3.3200000000000003,High,0.6408625932983276,0.6408625932983276,0.07784666996917018,0.2812907367325024
54.58,-3.3000000000000003,Low,0.6866249744561972,0.010885065068318087,0.6866249744561972,0.3024899604754848
54.58,-3.18,High,0.7904664172290411,0.7904664172290411,0.0283788314116961,0.18115475135926296
54.58,-3.16,High,0.6958172651860332,0.6958172651860332,0.026637481050589416,0.2775452537633774
54.58,-3.14,Low,0.6726943045232587,0.0212668873879498,0.6726943045232587,0.30603880808879175
54.58,-3.08,High,0.8285600549009715,0.8285600549009715,0.012944150860717474,0.15849579423831037
54.58,-2.98,Low,0.6519118505555477,0.022373797022807257,0.6519118505555477,0.325714352421645
54.58,-2.96,Medium,0.5323261730381993,0.1786415140665215,0.28903231289527925,0.5323261730381993
54.58,-2.94,Low,0.6609997943912088,0.020209687966324816,0.6609997943912088,0.31879051764246635
54.58,-2.92,Low,0.6485410781794151,0.0339807124023584,0.6485410781794151,0.3174782094182268
54.58,-2.9,Low,0.4734424284957479,0.0629966447298795,0.4734424284957479,0.46356092677437305
54.58,-2.88,Medium,0.4769024240015886,0.42386979532410785,0.09922778067430321,0.4769024240015886
54.58,-2.86,High,0.642573727647196,0.642573727647196,0.036174178518134086,0.3212520938346698
54.58,-2.84,Medium,0.5064304191009492,0.08904421596632434,0.40452536493272634,0.5064304191009492
54.58,-2.7600000000000002,Low,0.4769555918965397,0.12433636074840061,0.4769555918965397,0.39870804735505966
54.58,-2.74,Medium,0.5497250477122209,0.19231400513589716,0.2579609471518818,0.5497250477122209
54.58,-2.72,Low,0.5637601705373558,0.01815721732477137,0.5637601705373558,0.4180826121378729
54.58,-2.7,Medium,0.4962203040901079,0.08884059482420024,0.41493910108569204,0.4962203040901079
54.58,-2.68,Medium,0.524876045593353,0.2649048936404209,0.2102190607662262,0.524876045593353
54.58,-2.66,Medium,0.493970732353997,0.10287001775951271,0.4031592498864905,0.493970732353997
54.58,-2.64,High,0.6495284383675007,0.6495284383675007,0.03515355137128366,0.31531801026121553
54.58,-2.62,High,0.9351014268899054,0.9351014268899054,0.0021029829130308625,0.06279559019706342
54.58,-2.6,Medium,0.4477555268975376,0.32093591645576103,0.23130855664670133,0.4477555268975376
54.58,-2.58,High,0.5077651359541211,0.5077651359541211,0.06490641249789642,0.4273284515479826
54.58,-2.56,Medium,0.5347427539666633,0.01273122361167389,0.4525260224216632,0.5347427539666633
54.58,-2.54,Low,0.5646069030482377,0.038392869181692164,0.5646069030482377,0.39700022777006994
54.58,-2.52,High,0.49345345820551323,0.49345345820551323,0.07866713975884254,0.42787940203564434
54.58,-2.5,High,0.9782813275069959,0.9782813275069959,0.0007530956093674161,0.0209655768836372
54.58,-2.48,High,0.967499923319686,0.967499923319686,0.0007429720816634799,0.031757104598651026
54.58,-2.46,High,0.5711545721063441,0.5711545721063441,0.04029136703259437,0.38855406086106137
54.58,-2.44,Low,0.5520786921581982,0.034704377862382535,0.5520786921581982,0.4132169299794194
54.58,-2.42,High,0.7299383691166667,0.7299383691166667,0.02092951971949962,0.24913211116383366
54.6,-3.56,High,0.5899141749522767,0.5899141749522767,0.033806707090156186,0.3762791179575673
54.6,-3.54,High,0.9632086263562342,0.9632086263562342,0.0011513529751392706,0.03564002066862682
54.6,-3.52,High,0.9012988652268128,0.9012988652268128,0.0005053619449770892,0.09819577282821003
54.6,-3.5,High,0.9275515139376427,0.9275515139376427,0.0018632331618871456,0.07058525290046996
54.6,-3.48,Low,0.47034572573680145,0.060145068526668365,0.47034572573680145,0.4695092057365301
54.6,-3.46,High,0.620049431530185,0.620049431530185,0.03318130943813003,0.3467692590316846
54.6,-3.44,High,0.5522280891650948,0.5522280891650948,0.053892088498458855,0.39387982233644697
54.6,-3.42,Medium,0.5082590230135602,0.291626651395695,0.2001143255907448,0.5082590230135602
54.6,-3.38,Medium,0.4852588580132956,0.17020068925635884,0.3445404527303454,0.4852588580132956
54.6,-3.36,Medium,0.509453738644388,0.3289802416069414,0.16156601974867071,0.509453738644388
54.6,-3.3200000000000003,Medium,0.520004364784936,0.3580178083161893,0.12197782689887504,0.520004364784936
54.6,-3.3000000000000003,Medium,0.5218555135366225,0.27542534495560483,0.20271914150777293,0.5218555135366225
54.6,-3.22,Low,0.5158358965354517,0.09004849187846914,0.5158358965354517,0.3941156115860789
54.6,-3.2,High,0.9477388809324883,0.9477388809324883,0.0017580686800926632,0.05050305038741878
54.6,-3.18,High,0.95848171108215,0.95848171108215,0.0012433843913467104,0.04027490452650307
54.6,-3.16,High,0.8726279360265532,0.8726279360265532,0.004371636409394813,0.12300042756405212
54.6,-3.14,High,0.9464550610760076,0.9464550610760076,0.0005320457456977246,0.05301289317829482
54.6,-3.12,High,0.9741228121076168,0.9741228121076168,0.0008988742219200337,0.024978313670463197
54.6,-3.1,Medium,0.4568902484431826,0.4459261507596176,0.09718360079719966,0.4568902484431826
54.6,-3.08,High,0.4578415742259479,0.4578415742259479,0.09325149021958717,0.44890693555446487
54.6,-3.06,Medium,0.5009162838929999,0.33898804051447634,0.16009567559252413,0.5009162838929999
54.6,-2.94,Medium,0.4625157994554827,0.43071800683843386,0.10676619370608367,0.4625157994554827
54.6,-2.92,Medium,0.522106399229466,0.1883345764484284,0.2895590243221057,0.522106399229466
54.6,-2.88,High,0.7810649875279506,0.7810649875279506,0.01556862445751797,0.20336638801453177
54.6,-2.86,High,0.6726941527844847,0.6726941527844847,0.03059113041144263,0.29671471680407274
54.6,-2.84,Medium,0.4978371629850817,0.37430314028520134,0.1278596967297172,0.4978371629850817
54.6,-2.82,High,0.47623887583685565,0.47623887583685565,0.10239894868136268,0.4213621754817815
54.6,-2.7800000000000002,Low,0.819442981676292,0.006152654303870931,0.819442981676292,0.1744043640198369
54.6,-2.7600000000000002,High,0.7311893658737771,0.7311893658737771,0.019900145893220058,0.24891048823300263
54.6,-2.74,High,0.517973543799695,0.517973543799695,0.07943654526977474,0.4025899109305305
54.6,-2.72,High,0.5013716711677574,0.5013716711677574,0.07670789339126667,0.42192043544097646
54.6,-2.7,Medium,0.46168210635979734,0.39883490721260406,0.13948298642759868,0.46168210635979734
54.6,-2.68,High,0.6946863296160097,0.6946863296160097,0.027235285542579462,0.278078384841411
54.6,-2.66,Low,0.5047538265274134,0.0636629532265733,0.5047538265274134,0.43158322024601353
54.6,-2.64,Medium,0.4609137482845565,0.43946095715071687,0.09962529456472682,0.4609137482845565
54.6,-2.62,High,0.7179072718671365,0.7179072718671365,0.018526749628760508,0.263565978504103
54.6,-2.6,Medium,0.4548208761140874,0.40392969528573647,0.14124942860017597,0.4548208761140874
54.6,-2.58,Medium,0.5558202167946785,0.09343397452938232,0.35074580867593963,0.5558202167946785
54.6,-2.56,High,0.8293258861954285,0.8293258861954285,0.012301781529559897,0.15837233227501193
54.6,-2.54,Medium,0.46904169908426646,0.3620547835250765,0.16890351739065693,0.46904169908426646
54.6,-2.52,High,0.9003476388660175,0.9003476388660175,0.0022527944376953503,0.09739956669628651
54.6,-2.5,High,0.6854723455603122,0.6854723455603122,0.026841413502280483,0.287686240937407
54.6,-2.48,Medium,0.49856867429733964,0.21103809790683986,0.29039322779582083,0.49856867429733964
54.6,-2.46,Medium,0.4752773965423658,0.1462988024368466,0.3784238010207877,0.4752773965423658
54.6,-2.44,Low,0.6564106823084178,0.024947310440232125,0.6564106823084178,0.3186420072513505
54.620000000000005,-3.56,High,0.9713218034740554,0.9713218034740554,0.0004659576195547448,0.028212238906390397
54.620000000000005,-3.54,High,0.9039124511073139,0.9039124511073139,0.006592726480523023,0.08949482241216254
54.620000000000005,-3.52,High,0.912920645719105,0.912920645719105,0.0004719975564527904,0.08660735672444222
54.620000000000005,-3.5,High,0.6760367104034603,0.6760367104034603,0.026762978584072384,0.29720031101246724
54.620000000000005,-3.48,Low,0.5033692084787421,0.04418581809990836,0.5033692084787421,0.4524449734213495
54.620000000000005,-3.46,Medium,0.4817288459746312,0.41207012281536215,0.10620103121000674,0.4817288459746312
54.620000000000005,-3.44,High,0.9101064037053322,0.9101064037053322,0.005314978523999375,0.08457861777066837
54.620000000000005,-3.4,High,0.8663836134748591,0.8663836134748591,0.009563068263660997,0.12405331826147975
54.620000000000005,-3.38,High,0.46798345420045284,0.46798345420045284,0.07027975964269191,0.46173678615685515
54.620000000000005,-3.36,Medium,0.45881729626925993,0.3960161354076853,0.1451665683230544,0.45881729626925993
54.620000000000005,-3.34,Low,0.737355082503825,0.013915638212530237,0.737355082503825,0.24872927928364436
54.620000000000005,-3.3200000000000003,High,0.4606663029268559,0.4606663029268559,0.10017598683331758,0.4391577102398265
54.620000000000005,-3.3000000000000003,High,0.7485391163968734,0.7485391163968734,0.022997995749240666,0.22846288785388644
54.620000000000005,-3.2,High,0.9247752192940513,0.9247752192940513,0.00310088497861581,0.07212389572733334
54.620000000000005,-3.18,High,0.5557517587135643,0.5557517587135643,0.0575337931805689,0.3867144481058666
54.620000000000005,-3.16,High,0.9133584962362753,0.9133584962362753,0.0016357995897661045,0.08500570417395913
54.620000000000005,-3.14,High,0.9157416529790301,0.9157416529790301,0.001630590457199112,0.08262775656377107
54.620000000000005,-3.12,Low,0.48678356090850705,0.08996489722683856,0.48678356090850705,0.42325154186465425
54.620000000000005,-3.08,Medium,0.5308571008668923,0.22851433604167062,0.24062856309143754,0.5308571008668923
54.620000000000005,-3.06,High,0.9229624412622812,0.9229624412622812,0.004919345189642931,0.07211821354807596
54.620000000000005,-3.04,High,0.6704383819664231,0.6704383819664231,0.03899335852752649,0.2905682595060505
54.620000000000005,-3.02,Medium,0.5570922440181275,0.16511334962910587,0.2777944063527666,0.5570922440181275
54.620000000000005,-3.0,Low,0.7566536806427097,0.01440967533011327,0.7566536806427097,0.228936644027177
54.620000000000005,-2.98,High,0.8841091615209787,0.8841091615209787,0.0026491197961392154,0.11324171868288176
54.620000000000005,-2.96,Low,0.488437291809179,0.06022791541490292,0.488437291809179,0.4513347927759181
54.620000000000005,-2.92,Medium,0.541007392348723,0.03500701994712901,0.42398558770414785,0.541007392348723
54.620000000000005,-2.9,Low,0.5798811548126567,0.07619921964242435,0.5798811548126567,0.34391962554491884
54.620000000000005,-2.88,Medium,0.5199823959766319,0.1380184975286523,0.3419991064947156,0.5199823959766319
54.620000000000005,-2.86,Medium,0.5092934269515166,0.13788192896882845,0.3528246440796551,0.5092934269515166
54.620000000000005,-2.84,High,0.7046577299901357,0.7046577299901357,0.04561242159431567,0.2497298484155493
54.620000000000005,-2.82,High,0.7633950721649039,0.7633950721649039,0.021948637289917746,0.2146562905451782
54.620000000000005,-2.8000000000000003,Medium,0.555921679364442,0.1254704743953431,0.31860784624021465,0.555921679364442
54.620000000000005,-2.7800000000000002,Low,0.5348551362599305,0.0580948290641706,0.5348551362599305,0.4070500346758989
54.620000000000005,-2.7600000000000002,Low,0.6944311842671708,0.012433221644572653,0.6944311842671708,0.2931355940882563
54.620000000000005,-2.74,Medium,0.5414159980458894,0.26166265956845897,0.19692134238565182,0.5414159980458894
54.620000000000005,-2.72,Medium,0.5487473297241228,0.1879085345751863,0.26334413570069093,0.5487473297241228
54.620000000000005,-2.7,High,0.5069105944254729,0.5069105944254729,0.08815775855081981,0.40493164702370726
54.620000000000005,-2.68,Medium,0.5455759074699837,0.2701224197411651,0.18430167278885132,0.5455759074699837
54.620000000000005,-2.66,Medium,0.4681821363516734,0.1292932801331537,0.40252458351517295,0.4681821363516734
54.620000000000005,-2.64,High,0.712772429851413,0.712772429851413,0.024576782635166414,0.2626507875134205
54.620000000000005,-2.62,Medium,0.5419119717120491,0.18448748433936912,0.2736005439485819,0.5419119717120491
54.620000000000005,-2.6,Medium,0.5460550986592554,0.0744516973343599,0.3794932040063844,0.5460550986592554
54.620000000000005,-2.58,Medium,0.5325732665681773,0.27569909460352554,0.19172763882829746,0.5325732665681773
54.620000000000005,-2.56,High,0.9608166779275057,0.9608166779275057,0.001131242297644871,0.03805207977484979
54.620000000000005,-2.54,High,0.6127624337211315,0.6127624337211315,0.052215494705191164,0.3350220715736779
54.620000000000005,-2.52,High,0.8518041017956283,0.8518041017956283,0.008476421009536947,0.1397194771948343
54.620000000000005,-2.5,Medium,0.5843988543324479,0.03209789664768912,0.3835032490198626,0.5843988543324479
54.620000000000005,-2.48,High,0.8742538043810228,0.8742538043810228,0.006038751208710198,0.11970744441026682
54.620000000000005,-2.46,Low,0.6812515640294491,0.031362913554368224,0.6812515640294491,0.2873855224161828
54.64,-3.58,Medium,0.5070550621639618,0.16868095734592095,0.32426398049011723,0.5070550621639618
54.64,-3.56,High,0.9250631308017154,0.9250631308017154,0.0006549584238905785,0.07428191077439437
54.64,-3.54,High,0.9676786611996993,0.9676786611996993,0.0005510392508906407,0.03177029954941017
54.64,-3.52,High,0.9101667554970154,0.9101667554970154,0.0005349251674386774,0.08929831933554552
54.64,-3.5,Low,0.47630480648945545,0.14308740270570375,0.47630480648945545,0.3806077908048412
54.64,-3.48,Low,0.6614908732129331,0.03355547697357743,0.6614908732129331,0.3049536498134895
54.64,-3.46,High,0.644309839559349,0.644309839559349,0.034645209116132135,0.3210449513245195
54.64,-3.44,High,0.6380914009495119,0.6380914009495119,0.0806711307033552,0.2812374683471331
54.64,-3.4,High,0.8754354202382899,0.8754354202382899,0.005588409310627317,0.11897617045108203
54.64,-3.38,Low,0.5013339836544091,0.0937924583285334,0.5013339836544091,0.4048735580170575
54.64,-3.36,Medium,0.46443308693745566,0.3976454656623099,0.13792144740023465,0.46443308693745566
54.64,-3.34,Low,0.5773320432529502,0.03951293181662177,0.5773320432529502,0.3831550249304283
54.64,-3.3200000000000003,Medium,0.4691464104973704,0.14328157666777425,0.3875720128348551,0.4691464104973704
54.64,-3.3000000000000003,Medium,0.44289889919656333,0.19107174033604143,0.366029360467395,0.44289889919656333
54.64,-3.2600000000000002,Low,0.8171719333727913,0.007993025807263418,0.8171719333727913,0.174835040819945
54.64,-3.22,Low,0.5283731670004548,0.06956252852332892,0.5283731670004548,0.402064304476216
54.64,-3.2,Medium,0.5112203222107786,0.2558872069564688,0.23289247083275255,0.5112203222107786
54.64,-3.18,High,0.7067679290057227,0.7067679290057227,0.022475077779859284,0.2707569932144179
54.64,-3.02,Medium,0.5043311545349904,0.16715975511255496,0.3285090903524546,0.5043311545349904
54.64,-3.0,Low,0.6861236036918268,0.01916860986841341,0.6861236036918268,0.2947077864397602
54.64,-2.98,Medium,0.4530740458951592,0.3738269395426903,0.1730990145621506,0.4530740458951592
54.64,-2.96,Low,0.5334055500880105,0.050435890784247685,0.5334055500880105,0.4161585591277421
54.64,-2.94,Medium,0.4603468105237367,0.08360048446559984,0.4560527050106636,0.4603468105237367
54.64,-2.92,Medium,0.5268253115553606,0.185223077998456,0.28795161044618345,0.5268253115553606
54.64,-2.9,High,0.6548799800286919,0.6548799800286919,0.037634318692564346,0.30748570127874386
54.64,-2.88,High,0.796561340017543,0.796561340017543,0.012949282279278322,0.19048937770317856
54.64,-2.86,Medium,0.4962205305874258,0.06590868121943115,0.4378707881931428,0.4962205305874258
54.64,-2.84,Medium,0.5194719522116104,0.3161270435153095,0.16440100427307994,0.5194719522116104
54.64,-2.82,Medium,0.4667765769385393,0.43030352258373655,0.10291990047772391,0.4667765769385393
54.64,-2.8000000000000003,High,0.9201318999391799,0.9201318999391799,0.003026837875301271,0.07684126218551854
54.64,-2.7800000000000002,High,0.88089236812555,0.88089236812555,0.007777318498321366,0.11133031337612916
54.64,-2.7600000000000002,High,0.7168223362528832,0.7168223362528832,0.026029749482199733,0.25714791426491734
54.64,-2.74,Medium,0.5091526524379235,0.34409656733853367,0.14675078022354304,0.5091526524379235
54.64,-2.72,High,0.9269104642390515,0.9269104642390515,0.003707370799270615,0.0693821649616774
54.64,-2.7,Medium,0.4819344899057182,0.37352991656632833,0.14453559352795353,0.4819344899057182
54.64,-2.68,Low,0.5352492042838385,0.04928107870280214,0.5352492042838385,0.4154697170133593
54.64,-2.66,High,0.5167608627821729,0.5167608627821729,0.07636436981873077,0.4068747673990966
54.64,-2.64,Medium,0.49131548853341833,0.10019503175283141,0.4084894797137501,0.49131548853341833
54.64,-2.62,High,0.4940592197948087,0.4940592197948087,0.07513712259993327,0.43080365760525785
54.64,-2.6,High,0.8352045814295559,0.8352045814295559,0.009769077424104539,0.15502634114633962
54.64,-2.58,High,0.6739090972542765,0.6739090972542765,0.02564108300119479,0.3004498197445291
54.64,-2.56,High,0.9284037496259313,0.9284037496259313,0.0025303997710574063,0.06906585060301128
54.64,-2.54,High,0.47550473220227013,0.47550473220227013,0.08824297467047776,0.43625229312725233
54.64,-2.52,High,0.5424714475887487,0.5424714475887487,0.06655001292388457,0.3909785394873666
54.64,-2.5,High,0.5635602508041869,0.5635602508041869,0.07410792770759088,0.36233182148822235
54.64,-2.48,Low,0.4967636489605342,0.04240531079206376,0.4967636489605342,0.46083104024740196
54.660000000000004,-3.56,High,0.9072942067069976,0.9072942067069976,0.005139373376829127,0.08756641991617269
54.660000000000004,-3.54,High,0.9005457498265862,0.9005457498265862,0.0017786776482083247,0.0976755725252056
54.660000000000004,-3.52,High,0.9598411849290858,0.9598411849290858,0.0006843525935986379,0.03947446247731578
54.660000000000004,-3.5,High,0.944743920854619,0.944743920854619,0.001505481012404704,0.05375059813297664
54.660000000000004,-3.48,High,0.7408908578784154,0.7408908578784154,0.021080992522117765,0.23802814959946708
54.660000000000004,-3.46,High,0.5521763727323876,0.5521763727323876,0.05989430422403611,0.38792932304357636
54.660000000000004,-3.44,High,0.9651892115945421,0.9651892115945421,0.0011492868474687777,0.03366150155798919
54.660000000000004,-3.42,High,0.8884004136010867,0.8884004136010867,0.0059539662111221005,0.10564562018779089
54.660000000000004,-3.4,Medium,0.5480089848701862,0.11606113492599342,0.33592988020382025,0.5480089848701862
54.660000000000004,-3.38,High,0.9481648410534702,0.9481648410534702,0.002213480336379679,0.049621678610150245
54.660000000000004,-3.36,High,0.94057452057759,0.94057452057759,0.002182483097288742,0.05724299632512113
54.660000000000004,-3.34,High,0.7906641100537679,0.7906641100537679,0.015001559728337983,0.19433433021789423
54.660000000000004,-3.3200000000000003,Medium,0.5142108630773361,0.23782136953626093,0.24796776738640275,0.5142108630773361
54.660000000000004,-3.3000000000000003,High,0.9021828397966176,0.9021828397966176,0.0031942576970132156,0.09462290250636922
54.660000000000004,-3.2800000000000002,High,0.7178265801210774,0.7178265801210774,0.047271413629123654,0.23490200624979932
54.660000000000004,-3.2600000000000002,High,0.7933075690552315,0.7933075690552315,0.012680430008001464,0.19401200093676704
54.660000000000004,-3.24,Medium,0.5590265977724849,0.16197745654769016,0.2789959456798247,0.5590265977724849
54.660000000000004,-3.22,Medium,0.514708513987301,0.1467033067424673,0.33858817927023205,0.514708513987301
54.660000000000004,-3.2,High,0.5728682244500721,0.5728682244500721,0.05900995965625905,0.36812181589366916
54.660000000000004,-3.18,Medium,0.4667295024892916,0.40904046142684436,0.12423003608386449,0.4667295024892916
54.660000000000004,-2.98,Medium,0.5065872020896827,0.210936547519268,0.2824762503910494,0.5065872020896827
54.660000000000004,-2.94,Low,0.6508135108284853,0.04393011492658316,0.6508135108284853,0.3052563742449315
54.660000000000004,-2.92,Medium,0.5223928047641017,0.17192241045921516,0.305684784776683,0.5223928047641017
54.660000000000004,-2.88,High,0.82691859997674,0.82691859997674,0.010454996338651655,0.16262640368460837
54.660000000000004,-2.86,High,0.7969415029572883,0.7969415029572883,0.01288392241512914,0.19017457462758258
54.660000000000004,-2.84,High,0.492812227579657,0.492812227579657,0.09713038726496212,0.410057385155381
54.660000000000004,-2.82,High,0.8394500925211094,0.8394500925211094,0.009181471143094352,0.151368436335796
54.660000000000004,-2.8000000000000003,Medium,0.539494514144073,0.18614285372086992,0.274362632135057,0.539494514144073
54.660000000000004,-2.7800000000000002,High,0.885642694369795,0.885642694369795,0.00316032178253063,0.11119698384767453
54.660000000000004,-2.7600000000000002,High,0.9287186403629185,0.9287186403629185,0.002995028205045013,0.06828633143203663
54.660000000000004,-2.74,High,0.933942516307481,0.933942516307481,0.002345325717448537,0.06371215797507039
54.660000000000004,-2.72,High,0.4990009681928034,0.4990009681928034,0.0790174738718778,0.4219815579353189
54.660000000000004,-2.7,Medium,0.5291405301700407,0.3014859275980535,0.16937354223190548,0.5291405301700407
54.660000000000004,-2.68,Medium,0.5361097413965485,0.0989589910395158,0.36493126756393535,0.5361097413965485
54.660000000000004,-2.66,High,0.46676789826605025,0.46676789826605025,0.0868411384239811,0.4463909633099684
54.660000000000004,-2.64,Medium,0.5148233416194818,0.34321873087630544,0.14195792750421282,0.5148233416194818
54.660000000000004,-2.62,High,0.6983436214457168,0.6983436214457168,0.031135365386958005,0.27052101316732524
54.660000000000004,-2.6,High,0.4798225327612574,0.4798225327612574,0.07842436644521723,0.4417531007935251
54.660000000000004,-2.58,Medium,0.47559491826045963,0.133024416466413,0.3913806652731274,0.47559491826045963
54.660000000000004,-2.56,Low,0.6485666429941446,0.05597997745126706,0.6485666429941446,0.2954533795545881
54.660000000000004,-2.54,High,0.5559665359531398,0.5559665359531398,0.06790362502403048,0.37612983902283015
54.660000000000004,-2.52,Medium,0.5172994297290007,0.26224802217503196,0.22045254809596712,0.5172994297290007
54.660000000000004,-2.48,Low,0.6329608673072112,0.025280043010908484,0.6329608673072112,0.34175908968188023
54.68,-3.54,Medium,0.49744601906956576,0.4023822292673191,0.10017175166311514,0.49744601906956576
54.68,-3.52,High,0.9761140403361517,0.9761140403361517,0.0006064344011786743,0.02327952526267056
54.68,-3.5,Medium,0.5770324727474533,0.10325173234177402,0.3197157949107728,0.5770324727474533
54.68,-3.48,High,0.8923602007777641,0.8923602007777641,0.006193340549323007,0.10144645867291353
54.68,-3.46,High,0.9262420590266575,0.9262420590266575,0.004418689540633498,0.06933925143270966
54.68,-3.44,High,0.9618830836183099,0.9618830836183099,0.0012046403297360367,0.036912276051954344
54.68,-3.42,High,0.711174895793399,0.711174895793399,0.024127527472321574,0.2646975767342794
54.68,-3.4,High,0.6275350435695431,0.6275350435695431,0.04254104963847963,0.329923906791977
54.68,-3.38,High,0.9126966928126073,0.9126966928126073,0.0034313296679510563,0.08387197751944071
54.68,-3.36,High,0.8535588481547944,0.8535588481547944,0.008345348307332068,0.13809580353787257
54.68,-3.34,Low,0.4812702172612496,0.08069646107536509,0.4812702172612496,0.43803332166338543
54.68,-3.3200000000000003,Low,0.7481569845752952,0.01940170591550683,0.7481569845752952,0.2324413095091983
54.68,-3.3000000000000003,Medium,0.5020797941120161,0.20410760394633207,0.29381260194165126,0.5020797941120161
54.68,-3.2800000000000002,Medium,0.5284197511045393,0.20759739800090873,0.2639828508945522,0.5284197511045393
54.68,-3.2600000000000002,High,0.7991673511988917,0.7991673511988917,0.018269329027145943,0.18256331977396248
54.68,-3.24,High,0.8508253243347009,0.8508253243347009,0.008322034123134644,0.14085264154216448
54.68,-3.22,High,0.5821109088565346,0.5821109088565346,0.05246508877029672,0.36542400237316874
54.68,-3.2,High,0.9400496131546187,0.9400496131546187,0.0022926097221051254,0.05765777712327665
54.68,-3.18,Medium,0.449503381958688,0.10935243116858154,0.4411441868727304,0.449503381958688
54.68,-3.16,Medium,0.4745829337046124,0.43381039562856427,0.09160667066682308,0.4745829337046124
54.68,-3.0,Medium,0.509061585975013,0.1519569017327641,0.33898151229222284,0.509061585975013
54.68,-2.98,Low,0.5982701761191579,0.04388149497177154,0.5982701761191579,0.35784832890907076
54.68,-2.96,Low,0.721607202993145,0.017809199278775802,0.721607202993145,0.26058359772807915
54.68,-2.88,High,0.6594198386733461,0.6594198386733461,0.04090862509496891,0.299671536231685
54.68,-2.86,High,0.6360662296810216,0.6360662296810216,0.04125006008319945,0.3226837102357789
54.68,-2.84,High,0.6706063850402534,0.6706063850402534,0.04295856733879926,0.28643504762094757
54.68,-2.82,Medium,0.47944990468640725,0.4197121713902661,0.10083792392332674,0.47944990468640725
54.68,-2.8000000000000003,Medium,0.5019327678637999,0.3851831385654226,0.11288409357077768,0.5019327678637999
54.68,-2.7800000000000002,Medium,0.550995885169918,0.17233427172184845,0.27666984310823345,0.550995885169918
54.68,-2.7600000000000002,High,0.9333542458391406,0.9333542458391406,0.0026731969195897152,0.06397255724126966
54.68,-2.74,High,0.6085774726786979,0.6085774726786979,0.03890579081180717,0.35251673650949533
54.68,-2.72,High,0.5704857312705068,0.5704857312705068,0.054750128249208094,0.3747641404802856
54.68,-2.7,High,0.7765880781131357,0.7765880781131357,0.013979269395377034,0.209432652491487
54.68,-2.68,Medium,0.4632671596173457,0.44367035827402,0.09306248210863441,0.4632671596173457
54.68,-2.66,Medium,0.5449696687968315,0.15221277701752378,0.3028175541856448,0.5449696687968315
54.68,-2.64,Low,0.6284257059488536,0.03192467512694084,0.6284257059488536,0.3396496189242061
54.68,-2.62,Medium,0.5130664205926913,0.2129816951311809,0.2739518842761275,0.5130664205926913
54.68,-2.6,Medium,0.4772661542561601,0.30729869156568757,0.21543515417815282,0.4772661542561601
54.68,-2.58,Medium,0.48740647834559225,0.05768537331303523,0.4549081483413721,0.48740647834559225
54.68,-2.56,Low,0.7521993776880415,0.01607194692321036,0.7521993776880415,0.2317286753887481
54.68,-2.54,Low,0.658536029111493,0.022263795002501852,0.658536029111493,0.3192001758860052
54.68,-2.46,Low,0.5620619760580444,0.04250015629817926,0.5620619760580444,0.3954378676437764
54.7,-3.52,High,0.8784481643428035,0.8784481643428035,0.016225352902463366,0.1053264827547336
54.7,-3.5,High,0.9635955244873972,0.9635955244873972,0.0005974998232667473,0.03580697568933641
54.7,-3.48,High,0.9705700808972323,0.9705700808972323,0.0005154476936223582,0.028914471409145673
54.7,-3.46,High,0.9657519295417251,0.9657519295417251,0.0008773496790011461,0.03337072077927386
54.7,-3.44,High,0.544807140976893,0.544807140976893,0.05288119260208962,0.4023116664210172
54.7,-3.42,Medium,0.507616416519739,0.3259976104352414,0.1663859730450199,0.507616416519739
54.7,-3.4,High,0.5627761000818214,0.5627761000818214,0.05541849796844527,0.3818054019497339
54.7,-3.38,High,0.8122510407632371,0.8122510407632371,0.01067730311409898,0.17707165612266387
54.7,-3.34,Medium,0.500858387247542,0.1072000823311558,0.3919415304213027,0.500858387247542
54.7,-3.3200000000000003,High,0.823595835411743,0.823595835411743,0.01317305745982794,0.16323110712842903
54.7,-3.3000000000000003,Low,0.8398230703051194,0.017482729274665015,0.8398230703051194,0.14269420042021613
54.7,-3.2800000000000002,Medium,0.5352359123417296,0.23167914939313128,0.23308493826513937,0.5352359123417296
54.7,-3.2600000000000002,Low,0.6140518701239005,0.02644021276323944,0.6140518701239005,0.3595079171128605
54.7,-3.24,Medium,0.5032572276810409,0.3503367887327296,0.1464059835862298,0.5032572276810409
54.7,-3.22,Low,0.5039738511350831,0.04778733261758211,0.5039738511350831,0.4482388162473345
54.7,-3.18,Medium,0.5757659214285409,0.13460508954623635,0.2896289890252228,0.5757659214285409
54.7,-3.16,Low,0.5462164059381479,0.04810839742275201,0.5462164059381479,0.40567519663909996
54.7,-3.0,Medium,0.48964841551813526,0.37275979384717844,0.1375917906346865,0.48964841551813526
54.7,-2.98,Medium,0.5273058822386806,0.3353012720953315,0.13739284566598797,0.5273058822386806
54.7,-2.96,Low,0.5907306348512524,0.03706100029762832,0.5907306348512524,0.3722083648511193
54.7,-2.92,Low,0.5631608906972313,0.048698536730405646,0.5631608906972313,0.38814057257236273
54.7,-2.9,Medium,0.49490534978551254,0.163446965587995,0.3416476846264926,0.49490534978551254
54.7,-2.88,Medium,0.5168959691705405,0.2241261085250969,0.2589779223043627,0.5168959691705405
54.7,-2.84,Medium,0.5281416334754536,0.24770091553088214,0.22415745099366405,0.5281416334754536
54.7,-2.82,Low,0.683141942112259,0.025331647525268983,0.683141942112259,0.29152641036247273
54.7,-2.8000000000000003,High,0.7479727454315427,0.7479727454315427,0.019926789940641024,0.23210046462781642
54.7,-2.7800000000000002,High,0.5348630859462148,0.5348630859462148,0.07494512445104595,0.39019178960273926
54.7,-2.7600000000000002,High,0.8097500032885937,0.8097500032885937,0.016558036855728677,0.1736919598556771
54.7,-2.74,Medium,0.5468432793818613,0.1896071767975187,0.2635495438206203,0.5468432793818613
54.7,-2.72,Medium,0.4842077836638179,0.25569225998190054,0.26009995635428107,0.4842077836638179
54.7,-2.7,Medium,0.5177293195813459,0.18553396378022985,0.2967367166384241,0.5177293195813459
54.7,-2.68,High,0.7629338904589108,0.7629338904589108,0.014671257001462552,0.2223948525396273
54.7,-2.66,High,0.8833245093767935,0.8833245093767935,0.006622425977359236,0.11005306464584716
54.7,-2.64,Medium,0.5571951955590361,0.23188431796026573,0.2109204864806985,0.5571951955590361
54.7,-2.62,Medium,0.5961519853140652,0.11549929993307932,0.2883487147528555,0.5961519853140652
54.7,-2.6,High,0.7871638664306567,0.7871638664306567,0.012312914867453317,0.20052321870188966
54.7,-2.58,High,0.6867834593213479,0.6867834593213479,0.03511136762777577,0.2781051730508766
54.72,-3.5,High,0.9722499283731344,0.9722499283731344,0.00047248234196396873,0.0272775892849022
54.72,-3.48,High,0.967602026788206,0.967602026788206,0.00045489516026582066,0.03194307805152873
54.72,-3.46,High,0.5296046967919199,0.5296046967919199,0.07092836962323998,0.3994669335848404
54.72,-3.44,High,0.9768197120787475,0.9768197120787475,0.0007085550099887963,0.022471732911264194
54.72,-3.42,Medium,0.5336920598236874,0.21380159293620757,0.25250634724010523,0.5336920598236874
54.72,-3.4,Medium,0.550925743256066,0.25024593700781833,0.1988283197361157,0.550925743256066
54.72,-3.38,Medium,0.5118273465070543,0.37453927533899056,0.11363337815395493,0.5118273465070543
54.72,-3.34,Low,0.5480827349343824,0.05398171260549059,0.5480827349343824,0.3979355524601268
54.72,-3.3200000000000003,Low,0.5267840725930365,0.04436630534077315,0.5267840725930365,0.4288496220661902
54.72,-3.3000000000000003,Low,0.5100588162035562,0.06171904234601345,0.5100588162035562,0.42822214145043014
54.72,-3.2800000000000002,Low,0.5720203876479639,0.04628413284564716,0.5720203876479639,0.38169547950638893
54.72,-3.2600000000000002,Low,0.6862889755602748,0.02313246416093252,0.6862889755602748,0.2905785602787932
54.72,-3.18,Medium,0.5501290674504812,0.20027873297716933,0.2495921995723496,0.5501290674504812
54.72,-3.16,Medium,0.5158222228830421,0.3356412295402395,0.148536547576718,0.5158222228830421
54.72,-3.14,Medium,0.4968147909673295,0.08283041124346312,0.4203547977892073,0.4968147909673295
54.72,-3.12,Low,0.5692453125054836,0.040907435038389964,0.5692453125054836,0.38984725245612717
54.72,-3.1,Medium,0.48985360277797413,0.10712988046234856,0.4030165167596773,0.48985360277797413
54.72,-3.08,Medium,0.5381473202470276,0.19210302453081188,0.2697496552221608,0.5381473202470276
54.72,-3.06,Medium,0.4847036125061359,0.05496928783861515,0.4603270996552488,0.4847036125061359
54.72,-3.04,Medium,0.5510387710313094,0.1388787547031286,0.3100824742655622,0.5510387710313094
54.72,-3.02,Medium,0.47698679732737664,0.2546412648602454,0.26837193781237795,0.47698679732737664
54.72,-3.0,Medium,0.4837952078949306,0.4042760313115628,0.11192876079350678,0.4837952078949306
54.72,-2.98,Medium,0.5158555800933069,0.24205394324487478,0.24209047666181788,0.5158555800933069
54.72,-2.96,Medium,0.58061989416215,0.12845525902118557,0.29092484681666475,0.58061989416215
54.72,-2.94,Medium,0.5104179715464661,0.19188613466268736,0.2976958937908466,0.5104179715464661
54.72,-2.92,Medium,0.5337828760539117,0.18473063777464882,0.28148648617143956,0.5337828760539117
54.72,-2.9,Medium,0.5347228702534431,0.2958337128571156,0.1694434168894414,0.5347228702534431
54.72,-2.88,High,0.8588149714441526,0.8588149714441526,0.006829074422209044,0.13435595413363777
54.72,-2.86,Medium,0.4907605581612956,0.271079583542312,0.23815985829639214,0.4907605581612956
54.72,-2.84,High,0.5597177247305383,0.5597177247305383,0.06726393056619547,0.37301834470326634
54.72,-2.82,Medium,0.5016399502037932,0.10419254030241921,0.3941675094937878,0.5016399502037932
54.72,-2.8000000000000003,Medium,0.4690978433357087,0.45032705371837745,0.08057510294591369,0.4690978433357087
54.72,-2.7800000000000002,High,0.8007860922955489,0.8007860922955489,0.010443695412616048,0.18877021229183477
54.72,-2.7600000000000002,Medium,0.5217517464235675,0.17730400203403873,0.3009442515423938,0.5217517464235675
54.72,-2.72,Medium,0.46738333310709995,0.06989907413308165,0.46271759275981844,0.46738333310709995
54.72,-2.7,High,0.876286801635952,0.876286801635952,0.006760677246982652,0.11695252111706493
54.72,-2.68,High,0.7142716380651959,0.7142716380651959,0.009853470582408905,0.2758748913523956
54.72,-2.66,High,0.5205473233748417,0.5205473233748417,0.06330162984314774,0.416151046782011
54.72,-2.64,Medium,0.5615015045813465,0.1276720369099522,0.31082645850870116,0.5615015045813465
54.72,-2.62,Low,0.6275955851967581,0.030277741769092162,0.6275955851967581,0.34212667303415023
54.72,-2.6,High,0.623424808397504,0.623424808397504,0.04358332842526304,0.3329918631772326
54.72,-2.56,Low,0.7314752015657368,0.01513916296326278,0.7314752015657368,0.2533856354710002
54.74,-3.48,Low,0.5578047937312085,0.059991333261426416,0.5578047937312085,0.38220387300736497
54.74,-3.44,High,0.9596476773377067,0.9596476773377067,0.0013574521308569296,0.038994870531436035
54.74,-3.42,High,0.8007490224437184,0.8007490224437184,0.01757112852327211,0.1816798490330095
54.74,-3.4,High,0.4770841090324117,0.4770841090324117,0.07107773971483874,0.4518381512527496
54.74,-3.38,High,0.7167427482674986,0.7167427482674986,0.021923287058676556,0.2613339646738248
54.74,-3.36,Medium,0.4983063195810297,0.15424703041197482,0.3474466500069957,0.4983063195810297
54.74,-3.34,High,0.7289901146827812,0.7289901146827812,0.019745347334369202,0.2512645379828495
54.74,-3.3200000000000003,High,0.9386121770139859,0.9386121770139859,0.0019368730145595714,0.059450949971454135
54.74,-3.3000000000000003,Low,0.8205440287389162,0.006021559473111986,0.8205440287389162,0.1734344117879715
54.74,-3.2800000000000002,High,0.7678488799115577,0.7678488799115577,0.020201054155386432,0.21195006593305546
54.74,-3.2600000000000002,Medium,0.536178972569999,0.19483122843280604,0.2689897989971951,0.536178972569999
54.74,-3.24,High,0.7846904988636111,0.7846904988636111,0.017596663424542316,0.19771283771184703
54.74,-3.22,Low,0.5305502658449466,0.05178258823951129,0.5305502658449466,0.41766714591554205
54.74,-3.2,Medium,0.5035289647551838,0.13102270155414245,0.365448333690674,0.5035289647551838
54.74,-3.18,High,0.8061886561145095,0.8061886561145095,0.01649306072902519,0.1773182831564654
54.74,-3.16,Medium,0.5593974829276577,0.23653422883874944,0.20406828823359324,0.5593974829276577
54.74,-3.14,Low,0.7232072420002714,0.018477851954143133,0.7232072420002714,0.2583149060455857
54.74,-3.12,Low,0.5221236847825922,0.05816620896619242,0.5221236847825922,0.4197101062512151
54.74,-3.1,Medium,0.4798297739192446,0.13730192463511834,0.3828683014456373,0.4798297739192446
54.74,-3.08,High,0.5647326241641712,0.5647326241641712,0.06005173539957782,0.3752156404362511
54.74,-3.06,High,0.6936638584115298,0.6936638584115298,0.034001889253869606,0.27233425233460046
54.74,-3.04,Low,0.5983576540245472,0.05781539058788761,0.5983576540245472,0.34382695538756564
54.74,-3.02,Medium,0.46989258838451564,0.37804136763308643,0.15206604398239804,0.46989258838451564
54.74,-3.0,Medium,0.47884407832460746,0.4006101186175301,0.12054580305786217,0.47884407832460746
54.74,-2.98,High,0.8199807527863548,0.8199807527863548,0.009567549543999269,0.17045169766964569
54.74,-2.96,Medium,0.4515665417804663,0.14352784841471794,0.40490560980481566,0.4515665417804663
54.74,-2.94,Medium,0.518636398949931,0.29164851038465356,0.18971509066541525,0.518636398949931
54.74,-2.92,Medium,0.508239776494864,0.19363249227950532,0.298127731225631,0.508239776494864
54.74,-2.9,Low,0.48409948538359193,0.056826328174010114,0.48409948538359193,0.45907418644239795
54.74,-2.88,Low,0.5214275956635211,0.04419877390958406,0.5214275956635211,0.43437363042689464
54.74,-2.86,Medium,0.48217850950302493,0.3761803732329458,0.1416411172640292,0.48217850950302493
54.74,-2.84,High,0.8959752520824226,0.8959752520824226,0.0019580240231517423,0.10206672389442524
54.74,-2.82,High,0.7920010347955678,0.7920010347955678,0.011679955125214126,0.1963190100792173
54.74,-2.8000000000000003,Low,0.531950998628966,0.07306089759329894,0.531950998628966,0.39498810377773524
54.74,-2.72,High,0.6378433156259099,0.6378433156259099,0.045279519033138135,0.3168771653409518
54.74,-2.7,High,0.5402380838423803,0.5402380838423803,0.06355256762789249,0.39620934852972733
54.74,-2.68,High,0.90615979275089,0.90615979275089,0.0005462304896612253,0.093293976759449
54.74,-2.66,High,0.6774231262780837,0.6774231262780837,0.02554115223987016,0.29703572148204627
54.74,-2.62,Medium,0.49860021138313926,0.15059950521131715,0.35080028340554364,0.49860021138313926
54.74,-2.6,High,0.712825386617148,0.712825386617148,0.034903946034101345,0.25227066734875053
54.74,-2.38,Low,0.5386134730042487,0.05917670109051441,0.5386134730042487,0.4022098259052367
54.76,-3.42,High,0.7820376311033519,0.7820376311033519,0.01516879886091174,0.20279357003573564
54.76,-3.4,High,0.47447281507348044,0.47447281507348044,0.08486893118650164,0.4406582537400183
54.76,-3.38,High,0.9408819684589802,0.9408819684589802,0.0022831900508303075,0.05683484149018929
54.76,-3.36,Medium,0.5288514142957517,0.31594616361936945,0.15520242208487886,0.5288514142957517
54.76,-3.34,High,0.9683947192697303,0.9683947192697303,0.0005307520182800175,0.031074528711990235
54.76,-3.3200000000000003,High,0.960938154717045,0.960938154717045,0.0019883549202541627,0.03707349036270093
54.76,-3.3000000000000003,High,0.8415795509451044,0.8415795509451044,0.0089901009362767,0.14943034811861866
54.76,-3.2800000000000002,High,0.747483234934283,0.747483234934283,0.03665996785109043,0.21585679721462664
54.76,-3.2600000000000002,Medium,0.4724499359617172,0.4111870664747335,0.11636299756354943,0.4724499359617172
54.76,-3.24,High,0.6262660733281581,0.6262660733281581,0.04290194688603882,0.33083197978580314
54.76,-3.22,High,0.5268696944522384,0.5268696944522384,0.0589924474167364,0.41413785813102516
54.76,-3.2,Medium,0.541811755400047,0.2657614718892583,0.19242677271069475,0.541811755400047
54.76,-3.18,Medium,0.47295387039198106,0.4145521115242432,0.11249401808377557,0.47295387039198106
54.76,-3.16,Medium,0.5527605606507633,0.22909804123827443,0.21814139811096286,0.5527605606507633
54.76,-3.14,Medium,0.5037614413960503,0.175873431057748,0.32036512754620206,0.5037614413960503
54.76,-3.12,Low,0.715183843269281,0.015827675504528713,0.715183843269281,0.26898848122619
54.76,-3.08,Medium,0.6128956119530796,0.0891962901426756,0.2979080979042448,0.6128956119530796
54.76,-3.06,High,0.4819562320977632,0.4819562320977632,0.09998919638892606,0.4180545715133106
54.76,-3.04,Low,0.5089657812112569,0.024386747311056122,0.5089657812112569,0.46664747147768687
54.76,-3.02,Medium,0.5048771226574438,0.10966595145840731,0.38545692588414887,0.5048771226574438
54.76,-3.0,High,0.804150039418052,0.804150039418052,0.010406221264779927,0.18544373931716862
54.76,-2.98,High,0.5093933231151135,0.5093933231151135,0.07643819740505674,0.4141684794798299
54.76,-2.94,Medium,0.46610869174039316,0.43188534466105166,0.10200596359855492,0.46610869174039316
54.76,-2.92,Medium,0.5188982413122264,0.17564025166919042,0.30546150701858304,0.5188982413122264
54.76,-2.9,Medium,0.48532984470214346,0.07088924531502709,0.44378090998282976,0.48532984470214346
54.76,-2.88,Medium,0.5630022932362535,0.23238271188047985,0.20461499488326684,0.5630022932362535
54.76,-2.86,Medium,0.5219051600961453,0.17117986040681252,0.30691497949704205,0.5219051600961453
54.76,-2.84,High,0.6683775113276247,0.6683775113276247,0.04539095845721422,0.286231530215161
54.76,-2.82,High,0.7538963419834639,0.7538963419834639,0.015177499602440915,0.23092615841409553
54.76,-2.8000000000000003,Medium,0.5452034767612645,0.25508960732597624,0.19970691591275946,0.5452034767612645
54.76,-2.7800000000000002,Low,0.5522377075127176,0.04388850249781961,0.5522377075127176,0.40387378998946216
54.76,-2.7600000000000002,Low,0.6951821315472475,0.016362682230117803,0.6951821315472475,0.2884551862226344
54.76,-2.74,Medium,0.5156624613266159,0.08499300223063487,0.39934453644274925,0.5156624613266159
54.76,-2.72,High,0.6553537306532199,0.6553537306532199,0.02868882986028276,0.31595743948649757
54.76,-2.7,High,0.9436772994229039,0.9436772994229039,0.002271245954160718,0.05405145462293579
54.76,-2.68,Medium,0.5173894963440904,0.10893079193552462,0.3736797117203854,0.5173894963440904
54.76,-2.66,Medium,0.49547345432069095,0.30372362261842567,0.20080292306088343,0.49547345432069095
54.76,-2.6,Medium,0.5124255924299055,0.09817445437360518,0.38939995319648907,0.5124255924299055
54.76,-2.58,Low,0.4927170237844254,0.10046651850265181,0.4927170237844254,0.4068164577129228
54.76,-2.56,Low,0.5842101471713071,0.048554476451801054,0.5842101471713071,0.36723537637689196
54.76,-2.4,High,0.6493954321825532,0.6493954321825532,0.040597575388505176,0.3100069924289417
54.76,-2.38,Medium,0.5216357927329416,0.19864191466839767,0.2797222925986609,0.5216357927329416
54.76,-2.36,Low,0.7092509948714617,0.016845350797097817,0.7092509948714617,0.273903654331441
54.78,-3.42,High,0.9071572135308841,0.9071572135308841,0.003693921933105806,0.08914886453600951
54.78,-3.4,Low,0.5728689990710049,0.07715416257518391,0.5728689990710049,0.3499768383538109
54.78,-3.38,Medium,0.5720220175313867,0.09893733599906168,0.3290406464695516,0.5720220175313867
54.78,-3.36,Medium,0.46427271292603217,0.44872286405718176,0.08700442301678567,0.46427271292603217
54.78,-3.34,High,0.9014443243500105,0.9014443243500105,0.0018988002767982444,0.09665687537319081
54.78,-3.3200000000000003,Medium,0.4551185851005365,0.436687825001624,0.10819358989783938,0.4551185851005365
54.78,-3.3000000000000003,Medium,0.5059797642512076,0.2862832871713272,0.20773694857746516,0.5059797642512076
54.78,-3.2800000000000002,Low,0.5047230756923612,0.06257580404298459,0.5047230756923612,0.43270112026465396
54.78,-3.2600000000000002,Medium,0.5189008383556616,0.373465974502443,0.107633187141896,0.5189008383556616
54.78,-3.24,High,0.860639969420572,0.860639969420572,0.006511895779327743,0.1328481348001008
54.78,-3.22,Medium,0.5028204932390927,0.315024463851965,0.18215504290894224,0.5028204932390927
54.78,-3.2,Medium,0.47091281553930414,0.40378154227007146,0.12530564219062473,0.47091281553930414
54.78,-3.18,High,0.7691230597993637,0.7691230597993637,0.0188391919302706,0.21203774827036592
54.78,-3.16,Medium,0.47574493576918064,0.39305110485037914,0.13120395938044008,0.47574493576918064
54.78,-3.14,Low,0.5502997245946046,0.04698333222782906,0.5502997245946046,0.40271694317756646
54.78,-3.12,Low,0.5195169615742502,0.0548945347862528,0.5195169615742502,0.4255885036394968
54.78,-3.1,Medium,0.5226982346254856,0.2600968467589724,0.21720491861554225,0.5226982346254856
54.78,-3.08,Medium,0.481345556909991,0.09692221407869082,0.42173222901131835,0.481345556909991
54.78,-3.04,Low,0.7318750687055755,0.01637000581628276,0.7318750687055755,0.25175492547814177
54.78,-3.02,High,0.5421765320515106,0.5421765320515106,0.09618698025736983,0.36163648769111956
54.78,-3.0,High,0.9280760358297654,0.9280760358297654,0.002347638729000234,0.0695763254412338
54.78,-2.98,Medium,0.5086145297747726,0.2526495268250868,0.23873594340014073,0.5086145297747726
54.78,-2.96,Medium,0.48620624628540193,0.39764256890947025,0.11615118480512822,0.48620624628540193
54.78,-2.94,High,0.666515229530173,0.666515229530173,0.02677146949808208,0.30671330097174454
54.78,-2.92,Medium,0.42941293504164163,0.22609378258716142,0.3444932823711968,0.42941293504164163
54.78,-2.9,High,0.803093638722491,0.803093638722491,0.015349274496774885,0.18155708678073448
54.78,-2.88,Medium,0.5595049228543907,0.1821389866076274,0.25835609053798164,0.5595049228543907
54.78,-2.86,Medium,0.5424644988927497,0.19340374529818508,0.2641317558090655,0.5424644988927497
54.78,-2.84,Medium,0.47997180408815004,0.3897181728483309,0.13031002306351896,0.47997180408815004
54.78,-2.82,High,0.7159307375833888,0.7159307375833888,0.022125639912219143,0.26194362250439235
54.78,-2.8000000000000003,Low,0.5651287037135478,0.03769883418115536,0.5651287037135478,0.3971724621052965
54.78,-2.7600000000000002,Low,0.8159734019186976,0.00610614044225382,0.8159734019186976,0.17792045763904837
54.78,-2.72,Medium,0.5026784023402234,0.30081472479421995,0.1965068728655568,0.5026784023402234
54.78,-2.7,Medium,0.45767438562971363,0.36242953816528967,0.17989607620499662,0.45767438562971363
54.78,-2.68,Medium,0.4871854163733576,0.3928091950522461,0.1200053885743963,0.4871854163733576
54.78,-2.66,Low,0.5857008461613645,0.040357474875748214,0.5857008461613645,0.3739416789628875
54.78,-2.64,Medium,0.4917449299687944,0.21029275305611925,0.29796231697508624,0.4917449299687944
54.78,-2.62,High,0.5005138990366944,0.5005138990366944,0.11229558169152126,0.3871905192717847
54.78,-2.6,Low,0.6981267181516086,0.017855312009311418,0.6981267181516086,0.28401796983907973
54.78,-2.48,Low,0.7224612021751712,0.017573831897255466,0.7224612021751712,0.25996496592757357
54.78,-2.46,Medium,0.4702067341416731,0.3988622391387466,0.1309310267195805,0.4702067341416731
54.78,-2.44,Medium,0.5115431249572063,0.098385506605371,0.39007136843742224,0.5115431249572063
54.78,-2.42,Medium,0.5017628818562534,0.3388354742259542,0.1594016439177921,0.5017628818562534
54.78,-2.4,Medium,0.5015108262277469,0.2999595456190104,0.19852962815324282,0.5015108262277469
54.78,-2.36,Low,0.6894799782373352,0.023672667115613936,0.6894799782373352,0.28684735464705097
54.78,-2.34,High,0.5386504735721727,0.5386504735721727,0.07030773480818085,0.3910417916196466
54.800000000000004,-3.44,Medium,0.4680804260698179,0.07927100192541998,0.45264857200476194,0.4680804260698179
54.800000000000004,-3.42,High,0.8283997867554249,0.8283997867554249,0.008909503542628028,0.1626907097019468
54.800000000000004,-3.4,High,0.5150493217023805,0.5150493217023805,0.08222403392459926,0.40272664437301975
54.800000000000004,-3.38,Low,0.4773404169804666,0.06034478654302654,0.4773404169804666,0.46231479647650703
54.800000000000004,-3.36,Medium,0.5011697832879095,0.31958158313251794,0.17924863357957277,0.5011697832879095
54.800000000000004,-3.34,Medium,0.5063470852643918,0.12726739563843467,0.3663855190971737,0.5063470852643918
54.800000000000004,-3.3200000000000003,Medium,0.5700296446852718,0.27812680608857443,0.15184354922615412,0.5700296446852718
54.800000000000004,-3.3000000000000003,High,0.6265421339189081,0.6265421339189081,0.039505863459892786,0.333952002621199
54.800000000000004,-3.2800000000000002,High,0.4368725046453037,0.4368725046453037,0.13446643009130965,0.4286610652633867
54.800000000000004,-3.2600000000000002,High,0.657631967982325,0.657631967982325,0.03628364902580962,0.3060843829918652
54.800000000000004,-3.24,Medium,0.4500076621798739,0.14893454933473793,0.40105778848538853,0.4500076621798739
54.800000000000004,-3.22,High,0.6686539205636609,0.6686539205636609,0.03138038572068375,0.29996569371565523
54.800000000000004,-3.2,Medium,0.557800511274056,0.23294682479758652,0.2092526639283576,0.557800511274056
54.800000000000004,-3.18,High,0.7949652486265596,0.7949652486265596,0.010470004420248043,0.19456474695319248
54.800000000000004,-3.16,Medium,0.4305429195721413,0.3792580720416004,0.1901990083862583,0.4305429195721413
54.800000000000004,-3.14,High,0.6185585313378594,0.6185585313378594,0.055686053848418744,0.32575541481372206
54.800000000000004,-3.12,Low,0.6550343530471406,0.011927464484015791,0.6550343530471406,0.3330381824688437
54.800000000000004,-3.1,Medium,0.5389535338599653,0.2116628690358875,0.24938359710414726,0.5389535338599653
54.800000000000004,-3.08,Medium,0.5324298196221614,0.09415750497398173,0.37341267540385686,0.5324298196221614
54.800000000000004,-3.06,High,0.6406657790690328,0.6406657790690328,0.03767782523483612,0.32165639569613125
54.800000000000004,-3.04,Medium,0.4999708335246401,0.06533350853894224,0.43469565793641757,0.4999708335246401
54.800000000000004,-3.02,Medium,0.5220336072197526,0.08301722201542587,0.39494917076482117,0.5220336072197526
54.800000000000004,-3.0,High,0.7279540409452795,0.7279540409452795,0.02394841978685587,0.2480975392678645
54.800000000000004,-2.98,Medium,0.5125715821012555,0.23507297977114872,0.25235543812759564,0.5125715821012555
54.800000000000004,-2.96,High,0.9027494378993128,0.9027494378993128,0.0038654007472914797,0.09338516135339495
54.800000000000004,-2.94,Medium,0.5262065079247492,0.12973614887058546,0.3440573432046654,0.5262065079247492
54.800000000000004,-2.92,Medium,0.5073886902429471,0.1817927083695407,0.31081860138751216,0.5073886902429471
54.800000000000004,-2.9,Medium,0.5130388894333764,0.24088940261418645,0.2460717079524372,0.5130388894333764
54.800000000000004,-2.88,Medium,0.549965959989821,0.14052333852295865,0.30951070148722,0.549965959989821
54.800000000000004,-2.86,High,0.7049536616803341,0.7049536616803341,0.03715936441555141,0.2578869739041143
54.800000000000004,-2.84,High,0.8764704241590683,0.8764704241590683,0.007403647467279874,0.11612592837365197
54.800000000000004,-2.82,High,0.7642185606226956,0.7642185606226956,0.023994084353853452,0.21178735502345095
54.800000000000004,-2.8000000000000003,Medium,0.4958575478518166,0.19097184903948566,0.3131706031086978,0.4958575478518166
54.800000000000004,-2.7800000000000002,Medium,0.4872489107348988,0.38973972784473715,0.12301136142036397,0.4872489107348988
54.800000000000004,-2.7600000000000002,High,0.6814195311672085,0.6814195311672085,0.026736041457894474,0.2918444273748972
54.800000000000004,-2.74,Medium,0.4902726559354999,0.26928712678845995,0.2404402172760401,0.4902726559354999
54.800000000000004,-2.72,High,0.4918109297458036,0.4918109297458036,0.08184903523178931,0.4263400350224071
54.800000000000004,-2.7,Low,0.6640660979497262,0.02236506904329673,0.6640660979497262,0.31356883300697785
54.800000000000004,-2.68,Medium,0.4815548254547137,0.06749238440664737,0.4509527901386388,0.4815548254547137
54.800000000000004,-2.66,Low,0.6711899531544846,0.022872697909868043,0.6711899531544846,0.3059373489356478
54.800000000000004,-2.64,Medium,0.4613860317608072,0.09063462403099828,0.447979344208195,0.4613860317608072
54.800000000000004,-2.46,High,0.605182306593477,0.605182306593477,0.05610571257324376,0.33871198083327925
54.800000000000004,-2.44,High,0.6899438937388236,0.6899438937388236,0.022430921225253083,0.2876251850359232
54.800000000000004,-2.42,Medium,0.491473834545743,0.17220668747352666,0.33631947798073036,0.491473834545743
54.800000000000004,-2.4,Low,0.6765456400440816,0.023733468087914794,0.6765456400440816,0.2997208918680037
54.800000000000004,-2.38,High,0.6683763608555084,0.6683763608555084,0.030874003254992562,0.30074963588949866
54.800000000000004,-2.36,Medium,0.45540013263898194,0.26515522164537425,0.2794446457156437,0.45540013263898194
54.800000000000004,-2.34,Medium,0.49221780150584266,0.3648980929451098,0.1428841055490472,0.49221780150584266
54.82,-3.42,Medium,0.5204982112574301,0.16791217554000515,0.311589613202565,0.5204982112574301
54.82,-3.4,Medium,0.5288509649522208,0.1279087290074806,0.3432403060402991,0.5288509649522208
54.82,-3.38,Medium,0.4762236873308957,0.048492613790048954,0.47528369887905514,0.4762236873308957
54.82,-3.36,Medium,0.549226689479712,0.1759109692465964,0.2748623412736917,0.549226689479712
54.82,-3.34,High,0.6526734760329114,0.6526734760329114,0.04033582853613134,0.30699069543095747
54.82,-3.3200000000000003,Low,0.5280887086274313,0.05639433389019957,0.5280887086274313,0.41551695748236933
54.82,-3.3000000000000003,Low,0.6248334363506265,0.035466696916887794,0.6248334363506265,0.33969986673248576
54.82,-3.2800000000000002,High,0.5686679596288462,0.5686679596288462,0.061033753936661904,0.3702982864344919
54.82,-3.2600000000000002,Medium,0.4985986270457056,0.24118972007636244,0.26021165287793196,0.4985986270457056
54.82,-3.24,High,0.7527841856174335,0.7527841856174335,0.03084138729173394,0.2163744270908326
54.82,-3.22,High,0.6620705471485822,0.6620705471485822,0.03327417783273552,0.30465527501868245
54.82,-3.2,High,0.6970755222173026,0.6970755222173026,0.03281135665960499,0.270113121123093
54.82,-3.18,High,0.9615754041497986,0.9615754041497986,0.0004910944341866625,0.03793350141601484
54.82,-3.16,High,0.961184575451011,0.961184575451011,0.0010564652313224405,0.03775895931766728
54.82,-3.14,Medium,0.5697739345498918,0.2458122164247838,0.18441384902532432,0.5697739345498918
54.82,-3.12,Medium,0.49938046336460684,0.21834223588422333,0.28227730075116997,0.49938046336460684
54.82,-3.1,High,0.4852818074478769,0.4852818074478769,0.08905972965135867,0.42565846290076487
54.82,-3.06,High,0.5094422562884608,0.5094422562884608,0.05975785658568035,0.43079988712585854
54.82,-3.04,Medium,0.4550870802585773,0.43183715901169767,0.11307576072972526,0.4550870802585773
54.82,-3.02,High,0.5018696290094801,0.5018696290094801,0.08180888072851067,0.41632149026200893
54.82,-3.0,High,0.8920284096318953,0.8920284096318953,0.0038761311787116498,0.10409545918939342
54.82,-2.98,High,0.5293571810051934,0.5293571810051934,0.06050442525288068,0.41013839374192607
54.82,-2.96,Medium,0.5017272277655506,0.2832344374433832,0.21503833479106643,0.5017272277655506
54.82,-2.94,High,0.599669249763003,0.599669249763003,0.05034824184423197,0.34998250839276535
54.82,-2.9,Low,0.5040551622353702,0.050104063268724304,0.5040551622353702,0.4458407744959054
54.82,-2.88,High,0.6537535191053339,0.6537535191053339,0.03968977879098235,0.306556702103684
54.82,-2.86,Medium,0.5049659474225647,0.3445040005108782,0.15053005206655715,0.5049659474225647
54.82,-2.84,Medium,0.5959807519531267,0.10371947864875532,0.3002997693981183,0.5959807519531267
54.82,-2.82,Low,0.6658339888544046,0.025077397840031865,0.6658339888544046,0.3090886133055636
54.82,-2.8000000000000003,Low,0.529350899932126,0.03561172073297617,0.529350899932126,0.4350373793348977
54.82,-2.7800000000000002,Low,0.5994564815118896,0.03879761860587636,0.5994564815118896,0.36174589988223377
54.82,-2.7600000000000002,Medium,0.5757195669988557,0.19144923825629767,0.23283119474484654,0.5757195669988557
54.82,-2.74,Medium,0.4497997131585871,0.42964735678327703,0.12055293005813564,0.4497997131585871
54.82,-2.72,Low,0.5530937521972077,0.051415398382956855,0.5530937521972077,0.3954908494198357
54.82,-2.7,Low,0.5187246332623345,0.06141345860798651,0.5187246332623345,0.41986190812967883
54.82,-2.68,Medium,0.5180773005263919,0.28345372370649907,0.1984689757671089,0.5180773005263919
54.82,-2.66,Medium,0.5101245877650673,0.35534050595117833,0.13453490628375486,0.5101245877650673
54.82,-2.46,Medium,0.45792061395668526,0.39365794961527867,0.14842143642803607,0.45792061395668526
54.82,-2.44,High,0.9313648745748404,0.9313648745748404,0.0022946309818004866,0.06634049444335835
54.82,-2.42,High,0.5194831960649477,0.5194831960649477,0.07350858885261906,0.40700821508243323
54.82,-2.4,Medium,0.5062144888114887,0.2507000072753287,0.24308550391318268,0.5062144888114887
54.82,-2.38,Low,0.7778936262236448,0.02003331861037683,0.7778936262236448,0.20207305516597818
54.84,-3.42,Medium,0.4680073383030634,0.40270527123511873,0.12928739046181786,0.4680073383030634
54.84,-3.4,Medium,0.5239568256622552,0.24097991032387991,0.235063264013865,0.5239568256622552
54.84,-3.38,Medium,0.48314428355309647,0.3124549209233665,0.20440079552353674,0.48314428355309647
54.84,-3.36,High,0.6336673600783134,0.6336673600783134,0.04816541819379622,0.31816722172789075
54.84,-3.34,Medium,0.48709483716563284,0.13308585070402854,0.37981931213033926,0.48709483716563284
54.84,-3.3200000000000003,Medium,0.49610665456129477,0.384136979108165,0.11975636633054021,0.49610665456129477
54.84,-3.3000000000000003,High,0.6915108098636664,0.6915108098636664,0.032932311440288256,0.2755568786960451
54.84,-3.2800000000000002,High,0.8534319056788862,0.8534319056788862,0.008427592402102028,0.1381405019190116
54.84,-3.2600000000000002,Medium,0.4972631353795399,0.1995994027678791,0.30313746185258106,0.4972631353795399
54.84,-3.24,Medium,0.4777055766920511,0.3975620081829871,0.12473241512496214,0.4777055766920511
54.84,-3.22,High,0.6346357063392933,0.6346357063392933,0.057851778216463166,0.30751251544424346
54.84,-3.18,High,0.8340533358541142,0.8340533358541142,0.01272170401062092,0.15322496013526485
54.84,-3.16,High,0.9057987492279936,0.9057987492279936,0.0005060061551854493,0.09369524461682063
54.84,-3.14,Medium,0.47493769099036326,0.33885498372532546,0.18620732528431116,0.47493769099036326
54.84,-3.12,High,0.5486897721987054,0.5486897721987054,0.06872091330962601,0.38258931449166844
54.84,-3.1,Medium,0.4730664009032089,0.4219711718664151,0.10496242723037601,0.4730664009032089
54.84,-3.08,High,0.8854756562474716,0.8854756562474716,0.006497922442055524,0.10802642131047317
54.84,-3.06,High,0.935989649232354,0.935989649232354,0.0035767917613989887,0.06043355900624725
54.84,-3.04,High,0.7393373280876129,0.7393373280876129,0.01546689410620893,0.2451957778061783
54.84,-3.02,Medium,0.5027548819439515,0.2930170941750733,0.20422802388097552,0.5027548819439515
54.84,-3.0,High,0.8952442238025978,0.8952442238025978,0.0038805384514892277,0.10087523774591274
54.84,-2.98,High,0.9608696513435866,0.9608696513435866,0.0021690663043907447,0.036961282352023096
54.84,-2.96,High,0.5244649302432175,0.5244649302432175,0.07141389041749342,0.4041211793392891
54.84,-2.94,High,0.7465978642401516,0.7465978642401516,0.019802590298577477,0.2335995454612707
54.84,-2.92,High,0.4962130212182838,0.4962130212182838,0.07681092462842712,0.4269760541532889
54.84,-2.9,Medium,0.5593164691015741,0.13552084092711475,0.3051626899713108,0.5593164691015741
54.84,-2.88,High,0.6260849058712037,0.6260849058712037,0.04719183512071798,0.3267232590080786
54.84,-2.86,High,0.48847862547429777,0.48847862547429777,0.08608710537266175,0.42543426915304056
54.84,-2.84,High,0.4510101850304285,0.4510101850304285,0.09917236395342557,0.44981745101614584
54.84,-2.82,High,0.8451839491348022,0.8451839491348022,0.008991676717047946,0.1458243741481496
54.84,-2.8000000000000003,Medium,0.5008082557518674,0.10717198867285262,0.3920197555752793,0.5008082557518674
54.84,-2.7800000000000002,Medium,0.5254732049732204,0.21356164592543028,0.2609651491013491,0.5254732049732204
54.84,-2.7600000000000002,High,0.7391397240329929,0.7391397240329929,0.022016305676697007,0.2388439702903095
54.84,-2.74,Medium,0.5173521444149696,0.17791377543804363,0.3047340801469865,0.5173521444149696
54.84,-2.7,High,0.4346021992853556,0.4346021992853556,0.15452247604993263,0.41087532466471205
54.84,-2.68,Medium,0.5221815456693484,0.22934311362047358,0.2484753407101782,0.5221815456693484
54.84,-2.42,Medium,0.47909779838819966,0.3167057656368446,0.20419643597495565,0.47909779838819966
54.86,-3.4,High,0.6307050385318889,0.6307050385318889,0.042181613286256255,0.3271133481818547
54.86,-3.38,High,0.9213394756392552,0.9213394756392552,0.0004554348849886589,0.07820508947575658
54.86,-3.36,High,0.7901457247556561,0.7901457247556561,0.012871688279195676,0.1969825869651477
54.86,-3.34,Medium,0.521490875421862,0.3237570112116105,0.15475211336652786,0.521490875421862
54.86,-3.3200000000000003,High,0.4999898679577135,0.4999898679577135,0.11055119813910612,0.3894589339031804
54.86,-3.3000000000000003,Medium,0.47889397617597046,0.19017898981462547,0.330927034009404,0.47889397617597046
54.86,-3.2800000000000002,Low,0.6391132085189494,0.03195147474051609,0.6391132085189494,0.32893531674053433
54.86,-3.2600000000000002,Medium,0.4847653194576608,0.38724346366253604,0.12799121687980322,0.4847653194576608
54.86,-3.2,Medium,0.559911053277679,0.10898983565317982,0.3310991110691407,0.559911053277679
54.86,-3.18,High,0.675270948219503,0.675270948219503,0.025447856579233527,0.2992811952012638
54.86,-3.16,High,0.804190118073489,0.804190118073489,0.012983172122169062,0.18282670980434135
54.86,-3.14,Medium,0.5105423038521271,0.31026610395208126,0.17919159219579187,0.5105423038521271
54.86,-3.12,Medium,0.5624273311726654,0.249584144923366,0.18798852390396878,0.5624273311726654
54.86,-3.1,High,0.4782366854387295,0.4782366854387295,0.10569130120774005,0.4160720133535307
54.86,-3.08,Medium,0.5181048715572737,0.3291418371623403,0.15275329128038645,0.5181048715572737
54.86,-3.06,Medium,0.4981401726971566,0.3614960239036322,0.14036380339921073,0.4981401726971566
54.86,-3.04,High,0.6781432084365231,0.6781432084365231,0.02912313970900081,0.29273365185447636
54.86,-3.02,High,0.6626900288522687,0.6626900288522687,0.038673433211415975,0.2986365379363156
54.86,-3.0,High,0.634258418286784,0.634258418286784,0.04480765719333909,0.32093392451987734
54.86,-2.98,High,0.8915174099714701,0.8915174099714701,0.005078789813613454,0.10340380021491612
54.86,-2.96,High,0.7142157651619223,0.7142157651619223,0.018675911080279,0.2671083237577988
54.86,-2.94,High,0.7382799484245577,0.7382799484245577,0.012994323692930451,0.24872572788251243
54.86,-2.92,High,0.9632072620695105,0.9632072620695105,0.0013255067961926855,0.035467231134296756
54.86,-2.9,High,0.8654001517855809,0.8654001517855809,0.011293664987604299,0.1233061832268146
54.86,-2.88,High,0.6368278630732481,0.6368278630732481,0.04265185308665616,0.3205202838400959
54.86,-2.86,High,0.9129698820316079,0.9129698820316079,0.004333900073104188,0.08269621789528799
54.86,-2.84,High,0.8721426633635105,0.8721426633635105,0.0071526800909063925,0.1207046565455832
54.86,-2.82,Low,0.4369043409805149,0.12970463702690618,0.4369043409805149,0.433391021992579
54.86,-2.8000000000000003,Low,0.6505767720863765,0.03329829189714968,0.6505767720863765,0.316124936016474
54.86,-2.7800000000000002,Medium,0.5217324726687047,0.2610588236363017,0.21720870369499357,0.5217324726687047
54.86,-2.7600000000000002,Medium,0.5584946030238709,0.1500061704902037,0.29149922648592536,0.5584946030238709
54.86,-2.74,Medium,0.5742557900820131,0.15356481979879713,0.27217939011918985,0.5742557900820131
54.86,-2.72,Low,0.6484262563540151,0.025817802667876172,0.6484262563540151,0.32575594097810895
54.86,-2.7,Medium,0.4919098782234474,0.11760500780911082,0.39048511396744195,0.4919098782234474
54.88,-3.38,High,0.9588264870314568,0.9588264870314568,0.0017408759123808853,0.03943263705616303
54.88,-3.36,High,0.8440362026318282,0.8440362026318282,0.010591257779842284,0.14537253958832963
54.88,-3.34,Medium,0.4507934115578358,0.4416648429007887,0.1075417455413755,0.4507934115578358
54.88,-3.2600000000000002,High,0.4436028162896984,0.4436028162896984,0.13433105403279366,0.42206612967750784
54.88,-3.24,Medium,0.4392325380956523,0.42524636602640753,0.1355210958779402,0.4392325380956523
54.88,-3.22,High,0.7717622705793258,0.7717622705793258,0.01165545336167883,0.21658227605899602
54.88,-3.2,High,0.7230793984676093,0.7230793984676093,0.026456890771555604,0.250463710760835
54.88,-3.18,Medium,0.5236127600475451,0.13803359704755722,0.33835364290489767,0.5236127600475451
54.88,-3.16,Medium,0.5023389507389071,0.1389571312679907,0.35870391799310214,0.5023389507389071
54.88,-3.14,High,0.779776721182413,0.779776721182413,0.015694525199612116,0.20452875361797498
54.88,-3.12,Medium,0.5267044246685714,0.1484325374035538,0.3248630379278749,0.5267044246685714
54.88,-3.04,High,0.7816845498521893,0.7816845498521893,0.014372108500670744,0.20394334164713984
54.88,-3.02,Medium,0.5863386206642105,0.15674262437259873,0.2569187549631911,0.5863386206642105
54.88,-3.0,Medium,0.5311331527932761,0.2684444811199337,0.20042236608678995,0.5311331527932761
54.88,-2.98,High,0.8836993947264814,0.8836993947264814,0.001046518488407544,0.11525408678511095
54.88,-2.96,High,0.9675961581373508,0.9675961581373508,0.0007692706027374739,0.03163457125991208
54.88,-2.94,High,0.9580736735015618,0.9580736735015618,0.0007119920712618745,0.04121433442717663
54.88,-2.92,High,0.9645000300340456,0.9645000300340456,0.0007642252028113528,0.034735744763143346
54.88,-2.9,High,0.8853845367584009,0.8853845367584009,0.000739808821860729,0.11387565441973804
54.88,-2.88,High,0.9375253191703508,0.9375253191703508,0.001604387285085675,0.06087029354456362
54.88,-2.86,Medium,0.4453630322896314,0.3771149112388825,0.17752205647148603,0.4453630322896314
54.88,-2.84,High,0.9630333060540697,0.9630333060540697,0.0012846035401520768,0.03568209040577863
54.88,-2.82,High,0.932627091050823,0.932627091050823,0.0025714853683811907,0.06480142358079545
54.88,-2.8000000000000003,High,0.82361545423466,0.82361545423466,0.008507617058865168,0.16787692870647553
54.88,-2.7800000000000002,High,0.9205516905763812,0.9205516905763812,0.004317287828640503,0.07513102159497785
54.88,-2.7600000000000002,Medium,0.4821977091555796,0.3231456801073743,0.1946566107370459,0.4821977091555796
54.88,-2.74,Medium,0.4715308147871719,0.08720122911619682,0.4412679560966313,0.4715308147871719
54.88,-2.72,Medium,0.5153617053301542,0.11838422315863814,0.3662540715112075,0.5153617053301542
54.88,-2.68,Low,0.5923120422358593,0.03577277161874954,0.5923120422358593,0.37191518614539093
54.9,-3.36,Medium,0.5332466074781705,0.1909485475568552,0.2758048449649746,0.5332466074781705
54.9,-3.2600000000000002,Medium,0.545292570292292,0.1927400494247795,0.26196738028292865,0.545292570292292
54.9,-3.24,Medium,0.4918923721986448,0.09117196728858494,0.4169356605127701,0.4918923721986448
54.9,-3.22,Medium,0.46379038186466504,0.40000500569185177,0.1362046124434831,0.46379038186466504
54.9,-3.2,High,0.9444862431329382,0.9444862431329382,0.002246555045971304,0.05326720182109036
54.9,-3.18,Medium,0.47240533830014286,0.41829404435416945,0.10930061734568794,0.47240533830014286
54.9,-3.16,Medium,0.5221743803037949,0.21880468560224822,0.2590209340939571,0.5221743803037949
54.9,-3.14,Low,0.6338736818069538,0.029039691274578488,0.6338736818069538,0.3370866269184682
54.9,-3.12,Medium,0.5420587798846774,0.20841143372530493,0.24952978639001774,0.5420587798846774
54.9,-3.1,Medium,0.4867693612562881,0.4162883861004811,0.0969422526432307,0.4867693612562881
54.9,-3.08,High,0.821270561335121,0.821270561335121,0.010502347196808717,0.16822709146807058
54.9,-3.06,High,0.885458417140977,0.885458417140977,0.005169326133235731,0.10937225672578783
54.9,-3.04,High,0.8621010050943518,0.8621010050943518,0.006597319427514325,0.13130167547813387
54.9,-3.02,High,0.5869595345272405,0.5869595345272405,0.04404863302529769,0.36899183244746203
54.9,-3.0,High,0.5200410426206052,0.5200410426206052,0.06486211945950394,0.41509683791989105
54.9,-2.98,High,0.9717358208177764,0.9717358208177764,0.0008014289544094216,0.027462750227814667
54.9,-2.96,High,0.6178034143506467,0.6178034143506467,0.002333960411771538,0.3798626252375815
54.9,-2.94,High,0.938438749407374,0.938438749407374,0.00044994281954612687,0.06111130777307995
54.9,-2.92,High,0.9395502756811009,0.9395502756811009,0.0004555063064084865,0.059994218012490566
54.9,-2.9,High,0.9589755230143824,0.9589755230143824,0.0008356291928300767,0.0401888477927884
54.9,-2.88,High,0.9389551757260197,0.9389551757260197,0.0016020476832681223,0.059442776590711295
54.9,-2.86,High,0.7883058533482417,0.7883058533482417,0.017885727381378707,0.19380841927037998
54.9,-2.84,High,0.7710708505890613,0.7710708505890613,0.018130978170863104,0.21079817124007538
54.9,-2.82,High,0.9391189100258248,0.9391189100258248,0.0044780260775712614,0.056403063896604315
54.9,-2.8000000000000003,High,0.8620544442240301,0.8620544442240301,0.005860234261984112,0.132085321513986
54.9,-2.7800000000000002,High,0.4898270163191817,0.4898270163191817,0.08758806695718029,0.4225849167236384
54.9,-2.7600000000000002,High,0.754182002854257,0.754182002854257,0.010733619725337063,0.23508437742040594
54.9,-2.74,Medium,0.47126309462271476,0.34264769184081245,0.18608921353647298,0.47126309462271476
54.9,-2.72,High,0.7668478702722575,0.7668478702722575,0.011999394072696174,0.22115273565504615
54.9,-2.7,High,0.503484789028055,0.503484789028055,0.0973311991721257,0.39918401179981877
54.9,-2.66,Low,0.6595912204503473,0.021436061095282687,0.6595912204503473,0.31897271845437036
54.92,-3.3000000000000003,Low,0.4674626372683116,0.08529185585092308,0.4674626372683116,0.44724550688076553
54.92,-3.2600000000000002,Low,0.6707256624887765,0.023514481257955803,0.6707256624887765,0.305759856253268
54.92,-3.24,High,0.7089583951970555,0.7089583951970555,0.024645755333479392,0.2663958494694652
54.92,-3.22,Medium,0.5057499988935561,0.35378857012661624,0.14046143097982758,0.5057499988935561
54.92,-3.2,Medium,0.45453908339182997,0.436604694153006,0.10885622245516366,0.45453908339182997
54.92,-3.18,Medium,0.47081974984329134,0.32761895774639904,0.20156129241030973,0.47081974984329134
54.92,-3.14,Medium,0.45957870272970497,0.3764963617091614,0.1639249355611338,0.45957870272970497
54.92,-3.12,Low,0.6583670012895797,0.0273181282519276,0.6583670012895797,0.3143148704584927
54.92,-3.1,High,0.7213822392748463,0.7213822392748463,0.025709918917373772,0.25290784180778025
54.92,-3.08,High,0.7771744734716234,0.7771744734716234,0.020523467421763395,0.2023020591066134
54.92,-3.06,High,0.9250872602240446,0.9250872602240446,0.0029780487100314074,0.07193469106592348
54.92,-3.04,Medium,0.5269725144345331,0.24608842022014962,0.2269390653453174,0.5269725144345331
54.92,-3.02,High,0.944131092295279,0.944131092295279,0.0025446400510488352,0.053324267653672486
54.92,-3.0,High,0.9190930544867281,0.9190930544867281,0.002087711938839814,0.07881923357443216
54.92,-2.98,High,0.5413976370087881,0.5413976370087881,0.07765707220995458,0.3809452907812574
54.92,-2.96,High,0.973574055507308,0.973574055507308,0.0008411827210758221,0.025584761771616667
54.92,-2.94,High,0.9643276738062417,0.9643276738062417,0.000742440393373628,0.03492988580038501
54.92,-2.92,High,0.9696631049798381,0.9696631049798381,0.0005638059305350381,0.029773089089627454
54.92,-2.9,High,0.9240744911288785,0.9240744911288785,0.002817361910063882,0.07310814696105841
54.92,-2.88,High,0.6416181064989951,0.6416181064989951,0.049511896914522534,0.308869996586482
54.92,-2.86,High,0.950287541315697,0.950287541315697,0.0014612445893733533,0.04825121409492996
54.92,-2.84,Low,0.5645591357935774,0.11870100532042355,0.5645591357935774,0.3167398588859991
54.92,-2.82,Medium,0.4624688760060936,0.45367870678948785,0.08385241720441908,0.4624688760060936
54.92,-2.8000000000000003,High,0.4604645498740975,0.4604645498740975,0.08081457969846637,0.4587208704274361
54.92,-2.7800000000000002,High,0.8825981553066314,0.8825981553066314,0.007338788752255788,0.11006305594111333
54.92,-2.7600000000000002,High,0.860376584357215,0.860376584357215,0.0038379163527869713,0.13578549928999809
54.92,-2.74,High,0.9047674007859703,0.9047674007859703,0.0005323327020017552,0.09470026651202774
54.92,-2.72,Medium,0.5177411874520582,0.16380018747261424,0.31845862507532724,0.5177411874520582
54.92,-2.7,Medium,0.5193918891691061,0.3336959996748849,0.1469121111560088,0.5193918891691061
54.92,-2.66,High,0.7899415332528456,0.7899415332528456,0.018486336740834004,0.191572130006321
54.92,-2.64,High,0.5662210831724525,0.5662210831724525,0.05106478053378563,0.38271413629376205
54.92,-2.62,Low,0.7066376513764066,0.01615483001722732,0.7066376513764066,0.277207518606366
54.92,-2.6,Medium,0.5123289552920454,0.17655660016250127,0.3111144445454532,0.5123289552920454
54.92,-2.56,Medium,0.5033077301954149,0.27283153077070227,0.22386073903388262,0.5033077301954149
54.94,-3.2800000000000002,Low,0.8096548032024192,0.01169154090799702,0.8096548032024192,0.17865365588958376
54.94,-3.2600000000000002,Medium,0.5243262305527628,0.10178892490924385,0.37388484453799337,0.5243262305527628
54.94,-3.24,Medium,0.5406742049661362,0.18138454646869595,0.27794124856516794,0.5406742049661362
54.94,-3.22,Low,0.6796994152094961,0.02384716911283435,0.6796994152094961,0.29645341567766964
54.94,-3.2,Medium,0.5112412288994406,0.08652669137665779,0.4022320797239017,0.5112412288994406
54.94,-3.18,High,0.8380273479326358,0.8380273479326358,0.009106772183154754,0.15286587988420977
54.94,-3.16,Low,0.5258665477530462,0.05231972306677525,0.5258665477530462,0.4218137291801783
54.94,-3.04,Medium,0.6016738434076104,0.11148624684621813,0.286839909746172,0.6016738434076104
54.94,-3.02,Medium,0.4620707141485852,0.43500294543046875,0.10292634042094619,0.4620707141485852
54.94,-3.0,High,0.9665081734728597,0.9665081734728597,0.0009671969569787845,0.03252462957016243
54.94,-2.98,High,0.6693638845888682,0.6693638845888682,0.020027118587304833,0.310608996823827
54.94,-2.96,High,0.8163320033019168,0.8163320033019168,0.013851128575845598,0.16981686812223773
54.94,-2.94,High,0.9650962622702841,0.9650962622702841,0.000906696909151574,0.03399704082056431
54.94,-2.92,High,0.9036154805741121,0.9036154805741121,0.00280782333398383,0.09357669609190422
54.94,-2.9,Medium,0.49559002593793927,0.3793217518816138,0.12508822218044663,0.49559002593793927
54.94,-2.88,High,0.7066009738957366,0.7066009738957366,0.034656737771933906,0.2587422883323292
54.94,-2.86,Medium,0.47411855592049834,0.09667679101583106,0.4292046530636706,0.47411855592049834
54.94,-2.84,High,0.485319108690381,0.485319108690381,0.07691350468165273,0.4377673866279666
54.94,-2.82,Medium,0.5736096059486362,0.20206009606288775,0.22433029798847645,0.5736096059486362
54.94,-2.8000000000000003,High,0.5084790364896494,0.5084790364896494,0.07393766099950605,0.41758330251084513
54.94,-2.7800000000000002,High,0.646020838962103,0.646020838962103,0.04526783655661362,0.3087113244812833
54.94,-2.7600000000000002,Medium,0.5348391974193372,0.17110678750522393,0.2940540150754391,0.5348391974193372
54.94,-2.74,High,0.9737386668086886,0.9737386668086886,0.00046315215745269394,0.025798181033859183
54.94,-2.72,High,0.9419933330357096,0.9419933330357096,0.0012446474601708407,0.05676201950411972
54.94,-2.7,High,0.7289106981559165,0.7289106981559165,0.022195452202439587,0.24889384964164446
54.94,-2.68,High,0.7283652371178639,0.7283652371178639,0.02087320030233565,0.25076156257980053
54.94,-2.66,Medium,0.48955054167660284,0.14293371909264152,0.3675157392307557,0.48955054167660284
54.94,-2.64,Medium,0.5762465582489975,0.22377280793046997,0.19998063382053247,0.5762465582489975
54.94,-2.62,Medium,0.4677876844633861,0.10531987941606513,0.426892436120549,0.4677876844633861
54.94,-2.6,Low,0.48317753823708026,0.06597371973158021,0.48317753823708026,0.4508487420313396
54.94,-2.56,Low,0.7564991210220741,0.013215458963598634,0.7564991210220741,0.23028542001432728
54.96,-3.22,Medium,0.5246628952737822,0.12701324478350853,0.3483238599427089,0.5246628952737822
54.96,-3.02,High,0.916207970519766,0.916207970519766,0.0035910043069796605,0.08020102517325448
54.96,-3.0,High,0.6573570443217327,0.6573570443217327,0.03401988083705368,0.30862307484121415
54.96,-2.98,High,0.9229207143916547,0.9229207143916547,0.002701327215562193,0.07437795839278345
54.96,-2.96,High,0.7648589717403415,0.7648589717403415,0.01226304041739759,0.22287798784226073
54.96,-2.94,High,0.8740123806990624,0.8740123806990624,0.005967264254661836,0.12002035504627617
54.96,-2.92,Medium,0.4597339270722368,0.45134036802379685,0.08892570490396634,0.4597339270722368
54.96,-2.9,High,0.46141811040866976,0.46141811040866976,0.10073688294984243,0.43784500664148773
54.96,-2.88,High,0.8760915972993065,0.8760915972993065,0.00595556609506505,0.1179528366056278
54.96,-2.86,High,0.8668025401859003,0.8668025401859003,0.008503263865521223,0.12469419594857828
54.96,-2.84,Medium,0.5135275757866397,0.29118330304767504,0.1952891211656854,0.5135275757866397
54.96,-2.82,High,0.8796191148994273,0.8796191148994273,0.005404581637232953,0.1149763034633391
54.96,-2.8000000000000003,High,0.4897185001365344,0.4897185001365344,0.08355686584991874,0.4267246340135468
54.96,-2.7800000000000002,High,0.7254910041085522,0.7254910041085522,0.02937642796850237,0.2451325679229452
54.96,-2.7600000000000002,Medium,0.5219010138162086,0.2755654877417721,0.20253349844201907,0.5219010138162086
54.96,-2.74,Medium,0.5606397064738738,0.149880155411057,0.28948013811506934,0.5606397064738738
54.96,-2.72,Medium,0.46681778064390417,0.07631760626539609,0.4568646130906997,0.46681778064390417
54.96,-2.7,Medium,0.4853922420019409,0.40509304357174686,0.10951471442631208,0.4853922420019409
54.96,-2.68,Medium,0.5515614963904938,0.11186119920096957,0.33657730440853667,0.5515614963904938
54.96,-2.66,Medium,0.44755850384459495,0.41934422594947,0.1330972702059349,0.44755850384459495
54.96,-2.64,High,0.6977065896999,0.6977065896999,0.04596436147826338,0.2563290488218368
54.96,-2.6,Low,0.7574230275610095,0.0159959216730617,0.7574230275610095,0.2265810507659288
54.980000000000004,-3.04,Medium,0.5232403441932624,0.23638880305169657,0.24037085275504108,0.5232403441932624
54.980000000000004,-3.02,Medium,0.47159926015429965,0.44123599124861934,0.08716474859708105,0.47159926015429965
54.980000000000004,-3.0,Medium,0.5211488844054566,0.32400641095424265,0.15484470464030034,0.5211488844054566
54.980000000000004,-2.98,High,0.5943408126085941,0.5943408126085941,0.06450306129096862,0.34115612610043783
54.980000000000004,-2.96,High,0.955504124673282,0.955504124673282,0.001444158179770802,0.04305171714694721
54.980000000000004,-2.94,High,0.9412013365070557,0.9412013365070557,0.0006214617143328953,0.05817720177861142
54.980000000000004,-2.92,High,0.7498378957415168,0.7498378957415168,0.012812259862943966,0.23734984439553883
54.980000000000004,-2.9,Medium,0.44513492698232326,0.4366211107341663,0.11824396228351018,0.44513492698232326
54.980000000000004,-2.88,High,0.9489137168726753,0.9489137168726753,0.0019649103959594265,0.0491213727313651
54.980000000000004,-2.86,Medium,0.4553157893751555,0.4534923645406475,0.09119184608419696,0.4553157893751555
54.980000000000004,-2.84,Medium,0.5422110210848203,0.21463473866208127,0.2431542402530983,0.5422110210848203
54.980000000000004,-2.82,High,0.8462817112994782,0.8462817112994782,0.010604626289279946,0.14311366241124163
54.980000000000004,-2.8000000000000003,High,0.4523473239186416,0.4523473239186416,0.10097357392295223,0.44667910215840684
54.980000000000004,-2.7600000000000002,Medium,0.5128067206209928,0.18415954406440477,0.3030337353146021,0.5128067206209928
54.980000000000004,-2.74,Medium,0.4857660735836004,0.3688041341231402,0.14542979229326017,0.4857660735836004
54.980000000000004,-2.72,Medium,0.4981662491887513,0.3722298386365782,0.12960391217467077,0.4981662491887513
54.980000000000004,-2.7,Medium,0.542257733949024,0.19154094859227025,0.2662013174587057,0.542257733949024
54.980000000000004,-2.68,Medium,0.5208792529505393,0.26248114850560617,0.21663959854385484,0.5208792529505393
54.980000000000004,-2.66,Low,0.6812155012744079,0.02206565710106057,0.6812155012744079,0.29671884162453155
54.980000000000004,-2.64,Medium,0.5394521344831339,0.17705923911717886,0.2834886263996871,0.5394521344831339
54.980000000000004,-2.62,Medium,0.5357419341435353,0.1480528604155902,0.3162052054408744,0.5357419341435353
54.980000000000004,-2.6,Low,0.6100981546552461,0.03296528856543145,0.6100981546552461,0.3569365567793226
54.980000000000004,-2.58,Medium,0.4925544360613192,0.38842927777377506,0.11901628616490567,0.4925544360613192
55.0,-3.04,High,0.6127694625889176,0.6127694625889176,0.04151713428877815,0.3457134031223043
55.0,-3.02,High,0.730411739676254,0.730411739676254,0.018194606260546795,0.25139365406319947
55.0,-3.0,High,0.89390082367972,0.89390082367972,0.0055440605782080465,0.10055511574207233
55.0,-2.98,High,0.880501188827523,0.880501188827523,0.005338475715585335,0.1141603354568912
55.0,-2.96,High,0.9733368489334745,0.9733368489334745,0.0006883346612779905,0.02597481640524773
55.0,-2.94,Medium,0.5253024217703351,0.3570659092084933,0.11763166902117157,0.5253024217703351
55.0,-2.92,High,0.7967105575228776,0.7967105575228776,0.017786375138162513,0.18550306733895983
55.0,-2.9,Medium,0.5000396097365088,0.36020275406207825,0.1397576362014129,0.5000396097365088
55.0,-2.88,High,0.5422990937459143,0.5422990937459143,0.08454779013408958,0.37315311611999613
55.0,-2.86,Medium,0.48149321231280234,0.24756992165264108,0.27093686603455686,0.48149321231280234
55.0,-2.84,High,0.7926556513734456,0.7926556513734456,0.014084971529061434,0.1932593770974927
55.0,-2.82,High,0.8543687969454845,0.8543687969454845,0.00814954959082404,0.13748165346369126
55.0,-2.8000000000000003,Medium,0.5351448055278352,0.11968469345043851,0.3451705010217265,0.5351448055278352
55.0,-2.7800000000000002,Medium,0.45450338390452316,0.10458572224263049,0.4409108938528459,0.45450338390452316
55.0,-2.74,High,0.49932714602904954,0.49932714602904954,0.08529205116096836,0.41538080280998224
55.0,-2.72,Medium,0.5254602717850904,0.08679787038614056,0.3877418578287691,0.5254602717850904
55.0,-2.7,Medium,0.49276918436781864,0.35364882225562466,0.15358199337655692,0.49276918436781864
55.0,-2.68,High,0.5077704868104628,0.5077704868104628,0.06577353739470725,0.4264559757948303
55.0,-2.66,Low,0.44483107960967894,0.11254375992240621,0.44483107960967894,0.44262516046791506
55.0,-2.64,Low,0.6973271051183083,0.021878133613277576,0.6973271051183083,0.2807947612684138
55.0,-2.6,Medium,0.47203091303521555,0.056215917905074964,0.4717531690597094,0.47203091303521555
55.0,-2.58,Medium,0.505767232489561,0.38034252070903457,0.11389024680140437,0.505767232489561
55.02,-3.0,High,0.6321782085269444,0.6321782085269444,0.03917241118001209,0.3286493802930434
55.02,-2.98,High,0.960099193386329,0.960099193386329,0.0008359641629488812,0.039064842450722795
55.02,-2.96,High,0.9737194832383581,0.9737194832383581,0.000590758309573966,0.0256897584520689
55.02,-2.94,Medium,0.4795572477939601,0.12298511447247158,0.3974576377335686,0.4795572477939601
55.02,-2.92,High,0.7461454392486746,0.7461454392486746,0.01906873041385971,0.23478583033746528
55.02,-2.9,Medium,0.5350056915341426,0.28693922025712876,0.1780550882087286,0.5350056915341426
55.02,-2.88,Medium,0.45154482448871425,0.44915096828788137,0.09930420722340451,0.45154482448871425
55.02,-2.86,Medium,0.49328328428188956,0.13118636913285184,0.37553034658525875,0.49328328428188956
55.02,-2.84,Medium,0.5166969287104114,0.07960096276207311,0.40370210852751565,0.5166969287104114
55.02,-2.82,High,0.5397875561868719,0.5397875561868719,0.06481334126712965,0.3953991025459987
55.02,-2.8000000000000003,Low,0.5591261753445349,0.04188357484116735,0.5591261753445349,0.3989902498142974
55.02,-2.7800000000000002,Low,0.5396775111564178,0.03779923343762949,0.5396775111564178,0.4225232554059527
55.02,-2.7600000000000002,Medium,0.5249348807347117,0.19504239306998097,0.28002272619530727,0.5249348807347117
55.02,-2.74,Medium,0.47750468955909403,0.11507908070520903,0.40741622973569724,0.47750468955909403
55.02,-2.72,Medium,0.5170562396043135,0.30988135306832815,0.17306240732735842,0.5170562396043135
55.02,-2.7,High,0.9313632220379294,0.9313632220379294,0.0023498822145762957,0.0662868957474935
55.02,-2.68,Low,0.4830150424327889,0.13313425467823087,0.4830150424327889,0.3838507028889804
55.02,-2.66,Low,0.7273692175358397,0.014657095917030087,0.7273692175358397,0.2579736865471299
55.02,-2.6,High,0.9192448558322762,0.9192448558322762,0.002718791960462593,0.07803635220726111
55.04,-2.98,High,0.5079583573730818,0.5079583573730818,0.0654602219591607,0.4265814206677581
55.04,-2.96,High,0.5093802434651418,0.5093802434651418,0.08133660872164025,0.409283147813218
55.04,-2.94,Medium,0.44789515544551173,0.432431306927367,0.11967353762712162,0.44789515544551173
55.04,-2.9,High,0.9382071266097628,0.9382071266097628,0.00198791562091805,0.05980495776931884
55.04,-2.88,Medium,0.4650542383618589,0.3196905913929619,0.2152551702451796,0.4650542383618589
55.04,-2.86,Medium,0.5146434744360946,0.30661814923516567,0.1787383763287397,0.5146434744360946
55.04,-2.84,Medium,0.5503053585933817,0.19867916570709762,0.2510154756995207,0.5503053585933817
55.04,-2.82,Medium,0.4772247224756856,0.3838662455082258,0.13890903201608876,0.4772247224756856
55.04,-2.8000000000000003,Medium,0.4836249512432415,0.14996743773071125,0.366407611026047,0.4836249512432415
55.04,-2.7800000000000002,High,0.6217429719087988,0.6217429719087988,0.041013144148315445,0.3372438839428864
55.04,-2.7600000000000002,Low,0.4568467049041891,0.09972294663497508,0.4568467049041891,0.44343034846083546
55.04,-2.74,Low,0.49225663946851567,0.06918388926499537,0.49225663946851567,0.43855947126648914
55.04,-2.68,Low,0.5042555416735619,0.10587904507783706,0.5042555416735619,0.3898654132486008
55.06,-2.94,Low,0.6818468618829379,0.02148576990248557,0.6818468618829379,0.2966673682145768
55.06,-2.92,High,0.5676272898292622,0.5676272898292622,0.05945117404633225,0.3729215361244059
55.06,-2.9,Medium,0.4626025022074668,0.24532712969582293,0.29207036809671044,0.4626025022074668
55.06,-2.88,Medium,0.4895653828236639,0.13341099397456335,0.37702362320177274,0.4895653828236639
55.06,-2.86,High,0.45924222425429756,0.45924222425429756,0.09709368304168803,0.44366409270401486
55.06,-2.84,Medium,0.5154582908056791,0.11288613321760003,0.3716555759767217,0.5154582908056791
55.06,-2.82,Medium,0.560472773118622,0.1465669935609133,0.29296023332046495,0.560472773118622
55.06,-2.8000000000000003,Medium,0.5216520039405844,0.15922183368309656,0.31912616237631886,0.5216520039405844
55.06,-2.7800000000000002,High,0.9170341630473574,0.9170341630473574,0.0029098076483858983,0.08005602930425657
55.06,-2.7600000000000002,High,0.6975361008970664,0.6975361008970664,0.02839188220094581,0.2740720169019883
55.06,-2.74,Low,0.7384091215657718,0.013285359083969996,0.7384091215657718,0.24830551935025894
55.06,-2.72,Medium,0.5533288266243372,0.1389422801522778,0.307728893223385,0.5533288266243372
55.06,-2.7,Low,0.5332067244000286,0.062430989026125684,0.5332067244000286,0.4043622865738461
55.06,-2.68,Medium,0.5392011918169278,0.15868741505740483,0.3021113931256667,0.5392011918169278
55.08,-2.92,Low,0.641025397050462,0.027438344683062454,0.641025397050462,0.33153625826647526
55.08,-2.9,Low,0.6087648077318737,0.02436107190892228,0.6087648077318737,0.36687412035920436
55.08,-2.88,Medium,0.5154419225912591,0.3329813647341446,0.1515767126745961,0.5154419225912591
55.08,-2.86,Medium,0.5253189926552202,0.3383489304873833,0.13633207685739612,0.5253189926552202
55.08,-2.84,Medium,0.5091689784392119,0.2940729120110218,0.19675810954976608,0.5091689784392119
55.08,-2.82,Low,0.6719699814775368,0.02125515865415074,0.6719699814775368,0.3067748598683124
55.08,-2.7800000000000002,Low,0.4713404887236193,0.08398909439339958,0.4713404887236193,0.4446704168829806
55.08,-2.7600000000000002,Medium,0.5017138846984138,0.3605610435655617,0.13772507173602438,0.5017138846984138
55.08,-2.74,Low,0.5935049609162276,0.038254120905145024,0.5935049609162276,0.3682409181786274
55.08,-2.7,Medium,0.5151688530639345,0.19123632826767525,0.2935948186683901,0.5151688530639345
55.08,-2.68,Medium,0.5228352743359345,0.1150508677993101,0.3621138578647553,0.5228352743359345
55.1,-2.88,Medium,0.47137498827283186,0.11480048559209044,0.4138245261350776,0.47137498827283186
55.1,-2.86,High,0.6074531935987886,0.6074531935987886,0.0474676161570784,0.34507919024413325
55.1,-2.84,Medium,0.47811593888495113,0.41522045574545774,0.10666360536959095,0.47811593888495113
55.1,-2.82,Medium,0.5162393925497778,0.19002648800804794,0.29373411944217426,0.5162393925497778
55.1,-2.8000000000000003,Low,0.7915383823647454,0.00883723204376072,0.7915383823647454,0.19962438559149465
55.1,-2.7600000000000002,Medium,0.4960184175257117,0.36368150500798185,0.14030007746630666,0.4960184175257117
55.1,-2.74,Low,0.504239331648304,0.0660713429469277,0.504239331648304,0.42968932540476773
55.1,-2.72,Low,0.4654917037978264,0.08859831039876434,0.4654917037978264,0.44590998580340896
55.120000000000005,-2.82,Medium,0.4645388412343898,0.08947510519751316,0.44598605356809706,0.4645388412343898
55.120000000000005,-2.7600000000000002,Medium,0.5144597391361456,0.14366593152765253,0.34187432933620215,0.5144597391361456
55.14,-2.82,Medium,0.4994379770774991,0.11583533829429682,0.3847266846282041,0.4994379770774991
55.14,-2.7800000000000002,Low,0.8155232830530866,0.009254265255523088,0.8155232830530866,0.17522245169139017
